,age,job,marital,education,default,housing,loan,contact,month,day_of_week,duration,campaign,pdays,previous,poutcome,y
0,40,technician,single,university.degree,no,no,no,cellular,nov,mon,130.0,1,7,2,failure,yes
1,45,unemployed,married,professional.course,no,yes,yes,cellular,aug,fri,98.0,5,999,0,nonexistent,no
2,33,admin.,single,university.degree,no,yes,no,cellular,jul,mon,182.0,1,999,0,nonexistent,no
3,29,technician,married,university.degree,no,no,no,telephone,may,fri,410.0,3,999,0,nonexistent,no
4,55,retired,married,basic.4y,no,no,no,cellular,jun,tue,130.0,2,999,0,nonexistent,no
5,29,admin.,single,high.school,no,yes,no,cellular,may,thu,566.0,2,999,0,nonexistent,yes
6,49,blue-collar,married,professional.course,unknown,no,no,telephone,may,mon,144.0,6,999,0,nonexistent,no
7,47,blue-collar,married,professional.course,unknown,yes,no,telephone,may,tue,15.0,11,999,0,nonexistent,no
8,46,admin.,married,high.school,no,yes,no,telephone,may,wed,100.0,4,999,0,nonexistent,no
9,36,admin.,married,university.degree,no,no,no,cellular,aug,thu,63.0,1,999,0,nonexistent,no
10,20,student,single,basic.4y,no,yes,no,cellular,aug,wed,131.0,1,999,1,failure,yes
11,53,blue-collar,married,basic.4y,unknown,yes,no,cellular,apr,mon,583.0,2,999,1,failure,yes
12,37,technician,single,university.degree,no,yes,no,cellular,apr,mon,6.0,2,999,0,nonexistent,no
13,53,blue-collar,married,basic.9y,no,yes,no,telephone,may,wed,166.0,1,999,0,nonexistent,no
14,36,entrepreneur,married,unknown,unknown,yes,no,telephone,may,fri,181.0,1,999,0,nonexistent,no
15,35,blue-collar,married,basic.6y,no,no,no,cellular,may,thu,112.0,1,999,1,failure,no
16,37,services,divorced,high.school,no,no,no,cellular,jul,thu,98.0,3,999,0,nonexistent,no
17,37,management,married,university.degree,unknown,no,yes,telephone,jun,mon,179.0,7,999,0,nonexistent,no
18,27,technician,single,professional.course,no,no,no,cellular,jul,mon,357.0,3,999,0,nonexistent,no
19,57,admin.,married,university.degree,no,no,yes,telephone,may,mon,327.0,1,999,0,nonexistent,no
20,36,services,married,high.school,no,yes,no,telephone,may,fri,352.0,2,999,0,nonexistent,no
21,32,technician,single,high.school,no,yes,no,cellular,may,thu,491.0,2,999,0,nonexistent,no
22,36,technician,single,professional.course,no,no,no,telephone,jul,thu,237.0,7,999,0,nonexistent,no
23,33,admin.,married,high.school,no,no,no,telephone,jun,tue,96.0,2,999,0,nonexistent,no
24,43,admin.,married,university.degree,unknown,yes,no,telephone,may,fri,2016.0,2,999,0,nonexistent,yes
25,25,admin.,married,university.degree,no,unknown,unknown,cellular,may,mon,612.0,7,999,0,nonexistent,yes
26,39,technician,single,university.degree,no,no,no,cellular,jul,wed,31.0,1,999,0,nonexistent,no
27,40,blue-collar,married,basic.9y,no,yes,no,cellular,jun,wed,133.0,3,3,2,success,no
28,39,admin.,married,university.degree,unknown,yes,no,cellular,aug,thu,368.0,1,999,0,nonexistent,no
29,45,blue-collar,married,basic.9y,unknown,no,no,telephone,may,tue,121.0,1,999,0,nonexistent,no
30,27,technician,single,unknown,no,no,no,cellular,oct,tue,404.0,1,999,0,nonexistent,no
31,57,admin.,married,professional.course,no,unknown,unknown,cellular,jul,mon,127.0,6,999,0,nonexistent,no
32,25,admin.,single,university.degree,no,yes,no,cellular,oct,mon,123.0,1,999,0,nonexistent,no
33,41,entrepreneur,married,university.degree,no,yes,yes,telephone,jul,tue,381.0,4,999,0,nonexistent,no
34,39,technician,married,high.school,no,no,no,cellular,nov,fri,749.0,2,999,0,nonexistent,yes
35,51,technician,married,basic.6y,no,yes,no,cellular,jul,tue,166.0,2,999,0,nonexistent,no
36,61,management,married,professional.course,no,no,no,cellular,sep,tue,380.0,1,999,0,nonexistent,no
37,53,retired,married,basic.9y,no,yes,yes,cellular,jul,thu,58.0,2,999,0,nonexistent,no
38,35,technician,married,professional.course,no,no,no,cellular,may,wed,66.0,2,999,0,nonexistent,no
39,58,management,married,university.degree,no,no,no,cellular,aug,mon,164.0,2,999,0,nonexistent,no
40,38,blue-collar,single,basic.9y,unknown,yes,no,cellular,jul,mon,72.0,3,999,0,nonexistent,no
41,48,admin.,divorced,university.degree,no,yes,no,cellular,jul,thu,294.0,4,999,0,nonexistent,no
42,43,technician,single,professional.course,unknown,yes,no,telephone,jul,wed,39.0,7,999,0,nonexistent,no
43,26,admin.,single,university.degree,no,no,no,cellular,nov,fri,528.0,3,999,0,nonexistent,yes
44,55,management,married,basic.6y,unknown,no,yes,cellular,may,fri,87.0,1,999,0,nonexistent,no
45,25,technician,single,university.degree,no,no,yes,cellular,nov,wed,79.0,4,999,0,nonexistent,no
46,25,blue-collar,married,basic.9y,no,no,no,cellular,may,wed,201.0,3,999,0,nonexistent,no
47,55,unemployed,married,basic.4y,unknown,yes,yes,telephone,jun,fri,95.0,2,999,0,nonexistent,no
48,38,management,married,university.degree,no,yes,no,cellular,may,wed,187.0,2,2,1,success,yes
49,64,admin.,married,university.degree,no,no,yes,telephone,apr,thu,766.0,3,2,1,success,yes
50,37,blue-collar,married,basic.6y,unknown,yes,no,telephone,jul,thu,95.0,1,999,0,nonexistent,no
51,31,blue-collar,single,high.school,no,yes,no,cellular,jul,tue,162.0,3,999,0,nonexistent,no
52,32,blue-collar,single,high.school,no,no,no,cellular,jun,mon,197.0,1,999,1,failure,no
53,43,blue-collar,married,basic.6y,unknown,yes,no,cellular,apr,mon,353.0,4,999,0,nonexistent,no
54,25,admin.,single,high.school,unknown,no,no,cellular,jul,mon,252.0,1,999,0,nonexistent,no
55,43,admin.,married,professional.course,no,yes,no,telephone,jun,thu,193.0,2,999,0,nonexistent,no
56,56,management,married,university.degree,no,no,no,cellular,nov,wed,98.0,1,999,0,nonexistent,no
57,30,admin.,divorced,university.degree,no,no,no,cellular,nov,tue,453.0,1,999,0,nonexistent,yes
58,46,services,married,basic.9y,no,no,no,cellular,jul,tue,630.0,2,999,0,nonexistent,no
59,58,self-employed,married,basic.6y,unknown,yes,no,cellular,aug,thu,157.0,5,999,0,nonexistent,no
60,41,blue-collar,married,basic.9y,unknown,no,no,telephone,jun,tue,13.0,13,999,0,nonexistent,no
61,40,management,married,university.degree,no,no,no,cellular,jul,tue,88.0,2,999,0,nonexistent,no
62,26,student,single,university.degree,no,no,yes,cellular,may,mon,90.0,2,999,0,nonexistent,no
63,49,technician,married,professional.course,unknown,unknown,unknown,telephone,may,wed,865.0,2,999,0,nonexistent,no
64,34,admin.,single,high.school,no,no,yes,telephone,may,fri,74.0,5,999,0,nonexistent,no
65,32,admin.,married,high.school,no,no,no,telephone,may,fri,129.0,1,999,0,nonexistent,no
66,30,admin.,married,high.school,no,unknown,unknown,cellular,nov,mon,104.0,1,999,1,failure,no
67,30,management,divorced,university.degree,no,no,yes,telephone,may,fri,164.0,4,999,0,nonexistent,no
68,21,student,single,high.school,no,no,no,cellular,oct,tue,362.0,1,999,0,nonexistent,yes
69,37,admin.,married,university.degree,no,no,no,cellular,jun,wed,167.0,1,999,0,nonexistent,no
70,45,blue-collar,married,basic.9y,no,no,no,telephone,jun,wed,230.0,13,999,0,nonexistent,no
71,55,admin.,married,high.school,no,no,yes,telephone,may,thu,134.0,4,999,0,nonexistent,no
72,35,technician,married,professional.course,no,no,no,cellular,aug,mon,80.0,1,999,0,nonexistent,no
73,35,admin.,married,high.school,no,no,no,telephone,jun,wed,113.0,2,999,0,nonexistent,no
74,33,admin.,married,university.degree,no,no,no,cellular,nov,tue,843.0,1,999,0,nonexistent,yes
75,44,blue-collar,married,basic.9y,unknown,no,no,telephone,may,tue,472.0,1,999,0,nonexistent,no
76,42,technician,married,professional.course,no,no,no,telephone,aug,mon,79.0,1,999,0,nonexistent,no
77,31,admin.,divorced,high.school,no,no,no,telephone,may,mon,488.0,3,999,0,nonexistent,no
78,42,services,married,professional.course,no,yes,no,telephone,may,fri,149.0,1,999,0,nonexistent,no
79,52,blue-collar,divorced,basic.9y,no,no,no,cellular,jul,wed,630.0,4,999,0,nonexistent,no
80,37,admin.,married,university.degree,no,no,no,cellular,aug,tue,85.0,2,999,0,nonexistent,no
81,43,admin.,single,high.school,no,yes,no,cellular,jul,thu,66.0,1,999,0,nonexistent,no
82,46,admin.,married,high.school,no,yes,no,cellular,aug,tue,252.0,3,999,0,nonexistent,no
83,68,management,married,basic.9y,no,yes,no,cellular,dec,thu,97.0,1,999,2,failure,no
84,28,admin.,single,university.degree,no,no,no,cellular,jun,mon,114.0,1,999,0,nonexistent,no
85,26,admin.,single,high.school,no,no,no,cellular,jul,fri,1310.0,2,999,0,nonexistent,yes
86,27,admin.,single,university.degree,no,yes,no,cellular,may,thu,1543.0,4,999,0,nonexistent,yes
87,33,entrepreneur,married,university.degree,unknown,yes,no,cellular,may,wed,585.0,2,999,1,failure,no
88,35,technician,married,professional.course,no,yes,no,cellular,aug,mon,132.0,4,999,0,nonexistent,no
89,51,admin.,married,high.school,no,no,no,telephone,jun,fri,22.0,12,999,0,nonexistent,no
90,55,management,married,basic.9y,no,yes,no,cellular,jul,wed,90.0,1,999,0,nonexistent,no
91,49,technician,married,university.degree,no,yes,no,cellular,aug,wed,552.0,2,999,0,nonexistent,no
92,41,admin.,single,professional.course,no,no,no,cellular,aug,mon,139.0,6,999,0,nonexistent,no
93,55,blue-collar,divorced,basic.9y,no,yes,no,telephone,may,thu,190.0,6,999,0,nonexistent,no
94,41,blue-collar,married,basic.9y,no,yes,no,cellular,may,wed,233.0,2,999,0,nonexistent,no
95,49,technician,married,professional.course,unknown,unknown,unknown,cellular,aug,fri,254.0,2,999,0,nonexistent,no
96,32,blue-collar,single,basic.9y,no,no,no,cellular,may,wed,253.0,3,999,0,nonexistent,no
97,45,admin.,single,university.degree,no,no,no,cellular,aug,thu,505.0,1,999,0,nonexistent,yes
98,57,blue-collar,married,basic.4y,no,no,no,telephone,may,mon,164.0,2,999,0,nonexistent,no
99,29,services,single,high.school,no,no,no,cellular,nov,thu,91.0,1,999,0,nonexistent,no
100,29,services,divorced,high.school,no,no,no,telephone,may,wed,282.0,1,999,0,nonexistent,no
101,32,blue-collar,married,basic.6y,no,yes,no,telephone,may,wed,71.0,2,999,0,nonexistent,no
102,50,management,married,university.degree,unknown,no,no,cellular,jul,thu,118.0,1,999,0,nonexistent,no
103,42,blue-collar,married,basic.9y,unknown,yes,no,telephone,may,tue,163.0,2,999,0,nonexistent,no
104,53,technician,married,unknown,no,no,no,telephone,jun,thu,40.0,1,999,0,nonexistent,no
105,28,admin.,married,university.degree,no,no,no,cellular,apr,thu,115.0,2,999,1,failure,no
106,48,blue-collar,married,basic.6y,unknown,yes,no,cellular,may,wed,164.0,5,999,0,nonexistent,no
107,30,technician,single,professional.course,no,no,no,cellular,aug,fri,153.0,5,999,0,nonexistent,no
108,24,services,single,high.school,no,yes,no,telephone,may,thu,70.0,7,999,0,nonexistent,no
109,47,technician,married,professional.course,no,no,no,telephone,jun,tue,19.0,20,999,0,nonexistent,no
110,40,blue-collar,married,basic.9y,no,no,yes,telephone,jul,tue,1135.0,2,999,0,nonexistent,yes
111,29,technician,single,university.degree,no,no,no,cellular,may,mon,68.0,2,999,0,nonexistent,no
112,38,admin.,married,high.school,no,yes,no,cellular,nov,tue,192.0,2,999,0,nonexistent,no
113,38,blue-collar,married,basic.9y,unknown,unknown,unknown,cellular,jul,tue,319.0,4,999,0,nonexistent,no
114,30,technician,single,professional.course,no,yes,no,telephone,may,mon,220.0,3,999,0,nonexistent,no
115,33,admin.,single,university.degree,no,yes,yes,telephone,jun,wed,238.0,1,999,0,nonexistent,no
116,31,admin.,married,university.degree,no,no,no,telephone,jul,wed,238.0,8,999,0,nonexistent,no
117,29,admin.,married,high.school,no,yes,no,cellular,jun,wed,37.0,1,999,1,failure,no
118,44,admin.,married,basic.6y,no,yes,no,cellular,may,mon,170.0,1,999,0,nonexistent,no
119,32,admin.,single,professional.course,no,yes,no,cellular,mar,tue,159.0,2,999,0,nonexistent,no
120,45,management,divorced,university.degree,no,no,no,telephone,jun,mon,572.0,4,999,0,nonexistent,no
121,36,technician,married,high.school,no,yes,no,telephone,nov,mon,206.0,1,999,0,nonexistent,no
122,36,unemployed,divorced,high.school,no,no,yes,cellular,nov,mon,57.0,1,999,0,nonexistent,no
123,38,admin.,married,university.degree,no,yes,no,cellular,oct,wed,90.0,1,999,0,nonexistent,no
124,50,blue-collar,married,basic.4y,unknown,yes,no,telephone,may,mon,152.0,5,999,0,nonexistent,no
125,46,admin.,married,basic.6y,unknown,yes,no,cellular,may,mon,275.0,2,999,0,nonexistent,no
126,30,blue-collar,single,basic.4y,unknown,no,no,telephone,may,fri,130.0,1,999,0,nonexistent,no
127,54,management,married,university.degree,no,yes,yes,cellular,may,tue,198.0,1,999,1,failure,no
128,49,technician,married,basic.4y,no,yes,no,cellular,jul,thu,197.0,1,999,0,nonexistent,no
129,40,technician,married,basic.4y,no,no,yes,telephone,may,tue,195.0,1,999,0,nonexistent,no
130,42,admin.,married,basic.6y,no,no,no,telephone,may,tue,155.0,2,999,0,nonexistent,no
131,26,student,single,unknown,unknown,no,no,telephone,may,fri,277.0,5,999,0,nonexistent,no
132,45,housemaid,single,basic.4y,no,no,no,telephone,sep,mon,569.0,4,999,0,nonexistent,yes
133,36,blue-collar,married,high.school,no,yes,no,cellular,nov,thu,379.0,2,999,0,nonexistent,no
134,24,technician,married,university.degree,no,yes,yes,cellular,sep,tue,89.0,2,3,1,success,yes
135,57,blue-collar,married,basic.4y,no,no,yes,cellular,jul,wed,471.0,2,999,0,nonexistent,yes
136,52,blue-collar,married,basic.4y,no,yes,no,telephone,jun,mon,186.0,6,999,0,nonexistent,no
137,43,blue-collar,married,basic.4y,unknown,no,no,telephone,may,fri,42.0,8,999,0,nonexistent,no
138,26,housemaid,married,basic.4y,no,no,no,cellular,jul,thu,62.0,1,999,0,nonexistent,no
139,39,blue-collar,married,basic.9y,unknown,no,yes,cellular,jul,mon,51.0,1,999,0,nonexistent,no
140,38,services,married,high.school,no,yes,no,telephone,may,tue,392.0,3,999,0,nonexistent,no
141,33,services,married,high.school,no,yes,no,cellular,may,fri,88.0,1,999,0,nonexistent,no
142,38,admin.,single,university.degree,no,no,no,cellular,may,thu,219.0,2,999,0,nonexistent,no
143,60,entrepreneur,married,basic.4y,no,no,yes,telephone,may,wed,141.0,2,999,0,nonexistent,no
144,46,admin.,married,basic.9y,no,yes,yes,cellular,aug,tue,160.0,4,999,0,nonexistent,no
145,35,services,single,high.school,no,yes,no,telephone,mar,tue,187.0,3,999,0,nonexistent,yes
146,33,entrepreneur,single,university.degree,no,yes,no,cellular,may,mon,9.0,3,999,1,failure,no
147,51,management,divorced,university.degree,no,yes,no,telephone,jul,wed,219.0,2,999,0,nonexistent,no
148,41,technician,married,basic.9y,no,yes,no,telephone,may,wed,210.0,2,999,0,nonexistent,no
149,51,services,divorced,unknown,unknown,yes,no,telephone,jun,fri,16.0,3,999,0,nonexistent,no
150,25,admin.,single,high.school,no,no,no,cellular,jun,mon,95.0,1,999,0,nonexistent,no
151,26,services,single,high.school,no,yes,no,cellular,jul,tue,98.0,1,999,0,nonexistent,no
152,39,admin.,single,university.degree,unknown,no,no,telephone,may,thu,391.0,2,999,0,nonexistent,no
153,55,management,married,professional.course,no,yes,no,cellular,nov,wed,223.0,2,999,0,nonexistent,no
154,40,technician,married,professional.course,no,no,no,cellular,aug,tue,156.0,1,999,0,nonexistent,no
155,56,management,married,university.degree,no,yes,no,cellular,nov,wed,286.0,1,999,0,nonexistent,no
156,46,blue-collar,married,basic.4y,unknown,yes,no,cellular,aug,tue,58.0,3,999,0,nonexistent,no
157,36,admin.,married,high.school,no,no,no,cellular,apr,fri,78.0,2,999,0,nonexistent,no
158,35,admin.,single,professional.course,unknown,yes,no,telephone,may,tue,352.0,4,999,0,nonexistent,no
159,36,unemployed,married,high.school,no,yes,no,telephone,jun,tue,652.0,2,999,0,nonexistent,no
160,41,admin.,single,high.school,no,no,no,cellular,may,mon,722.0,4,999,0,nonexistent,yes
161,29,student,single,university.degree,no,yes,no,cellular,jul,wed,209.0,4,999,0,nonexistent,no
162,31,admin.,married,university.degree,no,yes,yes,cellular,aug,thu,12.0,5,999,0,nonexistent,no
163,48,admin.,divorced,high.school,no,yes,no,telephone,may,wed,34.0,1,999,0,nonexistent,no
164,55,management,married,university.degree,no,yes,yes,cellular,aug,tue,384.0,4,999,0,nonexistent,no
165,56,admin.,divorced,basic.6y,no,no,yes,cellular,jul,thu,174.0,8,999,0,nonexistent,no
166,56,services,single,high.school,no,yes,yes,cellular,nov,fri,12.0,4,999,0,nonexistent,no
167,42,admin.,divorced,high.school,no,yes,yes,cellular,apr,fri,57.0,1,999,0,nonexistent,no
168,27,self-employed,single,university.degree,no,yes,yes,cellular,may,thu,73.0,1,999,1,failure,no
169,31,admin.,married,basic.9y,no,yes,no,cellular,jul,mon,196.0,3,999,0,nonexistent,no
170,42,blue-collar,divorced,basic.9y,no,yes,no,telephone,may,wed,20.0,11,999,0,nonexistent,no
171,59,technician,married,professional.course,no,no,yes,cellular,aug,tue,138.0,2,999,0,nonexistent,no
172,39,management,married,university.degree,no,no,no,cellular,nov,thu,73.0,1,999,0,nonexistent,no
173,36,technician,divorced,university.degree,unknown,yes,no,telephone,may,tue,147.0,2,999,0,nonexistent,no
174,31,services,single,high.school,no,yes,no,cellular,may,wed,152.0,1,999,1,failure,no
175,30,blue-collar,married,basic.9y,no,no,no,cellular,jul,tue,189.0,1,999,0,nonexistent,no
176,30,technician,single,professional.course,no,yes,no,cellular,aug,mon,191.0,1,999,0,nonexistent,no
177,53,blue-collar,married,professional.course,no,yes,no,cellular,nov,mon,242.0,3,999,1,failure,no
178,69,retired,married,high.school,no,no,no,cellular,sep,fri,240.0,1,999,0,nonexistent,no
179,38,blue-collar,married,basic.6y,unknown,no,no,cellular,jul,thu,500.0,1,999,0,nonexistent,yes
180,49,blue-collar,married,basic.9y,unknown,yes,no,cellular,nov,wed,52.0,1,999,1,failure,no
181,34,technician,married,professional.course,no,yes,no,telephone,sep,mon,157.0,5,999,0,nonexistent,no
182,44,self-employed,single,professional.course,no,yes,no,cellular,may,mon,922.0,4,999,0,nonexistent,yes
183,60,blue-collar,married,basic.4y,unknown,yes,no,cellular,apr,mon,18.0,4,999,0,nonexistent,no
184,47,services,married,high.school,unknown,no,no,telephone,jun,wed,311.0,1,999,0,nonexistent,no
185,27,admin.,single,high.school,no,yes,no,cellular,jul,mon,112.0,1,999,0,nonexistent,no
186,31,services,married,high.school,no,no,no,telephone,may,wed,185.0,6,999,0,nonexistent,no
187,55,technician,unknown,unknown,unknown,no,no,telephone,jun,thu,667.0,3,999,0,nonexistent,no
188,39,technician,married,professional.course,no,no,no,cellular,aug,wed,85.0,14,999,0,nonexistent,no
189,33,admin.,divorced,high.school,no,no,no,cellular,apr,thu,148.0,1,999,0,nonexistent,no
190,32,housemaid,single,university.degree,unknown,yes,no,cellular,jul,tue,71.0,4,999,0,nonexistent,no
191,34,admin.,married,university.degree,no,no,no,cellular,may,wed,329.0,1,999,0,nonexistent,no
192,33,services,divorced,high.school,no,no,no,cellular,may,tue,262.0,2,999,0,nonexistent,no
193,45,blue-collar,divorced,basic.4y,no,yes,no,cellular,jul,wed,112.0,1,999,0,nonexistent,no
194,46,admin.,married,high.school,unknown,no,no,cellular,nov,mon,76.0,3,999,0,nonexistent,no
195,27,admin.,married,high.school,no,yes,no,cellular,may,wed,175.0,1,999,0,nonexistent,no
196,47,blue-collar,married,basic.9y,unknown,yes,yes,cellular,aug,thu,84.0,4,999,0,nonexistent,no
197,49,blue-collar,married,basic.4y,unknown,no,no,telephone,may,tue,190.0,1,999,0,nonexistent,no
198,32,admin.,single,university.degree,no,yes,no,cellular,jul,thu,117.0,1,999,0,nonexistent,no
199,48,admin.,divorced,university.degree,no,no,no,cellular,aug,thu,544.0,1,999,0,nonexistent,yes
200,47,blue-collar,married,basic.4y,no,no,yes,telephone,may,thu,199.0,1,999,0,nonexistent,no
201,56,technician,divorced,university.degree,unknown,no,no,cellular,jul,thu,59.0,12,999,0,nonexistent,no
202,35,admin.,single,high.school,no,yes,yes,telephone,may,tue,352.0,2,999,1,failure,no
203,30,technician,married,professional.course,no,no,yes,telephone,jun,mon,169.0,1,999,0,nonexistent,no
204,40,services,married,high.school,no,no,no,cellular,may,tue,74.0,8,999,1,failure,no
205,58,blue-collar,single,basic.4y,unknown,no,no,cellular,may,tue,304.0,2,999,1,failure,no
206,38,technician,single,high.school,no,yes,no,telephone,may,mon,272.0,6,999,0,nonexistent,no
207,56,technician,married,professional.course,unknown,no,no,telephone,may,tue,37.0,1,999,0,nonexistent,no
208,49,technician,married,professional.course,no,yes,no,cellular,jul,fri,190.0,4,999,0,nonexistent,no
209,42,technician,divorced,basic.9y,no,no,no,telephone,may,thu,192.0,1,999,0,nonexistent,no
210,30,admin.,single,university.degree,no,yes,no,cellular,nov,thu,513.0,2,999,0,nonexistent,no
211,52,blue-collar,married,basic.4y,no,yes,no,telephone,jun,mon,140.0,3,999,0,nonexistent,no
212,43,entrepreneur,married,high.school,no,no,yes,telephone,may,mon,127.0,2,999,0,nonexistent,no
213,51,self-employed,married,basic.4y,no,no,no,cellular,nov,mon,189.0,1,999,0,nonexistent,no
214,49,management,married,university.degree,no,yes,no,telephone,jul,fri,150.0,2,999,0,nonexistent,no
215,23,management,single,university.degree,no,yes,no,cellular,apr,tue,56.0,2,999,0,nonexistent,no
216,35,technician,married,university.degree,unknown,no,no,telephone,may,thu,215.0,1,999,0,nonexistent,no
217,32,admin.,married,university.degree,no,no,no,telephone,may,fri,389.0,4,999,1,failure,no
218,49,management,married,high.school,no,no,no,telephone,jun,fri,9.0,13,999,0,nonexistent,no
219,39,admin.,married,high.school,no,yes,no,cellular,apr,fri,479.0,2,999,0,nonexistent,no
220,41,blue-collar,married,basic.4y,unknown,yes,no,telephone,jul,tue,471.0,3,999,0,nonexistent,no
221,36,services,married,basic.9y,no,yes,no,cellular,aug,fri,215.0,1,999,1,failure,yes
222,49,admin.,married,university.degree,no,no,no,cellular,aug,tue,958.0,5,999,0,nonexistent,yes
223,34,services,divorced,high.school,no,yes,yes,cellular,may,fri,562.0,2,999,0,nonexistent,yes
224,62,technician,married,professional.course,no,yes,no,cellular,may,fri,181.0,2,999,1,failure,no
225,40,services,married,basic.6y,no,yes,no,cellular,jul,mon,137.0,3,999,0,nonexistent,no
226,36,self-employed,married,university.degree,no,no,no,cellular,may,mon,128.0,1,999,0,nonexistent,no
227,32,blue-collar,married,basic.6y,no,no,no,cellular,nov,thu,322.0,4,999,0,nonexistent,no
228,27,admin.,married,university.degree,no,unknown,unknown,cellular,jul,fri,352.0,1,999,0,nonexistent,no
229,26,admin.,married,high.school,no,yes,yes,cellular,oct,mon,183.0,2,999,0,nonexistent,no
230,35,admin.,single,high.school,no,yes,yes,telephone,may,mon,19.0,1,999,0,nonexistent,no
231,40,blue-collar,married,basic.9y,no,yes,no,telephone,jul,tue,428.0,2,999,0,nonexistent,no
232,52,management,divorced,high.school,no,unknown,unknown,telephone,may,mon,259.0,3,999,0,nonexistent,no
233,28,services,single,university.degree,no,yes,no,cellular,sep,mon,274.0,1,999,0,nonexistent,no
234,45,admin.,single,university.degree,no,yes,no,cellular,jun,thu,207.0,1,999,0,nonexistent,yes
235,48,blue-collar,married,basic.6y,no,yes,no,cellular,jul,wed,79.0,1,999,0,nonexistent,no
236,44,blue-collar,married,basic.4y,no,no,no,telephone,may,mon,281.0,1,999,0,nonexistent,no
237,34,admin.,single,high.school,no,no,no,telephone,may,wed,194.0,3,999,0,nonexistent,no
238,41,housemaid,married,basic.9y,unknown,yes,no,telephone,may,tue,129.0,2,999,0,nonexistent,no
239,31,technician,single,professional.course,no,yes,no,cellular,aug,fri,91.0,2,999,0,nonexistent,no
240,34,admin.,single,university.degree,no,no,no,cellular,aug,mon,177.0,2,999,0,nonexistent,no
241,52,management,divorced,university.degree,no,no,no,telephone,jun,thu,167.0,1,999,0,nonexistent,no
242,30,services,single,high.school,no,yes,no,cellular,sep,thu,405.0,1,999,3,failure,no
243,55,retired,divorced,high.school,no,no,no,telephone,jun,thu,410.0,16,999,0,nonexistent,no
244,47,blue-collar,married,professional.course,no,no,no,cellular,jul,mon,86.0,2,999,0,nonexistent,no
245,29,admin.,single,university.degree,no,yes,no,cellular,jul,thu,543.0,1,999,0,nonexistent,no
246,45,entrepreneur,divorced,university.degree,no,no,yes,cellular,jul,thu,216.0,1,999,0,nonexistent,no
247,48,services,married,basic.4y,unknown,yes,no,cellular,nov,mon,218.0,1,999,0,nonexistent,no
248,30,blue-collar,married,basic.9y,unknown,no,no,telephone,may,wed,115.0,1,999,0,nonexistent,no
249,43,blue-collar,married,basic.9y,unknown,no,no,cellular,may,mon,7.0,6,999,0,nonexistent,no
250,36,technician,single,professional.course,no,no,no,cellular,aug,mon,444.0,3,999,0,nonexistent,yes
251,42,unemployed,married,university.degree,unknown,no,yes,cellular,aug,wed,110.0,1,999,0,nonexistent,no
252,23,blue-collar,single,basic.9y,no,yes,no,cellular,jul,tue,211.0,1,999,0,nonexistent,no
253,39,blue-collar,married,unknown,no,no,no,cellular,apr,fri,79.0,1,999,0,nonexistent,no
254,35,blue-collar,married,basic.9y,no,no,no,telephone,may,wed,330.0,5,999,0,nonexistent,no
255,45,management,married,high.school,unknown,no,no,cellular,aug,wed,110.0,2,999,0,nonexistent,no
256,32,blue-collar,married,basic.6y,no,unknown,unknown,telephone,jun,tue,31.0,5,999,0,nonexistent,no
257,35,admin.,married,university.degree,no,yes,yes,telephone,jul,mon,216.0,2,999,0,nonexistent,no
258,39,admin.,single,high.school,no,unknown,unknown,cellular,nov,fri,206.0,2,999,0,nonexistent,no
259,31,admin.,single,high.school,no,no,no,cellular,nov,wed,511.0,1,999,0,nonexistent,yes
260,41,blue-collar,married,basic.9y,no,unknown,unknown,cellular,may,thu,50.0,1,999,0,nonexistent,no
261,26,blue-collar,single,high.school,unknown,no,no,telephone,may,fri,96.0,2,999,0,nonexistent,no
262,49,services,married,high.school,unknown,unknown,unknown,telephone,may,mon,71.0,2,999,0,nonexistent,no
263,39,blue-collar,married,basic.9y,no,no,no,cellular,may,tue,225.0,1,999,0,nonexistent,no
264,55,unemployed,married,high.school,no,yes,yes,cellular,jul,fri,730.0,1,999,0,nonexistent,no
265,59,retired,married,professional.course,no,no,no,telephone,may,thu,422.0,3,999,0,nonexistent,no
266,48,blue-collar,married,university.degree,no,no,no,cellular,aug,mon,164.0,1,999,0,nonexistent,no
267,57,management,married,unknown,no,no,no,cellular,jun,mon,112.0,1,999,0,nonexistent,yes
268,33,technician,married,professional.course,no,yes,no,cellular,aug,mon,169.0,1,999,0,nonexistent,no
269,28,services,married,high.school,no,yes,no,cellular,jul,tue,286.0,1,999,0,nonexistent,no
270,43,admin.,single,high.school,no,yes,no,telephone,jul,tue,287.0,1,999,0,nonexistent,no
271,42,admin.,divorced,university.degree,no,no,no,cellular,jul,tue,94.0,1,999,0,nonexistent,no
272,59,retired,married,basic.4y,unknown,no,no,telephone,may,wed,81.0,2,999,0,nonexistent,no
273,27,services,single,high.school,no,yes,no,cellular,jul,thu,211.0,2,999,0,nonexistent,no
274,44,entrepreneur,divorced,university.degree,no,no,no,cellular,apr,thu,404.0,1,999,0,nonexistent,no
275,30,technician,single,university.degree,no,yes,yes,cellular,jul,mon,149.0,7,999,0,nonexistent,no
276,48,housemaid,married,basic.4y,unknown,yes,yes,cellular,jul,tue,72.0,3,999,0,nonexistent,no
277,53,admin.,married,university.degree,no,yes,no,cellular,nov,tue,409.0,2,999,0,nonexistent,yes
278,40,technician,married,basic.9y,no,no,no,telephone,may,tue,631.0,2,999,0,nonexistent,no
279,28,services,married,unknown,no,no,no,telephone,jun,mon,220.0,1,999,0,nonexistent,no
280,57,self-employed,married,professional.course,no,yes,no,cellular,jul,tue,1056.0,2,999,0,nonexistent,yes
281,29,entrepreneur,married,basic.4y,unknown,no,no,telephone,may,mon,567.0,3,999,1,failure,no
282,58,technician,divorced,professional.course,unknown,yes,no,cellular,aug,tue,109.0,3,999,0,nonexistent,no
283,38,admin.,married,basic.9y,unknown,yes,no,telephone,jun,mon,306.0,1,999,0,nonexistent,no
284,60,blue-collar,married,basic.9y,unknown,unknown,unknown,cellular,jul,mon,575.0,1,999,0,nonexistent,no
285,54,admin.,married,high.school,no,yes,no,cellular,nov,fri,267.0,2,999,0,nonexistent,no
286,26,housemaid,married,university.degree,no,no,no,telephone,may,tue,246.0,1,999,0,nonexistent,no
287,36,technician,married,university.degree,no,no,no,telephone,jun,tue,181.0,1,999,0,nonexistent,no
288,41,management,married,high.school,no,yes,no,telephone,jun,mon,440.0,1,999,0,nonexistent,no
289,36,technician,married,professional.course,no,yes,no,cellular,may,thu,258.0,2,999,0,nonexistent,no
290,39,blue-collar,married,basic.4y,no,no,no,cellular,may,wed,199.0,3,999,0,nonexistent,no
291,37,technician,married,professional.course,unknown,yes,no,telephone,may,fri,312.0,3,999,0,nonexistent,no
292,33,admin.,single,high.school,no,no,no,cellular,nov,tue,436.0,1,999,0,nonexistent,no
293,49,management,married,university.degree,no,yes,no,telephone,jun,fri,41.0,1,999,0,nonexistent,no
294,50,admin.,married,professional.course,no,no,no,cellular,jul,tue,306.0,14,999,0,nonexistent,no
295,50,services,married,basic.4y,unknown,yes,no,telephone,may,wed,507.0,1,999,0,nonexistent,yes
296,35,admin.,married,high.school,unknown,yes,no,telephone,may,fri,162.0,3,999,0,nonexistent,no
297,47,technician,divorced,professional.course,no,yes,no,telephone,jun,thu,9.0,1,999,0,nonexistent,no
298,34,admin.,single,high.school,no,yes,no,telephone,may,wed,78.0,4,999,0,nonexistent,no
299,37,services,married,basic.9y,no,yes,no,cellular,may,thu,166.0,1,999,0,nonexistent,no
300,39,admin.,married,high.school,no,unknown,unknown,telephone,may,mon,185.0,4,999,0,nonexistent,no
301,31,blue-collar,married,basic.6y,no,no,no,telephone,jun,mon,271.0,2,999,0,nonexistent,no
302,29,admin.,single,university.degree,no,yes,yes,cellular,aug,wed,467.0,1,999,0,nonexistent,yes
303,51,blue-collar,married,basic.4y,unknown,yes,no,cellular,jul,thu,118.0,2,999,0,nonexistent,no
304,31,admin.,divorced,university.degree,no,no,no,cellular,may,mon,200.0,1,999,1,failure,no
305,41,services,married,high.school,no,no,no,cellular,apr,mon,319.0,2,999,1,failure,no
306,31,management,married,university.degree,no,no,yes,cellular,may,thu,130.0,2,999,2,failure,no
307,33,housemaid,married,high.school,no,unknown,unknown,telephone,jun,wed,154.0,2,999,0,nonexistent,no
308,29,self-employed,single,university.degree,no,yes,no,cellular,apr,mon,128.0,1,999,0,nonexistent,no
309,37,admin.,single,university.degree,no,no,no,cellular,aug,thu,72.0,2,999,0,nonexistent,no
310,42,blue-collar,single,basic.4y,no,yes,yes,cellular,jul,fri,107.0,4,999,0,nonexistent,no
311,31,housemaid,married,high.school,no,no,no,telephone,may,thu,480.0,10,999,0,nonexistent,no
312,35,admin.,divorced,high.school,no,no,no,cellular,nov,mon,49.0,3,999,0,nonexistent,no
313,31,blue-collar,married,basic.9y,no,no,no,telephone,jun,wed,204.0,1,999,0,nonexistent,no
314,29,admin.,married,high.school,no,yes,no,telephone,may,tue,29.0,3,999,0,nonexistent,no
315,45,admin.,married,university.degree,no,no,no,cellular,aug,tue,632.0,3,999,0,nonexistent,no
316,50,admin.,married,high.school,unknown,yes,no,cellular,jul,mon,339.0,2,999,0,nonexistent,no
317,47,technician,married,professional.course,unknown,no,no,cellular,aug,wed,18.0,15,999,0,nonexistent,no
318,37,management,single,university.degree,no,yes,no,telephone,may,fri,415.0,1,999,0,nonexistent,no
319,43,entrepreneur,married,high.school,no,no,no,telephone,may,tue,166.0,2,999,0,nonexistent,no
320,51,entrepreneur,married,basic.9y,no,no,yes,telephone,may,wed,68.0,1,999,0,nonexistent,no
321,28,technician,single,high.school,no,yes,no,cellular,jul,tue,445.0,2,999,0,nonexistent,no
322,39,blue-collar,married,basic.4y,unknown,no,no,telephone,jun,tue,264.0,16,999,0,nonexistent,no
323,36,self-employed,married,university.degree,no,no,yes,cellular,may,mon,159.0,2,999,1,failure,no
324,51,services,married,high.school,unknown,yes,no,telephone,jul,mon,596.0,3,999,0,nonexistent,yes
325,38,admin.,married,university.degree,no,yes,no,cellular,aug,tue,19.0,11,999,0,nonexistent,no
326,48,technician,married,high.school,no,no,yes,telephone,may,tue,340.0,1,999,0,nonexistent,no
327,31,technician,single,high.school,no,yes,yes,cellular,aug,tue,428.0,1,999,0,nonexistent,no
328,49,admin.,divorced,university.degree,no,no,no,telephone,may,fri,24.0,1,999,0,nonexistent,no
329,56,entrepreneur,married,university.degree,no,yes,no,cellular,apr,thu,207.0,1,999,0,nonexistent,no
330,35,technician,married,professional.course,no,no,no,cellular,apr,wed,225.0,2,999,0,nonexistent,no
331,32,technician,married,professional.course,no,no,no,cellular,oct,wed,691.0,2,14,4,failure,no
332,53,self-employed,married,university.degree,no,yes,no,telephone,jun,tue,119.0,4,999,0,nonexistent,no
333,33,blue-collar,married,basic.4y,no,no,yes,cellular,may,wed,496.0,2,999,1,failure,yes
334,36,services,divorced,university.degree,no,no,no,cellular,jul,mon,407.0,1,999,0,nonexistent,no
335,40,management,married,university.degree,no,yes,no,cellular,aug,mon,159.0,4,999,0,nonexistent,no
336,42,technician,single,high.school,no,no,no,telephone,may,mon,224.0,1,999,0,nonexistent,no
337,46,blue-collar,married,basic.9y,unknown,no,no,telephone,may,wed,79.0,2,999,0,nonexistent,no
338,33,technician,single,professional.course,no,no,no,cellular,jul,thu,194.0,5,999,0,nonexistent,no
339,46,admin.,married,university.degree,unknown,yes,yes,cellular,nov,mon,947.0,1,999,0,nonexistent,yes
340,53,admin.,married,high.school,unknown,no,no,cellular,jul,thu,10.0,8,999,0,nonexistent,no
341,35,technician,married,professional.course,unknown,yes,no,telephone,jun,fri,34.0,2,999,0,nonexistent,no
342,44,services,married,high.school,no,yes,no,telephone,may,tue,1030.0,1,999,0,nonexistent,yes
343,40,technician,married,basic.6y,no,yes,no,cellular,may,wed,156.0,5,999,1,failure,no
344,35,blue-collar,divorced,high.school,no,no,no,cellular,aug,thu,151.0,1,3,1,success,yes
345,46,admin.,single,university.degree,no,no,no,cellular,may,mon,8.0,4,999,0,nonexistent,no
346,56,admin.,married,basic.9y,no,yes,yes,cellular,may,mon,313.0,2,999,0,nonexistent,no
347,37,entrepreneur,divorced,high.school,unknown,no,no,cellular,jul,wed,111.0,4,999,0,nonexistent,no
348,54,management,married,basic.6y,no,yes,no,cellular,nov,wed,616.0,3,999,1,failure,no
349,36,admin.,single,university.degree,no,no,no,cellular,oct,thu,197.0,2,999,0,nonexistent,no
350,30,blue-collar,married,basic.4y,no,yes,no,cellular,apr,mon,42.0,3,999,0,nonexistent,no
351,52,housemaid,married,university.degree,no,yes,no,cellular,aug,thu,91.0,15,999,0,nonexistent,no
352,57,admin.,married,university.degree,no,yes,no,cellular,jul,thu,73.0,10,999,0,nonexistent,no
353,41,blue-collar,married,high.school,unknown,yes,yes,telephone,jun,mon,116.0,3,999,0,nonexistent,no
354,34,admin.,married,university.degree,no,no,no,cellular,aug,fri,147.0,1,999,0,nonexistent,no
355,27,admin.,married,high.school,no,no,no,cellular,may,thu,137.0,3,999,0,nonexistent,no
356,57,technician,married,high.school,no,yes,no,cellular,may,mon,228.0,1,999,0,nonexistent,no
357,37,housemaid,married,basic.6y,unknown,yes,yes,cellular,may,wed,756.0,2,999,0,nonexistent,no
358,24,admin.,single,university.degree,no,yes,no,telephone,apr,thu,100.0,1,999,0,nonexistent,no
359,27,services,married,high.school,no,no,no,telephone,jun,mon,257.0,2,999,0,nonexistent,no
360,35,admin.,single,university.degree,no,no,yes,telephone,may,wed,424.0,3,999,0,nonexistent,no
361,46,admin.,married,high.school,no,no,no,telephone,jun,fri,47.0,4,999,0,nonexistent,no
362,53,technician,divorced,professional.course,no,yes,yes,cellular,jul,tue,639.0,3,999,0,nonexistent,no
363,35,technician,single,university.degree,no,no,no,cellular,jul,thu,480.0,4,999,0,nonexistent,no
364,34,admin.,single,university.degree,no,no,yes,cellular,mar,tue,305.0,1,11,1,success,yes
365,25,blue-collar,single,basic.9y,no,no,yes,cellular,jul,fri,667.0,1,999,0,nonexistent,yes
366,27,technician,single,university.degree,no,yes,no,cellular,sep,thu,404.0,1,6,1,success,yes
367,35,blue-collar,married,basic.9y,no,yes,no,telephone,jun,tue,349.0,2,999,0,nonexistent,no
368,31,admin.,single,high.school,no,no,no,telephone,nov,fri,53.0,3,999,1,failure,no
369,48,admin.,married,high.school,unknown,no,yes,telephone,may,thu,95.0,1,999,0,nonexistent,no
370,54,admin.,divorced,unknown,no,no,no,cellular,jul,tue,109.0,2,999,0,nonexistent,no
371,37,admin.,married,unknown,no,no,no,cellular,nov,fri,34.0,2,999,0,nonexistent,no
372,32,admin.,married,university.degree,no,no,no,telephone,jun,fri,18.0,9,999,0,nonexistent,no
373,30,services,married,high.school,unknown,no,no,telephone,jun,fri,24.0,1,999,0,nonexistent,no
374,57,entrepreneur,married,basic.9y,unknown,yes,no,telephone,jun,fri,850.0,3,999,0,nonexistent,no
375,56,management,married,university.degree,no,yes,no,cellular,jul,thu,126.0,1,999,0,nonexistent,no
376,35,blue-collar,married,basic.9y,no,yes,no,cellular,jul,thu,225.0,3,999,0,nonexistent,no
377,30,services,married,high.school,no,no,no,cellular,may,wed,354.0,1,999,1,failure,no
378,56,retired,married,unknown,no,no,no,cellular,aug,fri,233.0,2,999,0,nonexistent,no
379,30,services,married,high.school,unknown,no,yes,telephone,jun,fri,105.0,1,999,0,nonexistent,no
380,32,services,married,high.school,no,yes,no,telephone,jul,thu,251.0,2,999,0,nonexistent,no
381,34,admin.,single,university.degree,no,yes,no,cellular,aug,mon,145.0,1,999,0,nonexistent,no
382,43,blue-collar,married,high.school,unknown,yes,no,telephone,may,tue,190.0,1,999,0,nonexistent,no
383,30,student,single,professional.course,no,yes,no,cellular,sep,tue,282.0,2,6,1,success,yes
384,40,admin.,married,high.school,unknown,yes,no,telephone,may,thu,299.0,1,999,0,nonexistent,no
385,42,blue-collar,married,basic.6y,no,yes,no,telephone,may,wed,347.0,1,999,0,nonexistent,no
386,32,housemaid,married,high.school,no,yes,no,telephone,may,tue,100.0,1,999,0,nonexistent,no
387,24,entrepreneur,married,university.degree,unknown,no,no,telephone,may,fri,1193.0,2,999,0,nonexistent,no
388,27,services,single,university.degree,no,no,no,cellular,jul,thu,55.0,2,999,0,nonexistent,no
389,35,blue-collar,divorced,basic.4y,no,no,no,cellular,nov,thu,197.0,4,999,1,failure,no
390,28,technician,single,professional.course,no,no,yes,telephone,jun,tue,63.0,2,999,0,nonexistent,no
391,31,services,single,high.school,no,no,yes,cellular,jul,thu,9.0,17,999,0,nonexistent,no
392,36,admin.,divorced,university.degree,no,yes,no,cellular,aug,wed,161.0,2,999,0,nonexistent,no
393,52,entrepreneur,married,high.school,no,yes,no,cellular,may,thu,198.0,1,999,1,failure,no
394,37,blue-collar,married,basic.6y,no,no,no,cellular,may,mon,54.0,1,999,0,nonexistent,no
395,54,housemaid,married,basic.4y,unknown,no,no,cellular,jul,mon,125.0,2,999,0,nonexistent,no
396,34,services,married,basic.9y,no,yes,yes,cellular,jul,wed,86.0,3,999,1,failure,no
397,32,blue-collar,married,professional.course,no,yes,no,telephone,may,mon,100.0,2,999,0,nonexistent,no
398,43,self-employed,married,high.school,unknown,yes,no,cellular,apr,wed,345.0,1,999,0,nonexistent,no
399,52,technician,divorced,professional.course,no,yes,no,cellular,aug,tue,126.0,4,999,0,nonexistent,no
400,55,admin.,married,high.school,no,no,yes,telephone,may,wed,213.0,1,999,0,nonexistent,no
401,41,admin.,married,university.degree,no,yes,no,cellular,sep,mon,182.0,1,999,0,nonexistent,no
402,35,technician,divorced,university.degree,no,yes,no,cellular,may,tue,507.0,1,999,0,nonexistent,no
403,35,admin.,single,university.degree,no,no,no,telephone,may,thu,135.0,1,999,0,nonexistent,no
404,52,blue-collar,married,basic.4y,no,no,no,telephone,jun,mon,50.0,3,999,0,nonexistent,no
405,45,unemployed,married,basic.4y,no,yes,yes,telephone,jun,fri,264.0,1,999,0,nonexistent,no
406,36,blue-collar,married,basic.9y,no,yes,yes,cellular,nov,wed,325.0,2,999,0,nonexistent,no
407,44,admin.,married,professional.course,no,no,no,cellular,nov,mon,200.0,1,999,1,failure,no
408,25,technician,single,university.degree,no,no,no,cellular,apr,fri,118.0,1,999,0,nonexistent,no
409,54,services,married,basic.4y,no,yes,no,cellular,aug,tue,50.0,4,999,0,nonexistent,no
410,21,self-employed,single,university.degree,no,yes,yes,cellular,apr,mon,169.0,1,999,0,nonexistent,no
411,73,retired,divorced,high.school,no,yes,no,cellular,aug,mon,114.0,1,999,0,nonexistent,no
412,33,services,single,high.school,no,no,no,cellular,jun,mon,144.0,1,999,1,failure,no
413,33,services,single,high.school,no,yes,no,cellular,nov,wed,210.0,2,999,0,nonexistent,no
414,39,services,single,high.school,no,yes,no,cellular,jul,thu,91.0,5,999,0,nonexistent,no
415,39,blue-collar,married,basic.9y,unknown,no,yes,cellular,nov,wed,418.0,1,999,0,nonexistent,no
416,46,services,married,university.degree,no,no,no,cellular,aug,tue,246.0,3,999,0,nonexistent,no
417,38,technician,married,university.degree,no,yes,no,cellular,nov,thu,82.0,1,999,0,nonexistent,no
418,58,retired,married,professional.course,no,yes,yes,cellular,aug,thu,173.0,1,999,0,nonexistent,no
419,50,services,divorced,basic.4y,unknown,yes,yes,telephone,may,thu,217.0,1,999,0,nonexistent,no
420,44,blue-collar,married,basic.6y,no,no,no,cellular,aug,tue,67.0,4,999,0,nonexistent,no
421,33,admin.,married,university.degree,no,no,no,cellular,nov,thu,139.0,3,999,0,nonexistent,no
422,50,self-employed,single,university.degree,no,no,yes,telephone,may,mon,88.0,5,999,0,nonexistent,no
423,36,admin.,married,high.school,no,no,no,telephone,jun,thu,127.0,4,999,0,nonexistent,no
424,43,services,married,high.school,no,no,no,telephone,may,tue,174.0,2,999,0,nonexistent,no
425,45,blue-collar,married,basic.4y,no,yes,no,telephone,may,wed,204.0,1,999,0,nonexistent,no
426,35,technician,single,professional.course,no,no,no,cellular,aug,thu,152.0,1,999,0,nonexistent,no
427,32,blue-collar,married,basic.9y,no,yes,yes,cellular,may,wed,230.0,1,999,0,nonexistent,no
428,39,blue-collar,single,basic.4y,no,no,no,cellular,may,tue,231.0,4,999,0,nonexistent,no
429,40,technician,single,university.degree,no,no,no,telephone,may,thu,430.0,2,999,1,failure,no
430,58,retired,married,basic.4y,no,yes,no,cellular,jun,tue,79.0,2,999,0,nonexistent,no
431,29,admin.,single,high.school,no,yes,no,telephone,may,mon,26.0,1,999,0,nonexistent,no
432,44,entrepreneur,married,professional.course,no,yes,no,telephone,nov,mon,291.0,3,999,0,nonexistent,no
433,56,admin.,single,basic.9y,no,yes,no,telephone,jun,wed,341.0,2,999,0,nonexistent,no
434,31,services,divorced,high.school,no,yes,no,cellular,nov,mon,266.0,2,999,0,nonexistent,no
435,37,technician,single,professional.course,no,yes,yes,cellular,aug,mon,149.0,1,999,0,nonexistent,no
436,31,services,single,high.school,no,yes,no,telephone,aug,wed,61.0,1,999,0,nonexistent,no
437,26,technician,single,professional.course,no,yes,no,telephone,jun,tue,160.0,3,999,0,nonexistent,no
438,26,technician,married,basic.9y,unknown,yes,no,telephone,jul,wed,367.0,6,999,0,nonexistent,yes
439,30,self-employed,single,university.degree,no,yes,no,cellular,apr,thu,152.0,2,999,0,nonexistent,yes
440,50,technician,divorced,university.degree,unknown,no,no,cellular,aug,mon,114.0,2,999,0,nonexistent,no
441,47,technician,married,professional.course,no,no,no,telephone,nov,thu,114.0,2,999,0,nonexistent,no
442,39,admin.,single,university.degree,no,yes,no,cellular,aug,wed,2191.0,1,999,0,nonexistent,no
443,26,student,single,high.school,no,no,no,telephone,may,wed,95.0,3,999,0,nonexistent,no
444,48,technician,married,university.degree,no,no,no,cellular,aug,tue,124.0,2,999,0,nonexistent,no
445,45,admin.,married,basic.9y,no,yes,no,telephone,may,tue,29.0,1,999,0,nonexistent,no
446,45,services,single,high.school,unknown,yes,no,cellular,nov,fri,670.0,1,999,0,nonexistent,no
447,50,blue-collar,divorced,basic.9y,no,no,no,cellular,may,fri,262.0,3,999,0,nonexistent,no
448,31,blue-collar,married,high.school,no,yes,no,cellular,jul,fri,45.0,2,999,0,nonexistent,no
449,48,services,single,high.school,unknown,yes,no,telephone,may,tue,196.0,2,999,0,nonexistent,no
450,35,blue-collar,married,basic.9y,no,no,no,telephone,may,thu,343.0,2,999,0,nonexistent,no
451,46,blue-collar,married,professional.course,no,no,no,cellular,aug,thu,99.0,5,999,0,nonexistent,no
452,37,management,married,university.degree,no,yes,no,cellular,nov,wed,140.0,1,999,1,failure,no
453,29,admin.,married,university.degree,no,yes,no,telephone,may,thu,302.0,1,999,0,nonexistent,no
454,60,admin.,married,university.degree,unknown,no,no,telephone,jun,tue,111.0,7,999,0,nonexistent,no
455,32,technician,married,professional.course,no,no,no,telephone,may,wed,147.0,1,999,0,nonexistent,no
456,38,blue-collar,married,high.school,no,no,no,telephone,may,fri,18.0,7,999,0,nonexistent,no
457,51,unemployed,married,basic.4y,no,no,yes,telephone,jun,wed,85.0,5,999,0,nonexistent,no
458,42,technician,divorced,high.school,no,no,no,telephone,may,tue,204.0,4,999,0,nonexistent,no
459,26,services,divorced,basic.6y,no,no,yes,telephone,may,mon,81.0,8,999,0,nonexistent,no
460,55,admin.,single,high.school,no,yes,no,cellular,apr,tue,461.0,2,999,1,failure,no
461,36,blue-collar,married,basic.4y,unknown,yes,yes,cellular,may,thu,350.0,3,999,0,nonexistent,no
462,56,services,married,high.school,no,no,no,telephone,nov,thu,871.0,3,999,0,nonexistent,yes
463,33,management,married,high.school,no,no,no,telephone,may,wed,52.0,4,999,0,nonexistent,no
464,42,blue-collar,married,basic.6y,unknown,yes,no,telephone,may,mon,454.0,3,999,0,nonexistent,no
465,72,retired,divorced,basic.4y,no,no,no,cellular,aug,mon,152.0,1,999,0,nonexistent,no
466,36,admin.,divorced,high.school,no,yes,no,cellular,apr,fri,323.0,2,999,1,failure,no
467,75,retired,married,unknown,no,yes,no,cellular,apr,thu,237.0,2,999,0,nonexistent,no
468,32,technician,married,professional.course,no,no,no,cellular,apr,mon,322.0,2,999,1,failure,no
469,30,services,married,high.school,no,yes,no,telephone,jun,wed,421.0,2,999,0,nonexistent,no
470,31,services,single,high.school,no,no,no,cellular,may,tue,206.0,1,999,0,nonexistent,no
471,30,admin.,married,university.degree,no,yes,yes,cellular,aug,tue,141.0,3,999,0,nonexistent,no
472,37,services,married,high.school,unknown,no,no,telephone,jun,thu,106.0,2,999,0,nonexistent,no
473,40,services,married,basic.9y,no,yes,yes,cellular,may,tue,271.0,1,999,0,nonexistent,no
474,42,technician,divorced,basic.6y,no,yes,no,cellular,may,tue,221.0,1,999,2,failure,no
475,23,blue-collar,single,basic.4y,no,yes,no,telephone,apr,thu,287.0,1,999,0,nonexistent,no
476,51,entrepreneur,married,basic.6y,unknown,yes,no,cellular,jul,fri,92.0,15,999,0,nonexistent,no
477,49,admin.,married,basic.9y,no,yes,no,cellular,nov,thu,85.0,1,999,0,nonexistent,no
478,32,blue-collar,divorced,basic.6y,unknown,yes,no,cellular,jul,wed,97.0,2,999,0,nonexistent,no
479,30,blue-collar,single,basic.9y,unknown,no,no,telephone,jun,fri,10.0,8,999,0,nonexistent,no
480,28,blue-collar,married,basic.6y,unknown,no,no,cellular,may,mon,68.0,2,999,1,failure,no
481,26,admin.,single,university.degree,no,yes,yes,cellular,jul,mon,118.0,4,999,0,nonexistent,no
482,32,admin.,divorced,high.school,no,unknown,unknown,cellular,jul,thu,81.0,4,999,0,nonexistent,no
483,36,technician,single,university.degree,no,no,no,cellular,may,wed,307.0,2,999,0,nonexistent,no
484,42,management,married,high.school,no,no,no,telephone,jun,fri,20.0,5,999,0,nonexistent,no
485,39,management,married,university.degree,no,no,no,cellular,aug,thu,105.0,1,999,0,nonexistent,no
486,31,services,single,high.school,no,yes,yes,cellular,jul,mon,232.0,1,999,0,nonexistent,no
487,37,management,single,university.degree,no,yes,no,cellular,may,tue,58.0,1,999,0,nonexistent,no
488,40,blue-collar,married,professional.course,no,no,no,telephone,dec,thu,237.0,1,999,0,nonexistent,no
489,30,admin.,single,university.degree,no,yes,no,cellular,nov,thu,478.0,1,999,0,nonexistent,yes
490,45,blue-collar,married,unknown,no,yes,yes,cellular,apr,thu,614.0,1,999,1,failure,no
491,48,admin.,single,university.degree,no,no,no,telephone,jul,tue,237.0,7,999,0,nonexistent,no
492,46,admin.,married,high.school,unknown,no,no,cellular,aug,fri,49.0,3,999,0,nonexistent,no
493,41,technician,married,professional.course,no,no,no,cellular,jun,tue,160.0,2,999,0,nonexistent,yes
494,53,retired,married,high.school,no,yes,no,cellular,nov,fri,711.0,2,999,0,nonexistent,no
495,35,technician,married,professional.course,no,yes,no,telephone,jun,tue,589.0,6,999,0,nonexistent,no
496,47,admin.,single,university.degree,no,no,no,cellular,aug,mon,151.0,9,999,0,nonexistent,no
497,37,blue-collar,married,high.school,no,no,no,cellular,nov,tue,118.0,1,999,0,nonexistent,no
498,46,services,single,basic.4y,no,no,no,cellular,apr,thu,191.0,3,6,1,success,no
499,31,technician,married,high.school,no,no,no,cellular,aug,fri,171.0,7,999,0,nonexistent,no
500,44,admin.,single,university.degree,no,no,no,cellular,aug,fri,112.0,1,999,0,nonexistent,no
501,32,blue-collar,married,basic.4y,no,yes,yes,cellular,may,wed,107.0,1,999,0,nonexistent,no
502,49,technician,married,professional.course,no,yes,no,cellular,jul,thu,15.0,3,999,0,nonexistent,no
503,63,retired,divorced,basic.4y,no,no,no,cellular,mar,wed,78.0,1,999,0,nonexistent,no
504,35,admin.,married,university.degree,no,no,yes,telephone,may,wed,65.0,4,999,1,failure,no
505,36,technician,divorced,professional.course,no,yes,yes,cellular,aug,wed,81.0,1,999,0,nonexistent,no
506,54,management,married,university.degree,no,yes,no,cellular,jul,mon,224.0,1,999,0,nonexistent,no
507,53,unemployed,married,basic.4y,unknown,yes,no,telephone,may,wed,339.0,10,999,0,nonexistent,no
508,32,housemaid,married,high.school,no,no,no,telephone,may,tue,226.0,1,999,0,nonexistent,no
509,29,services,divorced,high.school,no,yes,no,telephone,may,tue,157.0,1,999,0,nonexistent,no
510,55,admin.,married,university.degree,unknown,no,no,cellular,aug,wed,163.0,1,999,0,nonexistent,no
511,51,admin.,married,university.degree,no,no,no,cellular,aug,thu,335.0,1,999,0,nonexistent,no
512,20,student,single,high.school,no,no,yes,cellular,aug,wed,254.0,1,999,0,nonexistent,yes
513,37,blue-collar,married,professional.course,no,yes,no,telephone,may,mon,492.0,6,999,0,nonexistent,no
514,34,technician,single,university.degree,no,yes,no,cellular,mar,mon,171.0,4,999,0,nonexistent,no
515,30,blue-collar,single,basic.9y,no,yes,yes,cellular,may,thu,273.0,3,999,0,nonexistent,no
516,43,unemployed,single,university.degree,no,yes,no,telephone,may,mon,240.0,1,999,0,nonexistent,no
517,47,entrepreneur,married,unknown,unknown,no,no,telephone,jun,fri,1072.0,2,999,0,nonexistent,no
518,38,unemployed,married,basic.4y,unknown,yes,no,cellular,jul,tue,176.0,20,999,0,nonexistent,no
519,37,blue-collar,single,professional.course,no,yes,no,telephone,jun,fri,42.0,1,999,0,nonexistent,no
520,35,blue-collar,single,professional.course,no,no,no,cellular,jun,mon,71.0,1,999,0,nonexistent,no
521,52,management,married,university.degree,no,no,no,cellular,jul,wed,119.0,2,999,0,nonexistent,no
522,55,technician,divorced,professional.course,no,yes,no,cellular,aug,wed,150.0,3,999,0,nonexistent,no
523,60,admin.,married,basic.9y,no,no,no,cellular,aug,thu,162.0,1,999,0,nonexistent,no
524,27,blue-collar,married,basic.4y,no,no,no,cellular,may,tue,314.0,2,999,0,nonexistent,no
525,60,admin.,married,high.school,no,yes,no,telephone,may,fri,118.0,2,999,0,nonexistent,no
526,36,entrepreneur,married,basic.9y,no,no,no,telephone,may,wed,668.0,1,999,0,nonexistent,no
527,32,admin.,married,university.degree,no,yes,yes,cellular,aug,tue,24.0,12,999,0,nonexistent,no
528,43,housemaid,married,basic.4y,no,no,no,cellular,jul,mon,119.0,3,999,0,nonexistent,no
529,32,student,single,high.school,unknown,yes,no,telephone,may,tue,107.0,1,999,0,nonexistent,no
530,42,admin.,divorced,university.degree,no,no,no,cellular,sep,wed,678.0,1,16,1,success,yes
531,56,entrepreneur,married,basic.9y,no,no,yes,cellular,nov,wed,680.0,2,999,1,failure,yes
532,37,housemaid,single,high.school,no,yes,no,cellular,may,thu,165.0,1,999,0,nonexistent,no
533,50,technician,married,high.school,no,no,no,telephone,may,wed,224.0,5,999,0,nonexistent,no
534,32,blue-collar,married,professional.course,no,no,yes,telephone,jun,fri,459.0,3,999,0,nonexistent,no
535,40,services,single,high.school,no,no,no,cellular,may,wed,197.0,1,999,0,nonexistent,no
536,36,admin.,single,university.degree,no,no,no,cellular,aug,thu,42.0,1,999,0,nonexistent,no
537,39,admin.,married,high.school,no,yes,no,cellular,apr,thu,487.0,3,999,0,nonexistent,no
538,52,admin.,married,high.school,no,no,no,cellular,aug,tue,80.0,1,999,0,nonexistent,no
539,44,blue-collar,married,basic.4y,no,yes,no,telephone,may,fri,242.0,3,999,0,nonexistent,no
540,33,technician,single,high.school,no,yes,no,cellular,aug,mon,111.0,1,999,0,nonexistent,no
541,35,admin.,single,high.school,no,yes,no,telephone,may,tue,78.0,3,999,0,nonexistent,no
542,27,blue-collar,single,unknown,no,yes,no,telephone,may,wed,125.0,2,999,1,failure,no
543,30,technician,single,high.school,no,no,no,cellular,aug,mon,79.0,2,999,0,nonexistent,no
544,32,services,married,basic.6y,unknown,yes,no,telephone,nov,tue,368.0,1,999,0,nonexistent,no
545,33,admin.,married,university.degree,no,yes,no,cellular,may,tue,165.0,1,999,1,failure,yes
546,38,technician,married,professional.course,no,yes,no,telephone,may,fri,167.0,1,999,0,nonexistent,no
547,45,blue-collar,married,basic.9y,no,yes,yes,cellular,may,mon,7.0,4,999,0,nonexistent,no
548,55,entrepreneur,married,professional.course,no,yes,no,cellular,oct,mon,534.0,1,999,0,nonexistent,no
549,31,technician,married,professional.course,no,no,no,telephone,aug,tue,225.0,2,999,0,nonexistent,no
550,39,admin.,single,university.degree,no,yes,no,cellular,aug,wed,169.0,5,999,0,nonexistent,no
551,53,admin.,married,high.school,no,no,no,cellular,aug,wed,552.0,1,999,0,nonexistent,no
552,42,technician,married,high.school,no,yes,no,cellular,aug,mon,289.0,2,999,0,nonexistent,no
553,39,self-employed,married,university.degree,no,no,no,telephone,jun,tue,199.0,1,999,0,nonexistent,no
554,32,management,married,university.degree,no,yes,no,telephone,may,thu,619.0,1,999,0,nonexistent,no
555,28,technician,single,basic.9y,no,no,no,telephone,may,wed,161.0,2,999,0,nonexistent,no
556,27,admin.,single,university.degree,no,yes,no,cellular,apr,tue,605.0,1,999,0,nonexistent,no
557,36,blue-collar,married,basic.9y,no,yes,no,telephone,may,tue,93.0,2,999,0,nonexistent,no
558,59,admin.,married,professional.course,no,no,no,telephone,may,mon,51.0,2,999,0,nonexistent,no
559,40,blue-collar,married,basic.4y,unknown,no,no,telephone,jun,thu,124.0,1,999,0,nonexistent,no
560,57,retired,married,high.school,unknown,yes,yes,cellular,aug,wed,223.0,8,999,0,nonexistent,no
561,31,services,married,high.school,no,no,no,telephone,jun,tue,37.0,6,999,0,nonexistent,no
562,58,technician,married,professional.course,no,no,no,cellular,aug,tue,704.0,2,999,0,nonexistent,yes
563,42,technician,divorced,professional.course,no,yes,no,cellular,aug,mon,151.0,1,999,0,nonexistent,no
564,30,admin.,married,university.degree,no,yes,yes,cellular,apr,thu,82.0,6,999,0,nonexistent,no
565,34,blue-collar,married,basic.6y,no,no,no,telephone,may,thu,248.0,3,999,0,nonexistent,no
566,33,admin.,divorced,basic.9y,no,no,no,telephone,may,fri,93.0,1,999,0,nonexistent,no
567,32,technician,married,basic.9y,no,no,no,cellular,jul,fri,271.0,5,999,0,nonexistent,no
568,31,technician,divorced,high.school,no,no,no,cellular,aug,fri,129.0,3,999,0,nonexistent,no
569,27,self-employed,married,university.degree,no,no,no,telephone,jul,wed,215.0,3,999,0,nonexistent,no
570,32,entrepreneur,married,basic.9y,no,no,no,cellular,nov,tue,432.0,2,999,0,nonexistent,no
571,46,entrepreneur,married,professional.course,no,no,yes,cellular,apr,fri,69.0,2,999,0,nonexistent,no
572,42,technician,married,professional.course,no,yes,no,cellular,may,thu,196.0,2,999,0,nonexistent,no
573,41,housemaid,married,basic.6y,unknown,no,no,telephone,jun,fri,126.0,1,999,0,nonexistent,no
574,60,admin.,married,university.degree,no,no,no,cellular,aug,fri,515.0,3,999,0,nonexistent,no
575,30,services,married,high.school,no,yes,yes,telephone,may,fri,114.0,2,999,0,nonexistent,no
576,31,admin.,married,university.degree,no,yes,no,cellular,aug,thu,280.0,7,999,0,nonexistent,no
577,42,services,married,high.school,unknown,no,no,telephone,may,wed,169.0,2,999,0,nonexistent,no
578,29,admin.,single,university.degree,unknown,no,no,cellular,aug,thu,112.0,1,999,0,nonexistent,no
579,38,blue-collar,single,basic.9y,unknown,yes,no,telephone,jun,mon,101.0,1,999,0,nonexistent,no
580,47,technician,married,professional.course,no,yes,no,cellular,aug,wed,58.0,3,999,0,nonexistent,no
581,30,unemployed,married,high.school,no,yes,yes,telephone,may,mon,104.0,4,999,0,nonexistent,no
582,52,management,married,university.degree,no,no,no,telephone,nov,mon,22.0,3,999,0,nonexistent,no
583,36,admin.,married,university.degree,no,no,no,cellular,aug,thu,138.0,2,999,1,failure,no
584,39,services,married,high.school,no,yes,no,telephone,jun,fri,554.0,1,999,0,nonexistent,yes
585,55,retired,married,high.school,unknown,no,no,cellular,aug,mon,88.0,2,999,0,nonexistent,no
586,28,admin.,single,high.school,no,yes,yes,cellular,may,tue,52.0,1,999,0,nonexistent,no
587,30,technician,single,university.degree,unknown,yes,no,cellular,aug,thu,133.0,1,999,0,nonexistent,no
588,47,management,married,basic.4y,unknown,no,no,telephone,may,mon,882.0,1,999,0,nonexistent,yes
589,53,self-employed,married,university.degree,no,yes,no,telephone,aug,thu,161.0,3,999,0,nonexistent,no
590,44,technician,married,professional.course,no,yes,no,telephone,jun,fri,189.0,2,999,0,nonexistent,no
591,59,services,married,high.school,no,no,no,telephone,jun,thu,309.0,5,999,0,nonexistent,no
592,41,unknown,unknown,unknown,no,yes,no,cellular,jul,mon,91.0,13,999,0,nonexistent,no
593,40,unemployed,divorced,high.school,no,no,yes,telephone,jun,thu,243.0,1,999,0,nonexistent,no
594,70,retired,divorced,basic.4y,no,yes,no,cellular,mar,mon,187.0,3,999,0,nonexistent,yes
595,33,blue-collar,married,basic.9y,no,no,no,cellular,may,fri,428.0,1,999,0,nonexistent,no
596,50,blue-collar,married,basic.4y,no,no,no,telephone,aug,tue,39.0,3,999,0,nonexistent,no
597,63,retired,married,basic.4y,no,no,no,cellular,aug,thu,163.0,1,999,0,nonexistent,no
598,53,admin.,married,university.degree,unknown,no,no,cellular,may,wed,160.0,7,999,1,failure,no
599,51,blue-collar,married,basic.6y,no,yes,no,cellular,apr,wed,89.0,2,999,0,nonexistent,no
600,51,technician,married,professional.course,unknown,yes,no,telephone,jun,fri,119.0,1,999,0,nonexistent,no
601,39,blue-collar,married,basic.4y,no,yes,no,cellular,jul,thu,388.0,2,999,0,nonexistent,no
602,62,housemaid,married,basic.4y,no,yes,no,cellular,nov,thu,443.0,1,999,0,nonexistent,no
603,62,blue-collar,married,basic.4y,no,yes,yes,cellular,nov,mon,113.0,1,999,1,failure,no
604,35,management,married,professional.course,no,yes,no,cellular,nov,mon,142.0,3,999,0,nonexistent,no
605,38,blue-collar,married,professional.course,unknown,no,no,cellular,may,mon,388.0,1,999,0,nonexistent,no
606,34,unknown,married,basic.4y,no,no,no,telephone,apr,mon,151.0,3,999,0,nonexistent,no
607,41,technician,married,high.school,no,yes,no,telephone,jun,fri,145.0,24,999,0,nonexistent,no
608,33,technician,divorced,high.school,no,yes,no,cellular,may,tue,210.0,2,999,0,nonexistent,no
609,44,blue-collar,married,basic.9y,no,yes,no,cellular,aug,mon,378.0,2,999,0,nonexistent,no
610,25,unemployed,married,high.school,unknown,no,no,cellular,jul,fri,120.0,10,999,0,nonexistent,no
611,29,admin.,single,university.degree,no,no,no,cellular,nov,fri,122.0,1,3,2,success,yes
612,54,blue-collar,married,basic.9y,unknown,yes,no,cellular,may,wed,303.0,1,999,0,nonexistent,no
613,37,technician,divorced,professional.course,no,no,no,cellular,may,wed,329.0,1,999,0,nonexistent,no
614,35,technician,married,professional.course,no,yes,no,cellular,aug,fri,225.0,1,999,0,nonexistent,yes
615,49,admin.,divorced,high.school,no,yes,no,telephone,jun,mon,537.0,5,999,0,nonexistent,no
616,49,admin.,single,university.degree,unknown,yes,no,telephone,jun,mon,244.0,3,999,0,nonexistent,no
617,54,admin.,divorced,university.degree,no,yes,no,cellular,oct,wed,164.0,2,6,2,success,no
618,36,admin.,married,university.degree,no,yes,no,cellular,nov,fri,248.0,1,999,0,nonexistent,no
619,47,management,married,university.degree,no,no,no,cellular,may,tue,242.0,1,999,1,failure,no
620,36,blue-collar,married,basic.6y,no,yes,no,cellular,may,mon,127.0,2,999,1,failure,no
621,29,technician,single,university.degree,no,no,no,cellular,jun,thu,176.0,1,3,1,success,no
622,58,retired,divorced,professional.course,no,yes,no,cellular,nov,fri,321.0,3,999,1,failure,no
623,45,management,married,university.degree,unknown,no,yes,telephone,jul,fri,355.0,1,999,0,nonexistent,no
624,46,blue-collar,married,basic.4y,unknown,no,no,cellular,jul,fri,111.0,1,999,0,nonexistent,no
625,27,management,single,university.degree,no,yes,yes,cellular,jul,tue,76.0,2,999,0,nonexistent,no
626,50,housemaid,married,basic.4y,unknown,yes,no,telephone,may,tue,176.0,2,999,0,nonexistent,no
627,80,retired,divorced,basic.4y,no,yes,no,cellular,apr,thu,234.0,1,999,0,nonexistent,no
628,29,technician,married,professional.course,no,yes,no,cellular,aug,mon,80.0,3,999,0,nonexistent,no
629,31,self-employed,married,university.degree,no,no,no,cellular,may,fri,182.0,1,999,0,nonexistent,no
630,47,admin.,divorced,high.school,no,yes,no,telephone,jun,mon,,1,999,0,nonexistent,yes
631,48,admin.,divorced,university.degree,unknown,no,no,cellular,aug,tue,58.0,5,999,0,nonexistent,no
632,39,unemployed,married,university.degree,no,no,no,telephone,jun,fri,212.0,1,999,0,nonexistent,no
633,29,blue-collar,married,unknown,no,no,no,cellular,jul,mon,251.0,3,999,0,nonexistent,no
634,38,admin.,married,university.degree,no,yes,no,telephone,may,thu,744.0,1,999,0,nonexistent,no
635,37,technician,married,university.degree,unknown,yes,no,telephone,may,mon,351.0,1,999,0,nonexistent,no
636,45,technician,married,professional.course,no,no,no,cellular,aug,wed,851.0,4,999,0,nonexistent,no
637,23,blue-collar,single,basic.9y,no,no,no,cellular,may,mon,285.0,1,999,0,nonexistent,no
638,48,admin.,divorced,university.degree,no,no,no,cellular,may,tue,53.0,9,999,0,nonexistent,no
639,55,admin.,married,university.degree,unknown,no,yes,cellular,aug,fri,80.0,2,999,0,nonexistent,no
640,46,services,divorced,basic.9y,no,unknown,unknown,cellular,may,wed,222.0,1,999,0,nonexistent,no
641,37,admin.,married,high.school,no,yes,no,cellular,may,thu,290.0,1,999,1,failure,no
642,57,admin.,married,high.school,no,yes,no,cellular,aug,mon,108.0,1,999,0,nonexistent,no
643,37,services,single,professional.course,no,yes,no,cellular,apr,mon,307.0,4,999,0,nonexistent,no
644,30,housemaid,married,university.degree,no,yes,no,cellular,aug,thu,111.0,3,999,0,nonexistent,no
645,40,admin.,divorced,university.degree,no,no,no,cellular,aug,mon,144.0,1,999,0,nonexistent,no
646,53,services,married,basic.6y,no,yes,no,cellular,may,thu,24.0,6,999,0,nonexistent,no
647,37,technician,married,professional.course,no,yes,no,cellular,aug,fri,204.0,1,999,0,nonexistent,no
648,42,unknown,single,university.degree,no,yes,no,cellular,jul,fri,513.0,1,999,2,failure,yes
649,49,blue-collar,married,basic.9y,no,yes,no,cellular,may,thu,411.0,1,999,0,nonexistent,no
650,58,blue-collar,married,basic.9y,no,yes,no,cellular,oct,tue,92.0,1,999,1,failure,no
651,49,blue-collar,married,basic.4y,no,no,yes,telephone,jul,mon,256.0,15,999,0,nonexistent,no
652,24,technician,single,basic.6y,no,yes,yes,cellular,jul,thu,18.0,8,999,0,nonexistent,no
653,32,technician,single,professional.course,no,no,yes,cellular,jul,tue,129.0,1,999,0,nonexistent,no
654,23,services,single,high.school,no,no,no,telephone,jun,wed,174.0,9,999,0,nonexistent,no
655,32,admin.,married,university.degree,no,yes,yes,cellular,may,thu,135.0,3,999,0,nonexistent,no
656,33,admin.,single,university.degree,no,no,no,cellular,jul,mon,190.0,4,999,0,nonexistent,no
657,54,blue-collar,married,professional.course,unknown,yes,yes,cellular,aug,tue,226.0,6,999,0,nonexistent,no
658,31,management,married,university.degree,no,no,no,cellular,aug,mon,34.0,11,999,0,nonexistent,no
659,53,admin.,single,university.degree,no,no,yes,cellular,apr,thu,586.0,2,999,0,nonexistent,no
660,66,retired,married,professional.course,no,no,no,cellular,mar,tue,177.0,1,999,1,failure,yes
661,39,admin.,married,university.degree,no,no,no,cellular,may,tue,614.0,3,999,0,nonexistent,yes
662,19,student,single,basic.9y,no,no,no,cellular,aug,mon,96.0,1,3,1,success,no
663,37,admin.,married,university.degree,no,no,yes,telephone,may,wed,243.0,1,999,0,nonexistent,no
664,41,admin.,divorced,university.degree,no,no,no,cellular,nov,mon,57.0,1,999,0,nonexistent,no
665,57,admin.,married,basic.6y,no,no,no,cellular,may,fri,259.0,1,999,1,failure,no
666,57,blue-collar,married,basic.4y,unknown,no,no,cellular,aug,wed,106.0,1,999,0,nonexistent,no
667,43,admin.,married,high.school,no,no,no,telephone,jun,fri,1422.0,10,999,0,nonexistent,yes
668,53,admin.,divorced,high.school,no,yes,no,telephone,may,fri,64.0,4,999,0,nonexistent,no
669,33,self-employed,single,university.degree,no,yes,no,telephone,jun,mon,171.0,2,999,0,nonexistent,no
670,39,technician,married,professional.course,no,no,no,cellular,apr,thu,225.0,1,2,1,success,yes
671,59,retired,married,professional.course,unknown,no,no,telephone,may,wed,208.0,5,999,0,nonexistent,no
672,32,admin.,single,university.degree,no,no,no,cellular,jul,tue,1027.0,1,999,0,nonexistent,no
673,29,blue-collar,married,professional.course,no,yes,yes,cellular,nov,thu,136.0,3,999,0,nonexistent,no
674,34,management,married,university.degree,no,yes,no,telephone,jun,fri,280.0,1,999,0,nonexistent,no
675,49,management,married,university.degree,no,no,no,cellular,jul,mon,86.0,4,999,0,nonexistent,no
676,36,blue-collar,married,basic.9y,no,yes,no,cellular,nov,thu,164.0,4,999,0,nonexistent,no
677,30,technician,single,university.degree,no,yes,no,cellular,aug,mon,720.0,1,999,0,nonexistent,yes
678,30,admin.,married,university.degree,no,no,yes,telephone,may,tue,284.0,1,999,0,nonexistent,no
679,39,admin.,married,university.degree,no,no,no,telephone,may,mon,583.0,6,999,0,nonexistent,no
680,49,management,married,university.degree,no,yes,no,telephone,jun,mon,336.0,2,999,0,nonexistent,no
681,37,blue-collar,single,basic.9y,unknown,no,no,telephone,may,thu,96.0,5,999,0,nonexistent,no
682,38,student,single,unknown,no,no,no,cellular,mar,mon,516.0,6,999,0,nonexistent,no
683,34,technician,married,professional.course,unknown,no,yes,cellular,jul,fri,431.0,1,999,0,nonexistent,no
684,49,entrepreneur,married,basic.6y,unknown,yes,yes,cellular,may,mon,330.0,2,999,1,failure,no
685,32,admin.,married,high.school,no,no,no,cellular,may,thu,84.0,1,999,0,nonexistent,no
686,30,blue-collar,married,basic.9y,no,yes,no,cellular,jul,mon,149.0,3,999,0,nonexistent,no
687,56,unknown,single,basic.9y,no,no,yes,cellular,jul,mon,329.0,5,999,0,nonexistent,no
688,44,blue-collar,married,basic.4y,unknown,no,yes,telephone,jun,wed,127.0,1,999,0,nonexistent,no
689,31,admin.,divorced,university.degree,no,yes,no,cellular,aug,tue,90.0,2,999,0,nonexistent,no
690,39,technician,single,university.degree,no,no,no,cellular,aug,thu,163.0,1,999,0,nonexistent,no
691,31,admin.,married,basic.9y,no,yes,no,cellular,jul,tue,779.0,2,999,0,nonexistent,no
692,51,blue-collar,married,basic.9y,no,yes,no,cellular,aug,wed,237.0,1,6,4,success,yes
693,30,blue-collar,divorced,basic.9y,no,yes,no,telephone,may,wed,283.0,1,999,0,nonexistent,no
694,32,admin.,single,university.degree,no,yes,no,telephone,may,wed,76.0,1,999,0,nonexistent,no
695,38,blue-collar,single,basic.9y,unknown,yes,no,telephone,may,wed,189.0,1,999,0,nonexistent,no
696,32,admin.,single,professional.course,no,yes,yes,telephone,may,fri,73.0,4,999,0,nonexistent,no
697,44,services,single,high.school,no,no,no,telephone,jun,tue,363.0,3,999,0,nonexistent,no
698,54,technician,single,university.degree,unknown,no,no,telephone,may,mon,255.0,2,999,0,nonexistent,no
699,34,technician,married,professional.course,no,no,no,cellular,jul,mon,166.0,1,999,0,nonexistent,no
700,47,entrepreneur,married,basic.6y,unknown,no,no,telephone,aug,wed,244.0,3,999,0,nonexistent,no
701,32,technician,single,high.school,no,yes,no,cellular,may,wed,240.0,1,999,1,failure,no
702,48,housemaid,married,high.school,no,no,no,telephone,jun,tue,87.0,1,999,0,nonexistent,no
703,46,blue-collar,married,basic.9y,no,yes,no,cellular,may,mon,98.0,2,999,1,failure,no
704,52,blue-collar,married,basic.9y,no,no,no,cellular,aug,tue,329.0,3,999,0,nonexistent,no
705,40,services,married,basic.6y,unknown,no,no,cellular,apr,thu,140.0,2,999,2,failure,no
706,55,unemployed,divorced,university.degree,no,no,no,cellular,may,thu,190.0,2,999,0,nonexistent,no
707,49,technician,married,university.degree,no,yes,no,cellular,may,thu,820.0,1,999,0,nonexistent,yes
708,31,technician,single,high.school,no,yes,no,cellular,aug,thu,92.0,3,999,0,nonexistent,no
709,35,admin.,married,high.school,unknown,no,no,telephone,jul,fri,189.0,1,999,0,nonexistent,no
710,34,blue-collar,married,basic.9y,unknown,no,no,telephone,jun,mon,73.0,1,999,0,nonexistent,no
711,31,admin.,single,university.degree,no,no,no,telephone,may,wed,90.0,8,999,0,nonexistent,no
712,45,blue-collar,married,basic.9y,unknown,no,yes,telephone,jun,fri,1210.0,1,999,0,nonexistent,yes
713,33,blue-collar,married,professional.course,no,yes,no,telephone,may,fri,208.0,2,999,0,nonexistent,no
714,48,management,married,university.degree,no,yes,yes,telephone,jun,tue,1025.0,7,999,0,nonexistent,yes
715,52,entrepreneur,married,university.degree,unknown,yes,no,telephone,jun,mon,76.0,2,999,0,nonexistent,no
716,31,unemployed,married,university.degree,no,yes,no,cellular,aug,fri,420.0,4,999,0,nonexistent,no
717,36,technician,married,professional.course,no,yes,no,telephone,nov,wed,159.0,7,999,0,nonexistent,no
718,42,services,married,high.school,no,no,no,cellular,may,mon,312.0,2,999,0,nonexistent,no
719,30,technician,single,high.school,no,no,no,telephone,may,wed,438.0,1,999,0,nonexistent,no
720,36,admin.,single,unknown,no,yes,no,cellular,mar,thu,231.0,1,999,0,nonexistent,no
721,32,admin.,single,university.degree,unknown,yes,no,cellular,aug,wed,141.0,2,999,0,nonexistent,no
722,28,admin.,single,high.school,no,yes,no,cellular,mar,fri,300.0,1,999,0,nonexistent,yes
723,33,services,divorced,high.school,no,no,no,telephone,may,wed,201.0,1,999,0,nonexistent,no
724,38,housemaid,married,high.school,no,no,no,cellular,jul,thu,356.0,1,999,0,nonexistent,no
725,43,blue-collar,married,basic.9y,no,no,no,cellular,mar,tue,180.0,2,999,0,nonexistent,yes
726,37,student,divorced,university.degree,no,yes,no,cellular,may,thu,489.0,1,999,1,failure,yes
727,45,admin.,married,unknown,unknown,no,no,cellular,jul,thu,188.0,1,999,0,nonexistent,no
728,28,technician,single,professional.course,no,yes,yes,telephone,may,thu,337.0,4,999,0,nonexistent,no
729,72,retired,married,unknown,no,no,no,cellular,sep,thu,60.0,1,999,0,nonexistent,no
730,41,technician,divorced,university.degree,no,yes,yes,cellular,aug,fri,116.0,2,999,0,nonexistent,no
731,32,admin.,single,university.degree,no,yes,yes,cellular,aug,tue,199.0,2,999,0,nonexistent,no
732,73,retired,married,basic.4y,no,no,no,cellular,aug,fri,453.0,1,999,0,nonexistent,yes
733,26,housemaid,married,basic.4y,no,yes,no,cellular,jul,thu,1151.0,1,999,0,nonexistent,no
734,46,services,married,basic.9y,no,no,yes,cellular,may,wed,227.0,2,999,0,nonexistent,no
735,43,admin.,married,university.degree,no,no,no,cellular,jul,tue,136.0,1,999,0,nonexistent,no
736,32,admin.,married,high.school,no,no,no,cellular,jul,thu,662.0,11,999,0,nonexistent,yes
737,39,services,divorced,basic.6y,no,no,no,cellular,apr,fri,286.0,2,999,1,failure,no
738,52,blue-collar,married,professional.course,unknown,yes,no,cellular,nov,wed,85.0,2,999,0,nonexistent,no
739,19,student,single,high.school,unknown,no,yes,cellular,may,tue,106.0,4,999,0,nonexistent,no
740,34,blue-collar,single,high.school,no,yes,no,cellular,jul,tue,101.0,4,999,0,nonexistent,no
741,40,admin.,single,university.degree,no,yes,yes,telephone,may,mon,190.0,2,999,0,nonexistent,no
742,22,technician,single,professional.course,no,yes,no,cellular,dec,mon,1141.0,1,999,0,nonexistent,yes
743,27,technician,single,professional.course,no,no,no,cellular,jul,mon,581.0,4,999,0,nonexistent,no
744,42,management,divorced,university.degree,no,yes,no,telephone,may,mon,125.0,2,999,0,nonexistent,no
745,50,blue-collar,married,basic.4y,no,yes,no,cellular,jul,tue,186.0,2,999,0,nonexistent,no
746,35,management,married,university.degree,no,yes,no,telephone,oct,mon,309.0,1,999,0,nonexistent,no
747,31,admin.,single,university.degree,no,no,no,cellular,aug,wed,582.0,4,999,0,nonexistent,no
748,39,technician,single,professional.course,no,no,no,cellular,aug,thu,122.0,1,999,0,nonexistent,no
749,36,admin.,married,university.degree,no,no,no,cellular,aug,thu,187.0,1,999,0,nonexistent,no
750,45,technician,married,high.school,no,yes,yes,cellular,aug,tue,474.0,1,999,0,nonexistent,no
751,27,blue-collar,single,basic.6y,no,no,no,telephone,jul,mon,9.0,1,999,0,nonexistent,no
752,37,blue-collar,single,basic.6y,no,yes,no,cellular,apr,fri,99.0,2,999,0,nonexistent,no
753,46,admin.,married,high.school,no,yes,yes,cellular,nov,mon,165.0,1,999,0,nonexistent,no
754,29,admin.,single,university.degree,no,yes,yes,cellular,aug,thu,91.0,1,999,0,nonexistent,no
755,36,blue-collar,married,basic.9y,no,yes,no,cellular,nov,fri,63.0,2,999,0,nonexistent,no
756,47,admin.,single,university.degree,no,no,no,cellular,aug,thu,310.0,3,999,0,nonexistent,no
757,36,services,married,high.school,no,no,yes,telephone,may,wed,166.0,5,999,0,nonexistent,no
758,53,technician,married,professional.course,unknown,no,no,cellular,jul,fri,209.0,1,999,0,nonexistent,no
759,50,blue-collar,married,unknown,unknown,yes,no,cellular,jul,thu,80.0,2,999,0,nonexistent,no
760,58,housemaid,married,basic.4y,unknown,yes,no,cellular,aug,mon,328.0,2,999,0,nonexistent,no
761,42,services,single,high.school,no,yes,no,cellular,may,tue,456.0,2,999,1,failure,no
762,55,admin.,divorced,unknown,unknown,yes,no,telephone,jun,mon,49.0,1,999,0,nonexistent,no
763,60,admin.,married,unknown,no,yes,no,cellular,may,wed,762.0,1,6,2,success,yes
764,39,self-employed,married,professional.course,no,no,no,cellular,jul,thu,49.0,3,999,0,nonexistent,no
765,29,blue-collar,single,basic.9y,no,no,no,cellular,may,wed,68.0,1,999,0,nonexistent,no
766,55,housemaid,married,basic.4y,no,no,no,cellular,jul,wed,469.0,7,999,0,nonexistent,no
767,56,blue-collar,married,basic.4y,no,yes,no,cellular,jul,thu,132.0,1,999,0,nonexistent,no
768,30,services,married,high.school,no,no,no,cellular,nov,wed,101.0,1,999,0,nonexistent,no
769,37,services,married,high.school,no,no,no,cellular,jul,mon,221.0,2,999,0,nonexistent,no
770,34,blue-collar,married,high.school,no,no,no,telephone,may,wed,407.0,2,999,0,nonexistent,no
771,43,blue-collar,married,professional.course,no,no,yes,cellular,nov,fri,432.0,2,999,0,nonexistent,no
772,44,blue-collar,married,basic.9y,unknown,no,no,telephone,may,thu,116.0,2,999,0,nonexistent,no
773,27,blue-collar,married,university.degree,no,no,no,telephone,jun,fri,10.0,19,999,0,nonexistent,no
774,31,services,married,high.school,unknown,yes,no,telephone,jun,mon,174.0,2,999,0,nonexistent,no
775,37,admin.,divorced,high.school,no,no,no,cellular,may,fri,11.0,8,999,1,failure,no
776,53,admin.,divorced,university.degree,no,yes,no,cellular,aug,mon,343.0,2,999,0,nonexistent,no
777,29,admin.,single,university.degree,no,yes,yes,cellular,aug,thu,254.0,3,3,1,success,yes
778,28,admin.,single,high.school,no,yes,no,cellular,may,thu,263.0,1,6,1,success,yes
779,46,unknown,married,basic.4y,unknown,no,no,telephone,may,fri,232.0,1,999,0,nonexistent,no
780,45,entrepreneur,divorced,basic.9y,no,yes,no,cellular,may,tue,29.0,3,999,0,nonexistent,no
781,46,self-employed,married,basic.4y,unknown,no,no,telephone,may,thu,35.0,24,999,0,nonexistent,no
782,36,admin.,single,university.degree,no,yes,no,cellular,mar,mon,231.0,2,999,4,failure,no
783,42,blue-collar,married,basic.4y,no,yes,no,telephone,may,thu,384.0,2,999,0,nonexistent,no
784,31,entrepreneur,divorced,high.school,no,yes,no,telephone,jun,wed,119.0,3,999,0,nonexistent,no
785,28,blue-collar,married,basic.6y,unknown,yes,no,telephone,jun,mon,273.0,5,999,0,nonexistent,no
786,39,admin.,married,university.degree,no,yes,no,telephone,may,fri,238.0,2,999,0,nonexistent,no
787,50,management,single,university.degree,no,no,no,telephone,may,fri,81.0,6,999,0,nonexistent,no
788,37,unemployed,single,university.degree,no,no,yes,cellular,nov,fri,104.0,2,999,0,nonexistent,no
789,32,entrepreneur,single,university.degree,no,yes,no,telephone,may,tue,242.0,2,999,0,nonexistent,no
790,22,blue-collar,single,basic.9y,no,yes,yes,cellular,jul,mon,848.0,1,999,0,nonexistent,yes
791,49,admin.,married,unknown,no,yes,no,telephone,may,fri,731.0,4,999,0,nonexistent,no
792,35,admin.,single,university.degree,no,yes,no,cellular,may,tue,536.0,1,999,1,failure,no
793,54,technician,married,professional.course,no,yes,no,cellular,aug,wed,14.0,10,999,0,nonexistent,no
794,38,entrepreneur,married,basic.9y,no,yes,no,cellular,nov,mon,136.0,1,999,0,nonexistent,no
795,49,admin.,divorced,university.degree,no,no,no,telephone,jun,thu,487.0,1,999,0,nonexistent,no
796,38,entrepreneur,single,university.degree,no,yes,no,telephone,may,mon,30.0,4,999,0,nonexistent,no
797,28,student,single,basic.9y,unknown,yes,no,telephone,may,tue,354.0,1,999,0,nonexistent,no
798,32,admin.,single,university.degree,no,yes,no,cellular,aug,thu,126.0,2,999,0,nonexistent,no
799,27,blue-collar,married,basic.6y,unknown,unknown,unknown,telephone,may,tue,1063.0,2,999,0,nonexistent,yes
800,39,admin.,married,university.degree,no,yes,no,telephone,jun,mon,78.0,2,999,0,nonexistent,no
801,27,admin.,single,university.degree,unknown,yes,no,cellular,jul,tue,72.0,1,999,0,nonexistent,no
802,34,admin.,married,basic.9y,no,yes,no,cellular,apr,mon,12.0,5,999,0,nonexistent,no
803,35,services,married,high.school,unknown,yes,no,cellular,may,tue,31.0,1,999,0,nonexistent,no
804,28,blue-collar,single,basic.9y,no,yes,no,cellular,jul,fri,267.0,1,999,0,nonexistent,no
805,35,blue-collar,married,basic.4y,no,no,no,cellular,may,fri,13.0,9,999,0,nonexistent,no
806,40,blue-collar,married,basic.4y,no,yes,no,cellular,nov,thu,377.0,3,999,0,nonexistent,no
807,36,blue-collar,married,basic.9y,no,yes,yes,cellular,jul,mon,256.0,3,999,0,nonexistent,no
808,45,admin.,single,university.degree,no,yes,no,cellular,jul,thu,544.0,1,999,0,nonexistent,no
809,55,entrepreneur,divorced,university.degree,no,no,no,cellular,nov,fri,48.0,1,999,0,nonexistent,no
810,31,blue-collar,married,basic.9y,no,yes,no,cellular,may,fri,122.0,1,999,1,failure,no
811,34,blue-collar,married,basic.9y,no,no,no,cellular,apr,mon,86.0,2,999,0,nonexistent,no
812,30,admin.,single,high.school,no,no,no,cellular,apr,thu,75.0,1,999,0,nonexistent,no
813,53,blue-collar,married,high.school,no,yes,no,cellular,jul,tue,118.0,7,999,0,nonexistent,no
814,31,services,divorced,high.school,no,no,no,cellular,apr,mon,150.0,2,999,0,nonexistent,no
815,54,management,divorced,university.degree,no,yes,no,telephone,may,mon,106.0,3,999,0,nonexistent,no
816,31,technician,single,university.degree,no,no,no,cellular,jul,thu,305.0,1,999,0,nonexistent,no
817,43,technician,married,basic.9y,unknown,no,no,telephone,jun,thu,246.0,2,999,0,nonexistent,no
818,52,services,married,high.school,unknown,no,no,cellular,jul,mon,76.0,2,999,0,nonexistent,no
819,45,admin.,married,high.school,no,yes,no,telephone,may,thu,103.0,4,999,0,nonexistent,no
820,32,technician,single,professional.course,no,yes,no,cellular,aug,tue,60.0,4,999,0,nonexistent,no
821,32,services,single,university.degree,no,yes,no,cellular,may,tue,366.0,1,999,0,nonexistent,no
822,71,retired,married,professional.course,no,yes,no,cellular,jul,thu,115.0,3,999,0,nonexistent,no
823,45,services,single,high.school,no,yes,no,cellular,may,fri,127.0,2,999,0,nonexistent,no
824,30,admin.,married,university.degree,no,no,no,cellular,aug,fri,186.0,3,999,0,nonexistent,no
825,34,technician,married,professional.course,no,no,no,cellular,aug,tue,193.0,1,13,1,success,yes
826,42,blue-collar,married,basic.9y,unknown,yes,no,cellular,apr,tue,189.0,2,999,0,nonexistent,no
827,52,admin.,married,high.school,unknown,yes,no,telephone,may,wed,99.0,5,999,0,nonexistent,no
828,57,housemaid,divorced,basic.4y,no,yes,no,telephone,may,mon,293.0,1,999,0,nonexistent,no
829,34,technician,divorced,basic.9y,no,no,no,telephone,jun,wed,105.0,1,999,0,nonexistent,no
830,28,unemployed,single,basic.4y,no,yes,no,cellular,oct,fri,160.0,2,4,1,success,no
831,58,retired,married,basic.4y,unknown,yes,no,telephone,jun,thu,179.0,1,999,0,nonexistent,no
832,30,admin.,single,university.degree,no,yes,yes,telephone,nov,fri,33.0,1,999,0,nonexistent,no
833,52,technician,married,professional.course,no,yes,yes,cellular,sep,mon,211.0,1,999,1,failure,yes
834,30,blue-collar,single,basic.9y,no,no,no,telephone,jun,wed,83.0,11,999,0,nonexistent,no
835,41,services,married,basic.6y,no,yes,no,cellular,may,fri,394.0,10,999,0,nonexistent,no
836,37,services,married,high.school,no,no,no,telephone,may,wed,74.0,3,999,0,nonexistent,no
837,50,blue-collar,married,basic.4y,unknown,yes,no,telephone,may,tue,507.0,1,999,0,nonexistent,no
838,32,technician,married,university.degree,no,yes,no,telephone,jun,fri,562.0,2,999,0,nonexistent,no
839,33,student,single,unknown,no,yes,yes,cellular,aug,tue,203.0,1,999,0,nonexistent,no
840,30,technician,married,university.degree,unknown,yes,no,telephone,may,wed,72.0,3,999,0,nonexistent,no
841,36,technician,divorced,professional.course,no,no,no,cellular,may,thu,31.0,1,999,0,nonexistent,no
842,37,services,married,high.school,no,yes,no,telephone,may,mon,149.0,1,999,0,nonexistent,no
843,37,services,married,high.school,no,yes,no,telephone,may,mon,226.0,1,999,0,nonexistent,no
844,32,admin.,single,university.degree,no,yes,no,cellular,jul,thu,150.0,1,999,0,nonexistent,no
845,50,blue-collar,married,basic.4y,unknown,unknown,unknown,telephone,may,tue,153.0,1,999,0,nonexistent,no
846,56,services,married,high.school,no,yes,no,cellular,nov,mon,578.0,1,999,0,nonexistent,no
847,19,student,single,basic.9y,no,yes,no,cellular,sep,wed,207.0,2,999,1,failure,no
848,45,student,single,unknown,no,yes,no,cellular,oct,wed,316.0,2,999,2,failure,no
849,41,admin.,married,high.school,no,no,no,cellular,aug,mon,88.0,1,999,0,nonexistent,no
850,47,unknown,married,unknown,no,no,no,cellular,apr,thu,85.0,1,999,0,nonexistent,no
851,27,blue-collar,married,basic.9y,unknown,yes,no,telephone,may,wed,466.0,1,999,0,nonexistent,no
852,52,services,divorced,basic.6y,no,no,no,telephone,may,tue,393.0,1,999,0,nonexistent,no
853,36,technician,single,high.school,no,yes,no,cellular,may,thu,208.0,1,999,1,failure,no
854,32,technician,married,university.degree,unknown,no,no,cellular,aug,wed,212.0,2,999,0,nonexistent,no
855,39,blue-collar,married,basic.9y,unknown,yes,no,cellular,may,mon,400.0,2,999,1,failure,no
856,20,blue-collar,single,high.school,no,yes,no,cellular,may,wed,410.0,1,999,0,nonexistent,no
857,27,services,married,high.school,no,yes,no,cellular,jul,mon,250.0,3,999,0,nonexistent,no
858,51,blue-collar,divorced,basic.6y,unknown,no,no,telephone,may,tue,518.0,2,999,0,nonexistent,no
859,47,technician,divorced,university.degree,no,no,no,telephone,may,mon,130.0,3,999,0,nonexistent,no
860,37,,married,university.degree,no,yes,no,cellular,aug,tue,198.0,2,999,0,nonexistent,no
861,31,blue-collar,single,high.school,no,yes,no,cellular,nov,wed,251.0,1,999,1,failure,no
862,38,management,married,university.degree,no,yes,no,cellular,nov,thu,258.0,1,999,0,nonexistent,no
863,36,services,married,high.school,unknown,yes,yes,cellular,may,fri,108.0,1,999,0,nonexistent,no
864,48,technician,married,professional.course,no,no,no,telephone,nov,mon,106.0,1,999,0,nonexistent,no
865,42,admin.,married,basic.9y,unknown,no,yes,cellular,jul,tue,336.0,1,999,0,nonexistent,no
866,36,admin.,married,university.degree,no,yes,no,cellular,aug,wed,134.0,3,999,0,nonexistent,no
867,47,self-employed,married,basic.4y,unknown,no,no,cellular,may,thu,168.0,1,999,0,nonexistent,no
868,46,technician,married,professional.course,no,no,no,cellular,nov,mon,64.0,3,999,0,nonexistent,no
869,31,technician,single,professional.course,no,yes,no,cellular,aug,tue,176.0,1,999,0,nonexistent,no
870,64,unknown,married,unknown,no,no,no,cellular,aug,tue,275.0,1,999,0,nonexistent,no
871,27,entrepreneur,married,university.degree,no,yes,no,cellular,may,mon,153.0,2,999,0,nonexistent,no
872,28,admin.,single,university.degree,no,yes,no,cellular,oct,mon,92.0,4,17,3,failure,no
873,44,blue-collar,single,high.school,no,no,no,telephone,may,wed,292.0,1,999,0,nonexistent,no
874,30,blue-collar,single,basic.9y,no,no,no,cellular,nov,thu,197.0,1,999,0,nonexistent,no
875,32,admin.,single,university.degree,no,no,no,cellular,aug,thu,211.0,4,999,0,nonexistent,no
876,38,admin.,married,university.degree,no,yes,yes,cellular,aug,fri,62.0,1,999,0,nonexistent,no
877,54,blue-collar,married,basic.9y,unknown,yes,no,cellular,jul,fri,602.0,5,999,0,nonexistent,no
878,41,management,married,university.degree,no,no,yes,cellular,may,thu,35.0,1,999,0,nonexistent,no
879,32,blue-collar,divorced,basic.9y,no,no,no,telephone,may,mon,287.0,1,999,0,nonexistent,no
880,34,technician,married,professional.course,no,yes,no,cellular,nov,fri,93.0,2,999,0,nonexistent,no
881,32,technician,married,university.degree,unknown,yes,no,cellular,aug,tue,695.0,3,999,0,nonexistent,no
882,31,blue-collar,married,basic.4y,no,no,yes,cellular,may,thu,204.0,2,999,1,failure,no
883,51,admin.,divorced,basic.9y,no,yes,no,cellular,may,wed,113.0,1,999,0,nonexistent,no
884,38,blue-collar,married,high.school,unknown,no,no,telephone,jun,fri,58.0,1,999,0,nonexistent,no
885,29,housemaid,married,university.degree,no,yes,no,cellular,aug,mon,155.0,2,999,0,nonexistent,no
886,56,retired,married,basic.9y,no,yes,yes,telephone,may,wed,71.0,4,999,0,nonexistent,no
887,30,admin.,divorced,university.degree,no,no,no,cellular,aug,fri,129.0,2,999,0,nonexistent,no
888,48,services,married,basic.9y,no,yes,no,cellular,jul,wed,178.0,1,999,0,nonexistent,no
889,37,admin.,married,high.school,no,yes,no,telephone,may,mon,124.0,1,999,0,nonexistent,no
890,41,blue-collar,married,basic.9y,no,yes,yes,cellular,may,wed,107.0,2,999,0,nonexistent,no
891,38,blue-collar,married,high.school,unknown,yes,no,cellular,may,wed,118.0,1,999,1,failure,no
892,37,admin.,married,university.degree,no,yes,yes,cellular,aug,fri,239.0,3,999,0,nonexistent,no
893,44,services,married,high.school,no,no,no,cellular,aug,thu,464.0,3,999,0,nonexistent,no
894,40,technician,married,university.degree,no,no,no,cellular,may,mon,192.0,4,999,1,failure,no
895,32,entrepreneur,married,basic.6y,no,yes,yes,cellular,nov,wed,56.0,2,999,0,nonexistent,no
896,25,blue-collar,married,basic.9y,no,no,no,telephone,may,fri,483.0,1,999,0,nonexistent,no
897,38,services,married,basic.9y,no,unknown,unknown,telephone,may,tue,114.0,1,999,0,nonexistent,no
898,35,blue-collar,married,basic.6y,no,no,no,cellular,apr,fri,77.0,3,999,1,failure,no
899,38,blue-collar,married,basic.6y,no,yes,no,telephone,may,fri,110.0,3,999,0,nonexistent,no
900,37,self-employed,divorced,university.degree,no,no,no,cellular,may,wed,143.0,3,999,1,failure,no
901,43,blue-collar,divorced,basic.9y,unknown,no,no,cellular,jul,tue,141.0,4,999,0,nonexistent,no
902,30,services,single,high.school,no,no,no,cellular,may,mon,75.0,1,999,1,failure,no
903,30,technician,married,professional.course,no,no,no,telephone,aug,wed,645.0,7,999,0,nonexistent,yes
904,47,technician,single,professional.course,no,yes,no,cellular,jul,mon,108.0,2,999,0,nonexistent,no
905,36,technician,married,high.school,no,no,no,telephone,jul,thu,110.0,6,999,0,nonexistent,no
906,53,blue-collar,married,basic.9y,no,yes,no,cellular,aug,fri,58.0,1,999,0,nonexistent,no
907,31,blue-collar,single,basic.9y,no,yes,yes,cellular,jul,fri,1081.0,2,999,0,nonexistent,yes
908,42,technician,married,university.degree,no,no,no,cellular,jul,wed,361.0,1,999,1,failure,yes
909,29,management,married,university.degree,no,yes,no,cellular,jul,tue,181.0,1,999,0,nonexistent,no
910,60,management,married,university.degree,no,no,no,telephone,jun,mon,526.0,2,999,0,nonexistent,yes
911,32,services,single,high.school,no,no,no,cellular,nov,wed,265.0,1,999,0,nonexistent,no
912,34,admin.,married,university.degree,no,no,no,cellular,nov,fri,124.0,3,999,0,nonexistent,no
913,34,admin.,married,university.degree,no,no,no,telephone,may,fri,85.0,4,999,0,nonexistent,no
914,29,entrepreneur,married,high.school,no,yes,no,cellular,may,thu,539.0,1,999,0,nonexistent,no
915,42,entrepreneur,married,high.school,no,no,no,cellular,jul,mon,217.0,1,999,0,nonexistent,no
916,26,admin.,married,university.degree,no,yes,no,cellular,jul,thu,182.0,1,999,0,nonexistent,no
917,55,technician,married,basic.9y,unknown,yes,no,telephone,may,wed,958.0,2,999,0,nonexistent,yes
918,32,services,divorced,high.school,no,yes,no,cellular,nov,tue,74.0,2,999,1,failure,no
919,31,admin.,married,university.degree,no,yes,no,cellular,nov,thu,95.0,1,999,0,nonexistent,no
920,39,services,married,high.school,no,yes,yes,cellular,may,tue,200.0,1,999,0,nonexistent,no
921,57,admin.,divorced,basic.9y,unknown,no,no,telephone,may,tue,452.0,2,999,0,nonexistent,no
922,35,blue-collar,married,high.school,no,no,no,telephone,jun,fri,107.0,1,999,0,nonexistent,no
923,36,technician,married,professional.course,no,no,no,telephone,may,wed,142.0,10,999,0,nonexistent,no
924,50,housemaid,married,basic.4y,no,no,no,cellular,aug,mon,343.0,1,999,0,nonexistent,no
925,35,admin.,married,high.school,no,no,no,cellular,aug,mon,155.0,1,4,1,success,no
926,29,admin.,married,university.degree,no,yes,yes,cellular,apr,wed,245.0,1,999,0,nonexistent,yes
927,33,management,single,university.degree,no,no,no,cellular,apr,tue,113.0,3,999,1,failure,no
928,22,services,single,high.school,no,yes,no,telephone,may,mon,345.0,1,999,0,nonexistent,no
929,53,admin.,divorced,basic.9y,no,no,yes,cellular,may,fri,164.0,1,999,0,nonexistent,no
930,37,entrepreneur,married,university.degree,unknown,no,no,cellular,nov,mon,94.0,2,999,1,failure,no
931,34,services,married,professional.course,no,yes,yes,cellular,may,mon,675.0,3,999,0,nonexistent,no
932,45,entrepreneur,married,basic.6y,no,no,no,telephone,jun,wed,215.0,2,999,0,nonexistent,no
933,57,blue-collar,married,basic.4y,unknown,no,no,telephone,may,thu,154.0,1,999,0,nonexistent,no
934,58,retired,married,basic.4y,no,yes,yes,cellular,aug,fri,89.0,3,999,0,nonexistent,no
935,33,admin.,married,university.degree,no,no,yes,telephone,jun,tue,277.0,2,999,0,nonexistent,no
936,42,blue-collar,married,basic.6y,unknown,yes,no,cellular,may,wed,458.0,3,999,0,nonexistent,no
937,41,blue-collar,married,basic.9y,no,yes,no,cellular,apr,fri,69.0,1,999,1,failure,no
938,27,admin.,single,university.degree,no,no,no,cellular,may,tue,134.0,1,3,1,success,no
939,38,technician,single,basic.6y,no,no,no,cellular,nov,wed,296.0,1,999,0,nonexistent,no
940,44,technician,single,professional.course,no,yes,no,cellular,nov,fri,18.0,4,999,0,nonexistent,no
941,35,admin.,married,university.degree,no,yes,yes,telephone,may,thu,369.0,1,999,0,nonexistent,no
942,55,retired,divorced,professional.course,no,no,yes,telephone,may,wed,217.0,2,999,0,nonexistent,no
943,53,management,married,university.degree,no,yes,no,cellular,may,wed,92.0,2,999,1,failure,no
944,54,admin.,married,high.school,no,yes,yes,cellular,aug,wed,19.0,13,999,0,nonexistent,no
945,67,retired,married,professional.course,no,yes,no,cellular,apr,wed,140.0,1,999,0,nonexistent,yes
946,50,blue-collar,single,basic.9y,unknown,yes,no,telephone,may,thu,57.0,2,999,0,nonexistent,no
947,35,admin.,married,university.degree,no,no,yes,telephone,nov,tue,79.0,4,999,0,nonexistent,no
948,39,blue-collar,married,basic.4y,unknown,no,no,telephone,jun,fri,250.0,1,999,0,nonexistent,no
949,35,blue-collar,divorced,basic.9y,no,no,yes,cellular,jul,tue,1083.0,2,999,0,nonexistent,no
950,36,admin.,married,basic.9y,no,no,no,telephone,jun,wed,121.0,3,999,0,nonexistent,no
951,46,entrepreneur,married,university.degree,no,yes,yes,cellular,apr,thu,285.0,5,999,0,nonexistent,no
952,39,blue-collar,married,basic.9y,no,yes,no,telephone,may,fri,83.0,2,999,0,nonexistent,no
953,58,admin.,divorced,university.degree,unknown,no,no,cellular,aug,mon,74.0,2,999,0,nonexistent,no
954,33,admin.,single,high.school,no,no,no,cellular,jul,fri,191.0,1,999,0,nonexistent,no
955,39,blue-collar,married,basic.9y,no,yes,no,cellular,apr,wed,120.0,1,999,1,failure,no
956,36,self-employed,divorced,university.degree,no,yes,no,telephone,jun,thu,130.0,2,999,0,nonexistent,no
957,44,unemployed,married,high.school,no,yes,no,cellular,aug,thu,143.0,1,3,1,success,no
958,32,blue-collar,married,basic.6y,no,no,yes,telephone,may,wed,36.0,2,999,0,nonexistent,no
959,32,technician,married,professional.course,no,yes,yes,cellular,may,wed,160.0,1,999,0,nonexistent,no
960,33,admin.,married,university.degree,no,no,no,telephone,aug,fri,120.0,1,999,0,nonexistent,no
961,33,self-employed,married,basic.9y,unknown,no,no,cellular,jul,thu,466.0,1,999,0,nonexistent,no
962,29,technician,single,university.degree,no,yes,no,cellular,jun,wed,138.0,1,999,0,nonexistent,no
963,46,entrepreneur,married,unknown,unknown,yes,no,telephone,jun,fri,86.0,1,999,0,nonexistent,no
964,57,management,married,university.degree,no,yes,no,telephone,nov,fri,109.0,1,999,0,nonexistent,no
965,45,technician,married,basic.9y,unknown,no,no,cellular,nov,fri,174.0,1,999,0,nonexistent,no
966,25,services,married,high.school,no,no,no,cellular,jul,tue,259.0,1,999,0,nonexistent,no
967,32,technician,married,professional.course,no,no,no,cellular,oct,wed,486.0,1,999,0,nonexistent,yes
968,40,blue-collar,married,high.school,no,yes,no,cellular,nov,fri,144.0,1,999,0,nonexistent,no
969,31,admin.,single,high.school,no,yes,yes,cellular,jul,mon,936.0,4,999,0,nonexistent,no
970,37,admin.,married,high.school,no,yes,no,telephone,nov,fri,136.0,1,999,0,nonexistent,no
971,54,services,married,high.school,no,no,no,telephone,jun,fri,7.0,20,999,0,nonexistent,no
972,35,admin.,married,university.degree,unknown,no,no,cellular,aug,mon,45.0,3,999,0,nonexistent,no
973,51,blue-collar,married,basic.4y,no,yes,yes,telephone,jun,mon,184.0,1,999,0,nonexistent,no
974,43,entrepreneur,married,basic.4y,no,yes,no,telephone,may,tue,147.0,3,999,0,nonexistent,no
975,35,services,married,high.school,no,no,no,cellular,apr,thu,1034.0,2,999,0,nonexistent,yes
976,33,admin.,single,university.degree,no,no,no,cellular,apr,wed,171.0,2,999,0,nonexistent,no
977,36,management,married,basic.6y,no,yes,no,cellular,oct,tue,332.0,1,999,1,failure,yes
978,48,services,divorced,high.school,no,unknown,unknown,cellular,apr,mon,124.0,1,999,1,failure,no
979,46,management,married,basic.9y,unknown,yes,no,telephone,jun,tue,495.0,2,999,0,nonexistent,no
980,30,blue-collar,married,basic.6y,unknown,yes,no,telephone,may,fri,190.0,1,999,0,nonexistent,no
981,39,services,single,high.school,unknown,no,yes,telephone,jun,mon,126.0,3,999,0,nonexistent,no
982,54,housemaid,unknown,basic.4y,no,yes,no,cellular,jul,wed,198.0,13,999,0,nonexistent,no
983,33,admin.,single,university.degree,no,yes,no,cellular,aug,tue,99.0,6,999,0,nonexistent,no
984,60,technician,divorced,professional.course,unknown,yes,no,telephone,may,fri,57.0,2,999,0,nonexistent,no
985,31,admin.,married,university.degree,no,yes,yes,cellular,may,mon,173.0,1,999,0,nonexistent,no
986,43,unemployed,married,professional.course,no,no,yes,cellular,aug,wed,120.0,1,999,0,nonexistent,no
987,36,technician,single,basic.9y,no,no,no,cellular,nov,thu,174.0,1,999,0,nonexistent,no
988,42,blue-collar,married,basic.4y,unknown,yes,no,telephone,may,fri,72.0,2,999,0,nonexistent,no
989,35,technician,married,university.degree,no,no,no,cellular,jul,fri,642.0,1,999,0,nonexistent,no
990,35,technician,married,university.degree,no,yes,no,cellular,aug,tue,55.0,2,999,0,nonexistent,no
991,29,technician,married,university.degree,no,no,no,cellular,aug,wed,201.0,1,999,0,nonexistent,no
992,32,blue-collar,married,basic.9y,no,no,no,telephone,may,wed,146.0,1,999,0,nonexistent,no
993,46,blue-collar,married,basic.6y,no,no,yes,cellular,nov,tue,97.0,2,999,0,nonexistent,no
994,30,services,single,high.school,no,yes,no,cellular,jul,fri,252.0,2,999,0,nonexistent,no
995,46,admin.,married,high.school,no,no,no,telephone,jun,fri,10.0,2,999,0,nonexistent,no
996,34,admin.,married,university.degree,no,no,no,cellular,aug,mon,1238.0,1,999,0,nonexistent,yes
997,46,blue-collar,married,basic.4y,unknown,yes,no,telephone,may,tue,404.0,2,999,0,nonexistent,no
998,43,blue-collar,divorced,basic.9y,no,unknown,unknown,cellular,nov,thu,73.0,3,999,0,nonexistent,no
999,44,technician,married,unknown,no,yes,no,cellular,apr,mon,104.0,1,999,1,failure,no
1000,51,blue-collar,married,basic.9y,no,yes,no,telephone,may,wed,90.0,2,999,0,nonexistent,no
1001,59,retired,married,basic.4y,unknown,yes,yes,telephone,may,wed,571.0,1,999,0,nonexistent,no
1002,35,admin.,married,university.degree,no,no,no,telephone,may,tue,144.0,1,999,0,nonexistent,no
1003,82,retired,single,basic.4y,no,yes,no,cellular,oct,thu,251.0,2,999,0,nonexistent,yes
1004,37,technician,married,high.school,unknown,no,no,cellular,aug,thu,91.0,1,999,0,nonexistent,no
1005,36,student,single,basic.9y,no,yes,no,telephone,jun,thu,176.0,1,999,0,nonexistent,no
1006,31,blue-collar,married,unknown,no,no,no,telephone,jun,fri,339.0,5,999,0,nonexistent,no
1007,30,technician,married,professional.course,no,yes,yes,cellular,jul,mon,699.0,3,999,0,nonexistent,no
1008,39,technician,married,basic.9y,no,no,no,cellular,sep,fri,171.0,2,999,1,failure,no
1009,34,blue-collar,single,basic.9y,unknown,no,no,telephone,jun,wed,159.0,1,999,0,nonexistent,no
1010,33,self-employed,married,basic.9y,no,no,no,telephone,jun,fri,330.0,1,999,0,nonexistent,no
1011,43,self-employed,married,high.school,no,yes,no,telephone,oct,wed,181.0,1,999,0,nonexistent,yes
1012,28,self-employed,married,professional.course,no,yes,yes,telephone,may,wed,85.0,3,999,0,nonexistent,no
1013,54,technician,married,basic.9y,no,no,no,cellular,nov,tue,284.0,2,999,1,failure,yes
1014,74,retired,married,basic.4y,no,no,no,telephone,apr,mon,1143.0,5,999,0,nonexistent,yes
1015,36,entrepreneur,married,university.degree,no,yes,no,cellular,jul,wed,191.0,2,999,0,nonexistent,no
1016,29,technician,married,university.degree,no,no,no,cellular,jul,thu,652.0,7,999,0,nonexistent,no
1017,43,entrepreneur,married,high.school,no,yes,yes,telephone,may,mon,642.0,2,999,0,nonexistent,yes
1018,30,self-employed,single,university.degree,no,no,no,telephone,jun,thu,39.0,1,999,0,nonexistent,no
1019,44,technician,divorced,professional.course,no,yes,no,cellular,jul,tue,121.0,2,999,0,nonexistent,no
1020,39,admin.,single,high.school,unknown,no,no,telephone,may,thu,344.0,2,999,0,nonexistent,no
1021,46,blue-collar,married,professional.course,no,no,no,cellular,nov,fri,383.0,1,999,0,nonexistent,no
1022,30,admin.,single,university.degree,no,no,no,cellular,may,fri,197.0,1,999,1,failure,no
1023,58,housemaid,married,university.degree,unknown,no,no,telephone,may,wed,162.0,1,999,0,nonexistent,no
1024,33,blue-collar,married,unknown,no,yes,no,cellular,jul,mon,43.0,2,999,0,nonexistent,no
1025,48,housemaid,married,basic.6y,unknown,yes,no,telephone,jun,mon,425.0,2,999,0,nonexistent,no
1026,40,blue-collar,married,basic.6y,unknown,yes,yes,telephone,jun,mon,21.0,1,999,0,nonexistent,no
1027,38,entrepreneur,married,basic.4y,no,yes,no,cellular,may,tue,360.0,1,999,1,failure,no
1028,31,blue-collar,single,basic.9y,unknown,no,yes,telephone,jun,fri,70.0,2,999,0,nonexistent,no
1029,39,technician,single,professional.course,no,no,no,telephone,may,tue,15.0,1,999,0,nonexistent,no
1030,46,blue-collar,married,basic.9y,unknown,no,no,telephone,may,tue,210.0,3,999,0,nonexistent,no
1031,21,blue-collar,single,basic.9y,no,no,no,cellular,may,mon,37.0,2,999,0,nonexistent,no
1032,42,admin.,married,university.degree,no,no,no,cellular,nov,mon,62.0,1,999,1,failure,no
1033,36,blue-collar,married,basic.9y,no,yes,no,cellular,nov,tue,320.0,1,999,2,failure,no
1034,50,admin.,married,university.degree,no,yes,no,telephone,may,fri,152.0,4,999,0,nonexistent,no
1035,30,student,single,university.degree,no,yes,no,cellular,apr,mon,23.0,6,999,0,nonexistent,no
1036,33,technician,married,professional.course,unknown,yes,no,cellular,aug,mon,303.0,1,999,0,nonexistent,no
1037,45,admin.,married,university.degree,no,yes,no,cellular,aug,tue,245.0,1,999,0,nonexistent,no
1038,51,entrepreneur,single,unknown,no,yes,no,telephone,may,mon,97.0,3,999,0,nonexistent,no
1039,44,housemaid,married,basic.4y,unknown,no,no,telephone,jun,thu,124.0,2,999,0,nonexistent,no
1040,26,technician,single,high.school,no,yes,no,cellular,jul,mon,377.0,3,999,0,nonexistent,no
1041,35,blue-collar,married,basic.9y,no,no,no,telephone,may,fri,131.0,3,999,0,nonexistent,no
1042,28,admin.,single,university.degree,no,yes,no,cellular,may,mon,442.0,1,999,1,failure,yes
1043,56,services,divorced,high.school,unknown,yes,no,telephone,jun,mon,13.0,1,999,0,nonexistent,no
1044,32,housemaid,married,basic.4y,no,no,no,telephone,may,wed,110.0,2,999,0,nonexistent,no
1045,28,blue-collar,married,basic.9y,unknown,no,no,cellular,may,fri,182.0,2,999,1,failure,no
1046,57,retired,married,basic.4y,no,no,yes,cellular,jun,mon,292.0,1,999,0,nonexistent,no
1047,41,management,married,university.degree,unknown,yes,no,telephone,may,wed,136.0,8,999,0,nonexistent,no
1048,29,student,single,unknown,no,no,no,telephone,may,mon,1143.0,4,999,0,nonexistent,no
1049,34,admin.,single,high.school,no,no,yes,telephone,may,wed,195.0,1,999,0,nonexistent,no
1050,34,admin.,single,university.degree,no,yes,no,telephone,aug,tue,205.0,1,999,0,nonexistent,yes
1051,62,technician,married,unknown,no,yes,no,cellular,apr,fri,215.0,2,999,1,failure,no
1052,46,self-employed,married,professional.course,no,yes,no,telephone,jun,fri,174.0,2,999,0,nonexistent,no
1053,30,blue-collar,single,high.school,no,yes,no,cellular,aug,thu,296.0,7,999,0,nonexistent,no
1054,48,technician,married,professional.course,no,yes,no,telephone,may,thu,237.0,2,999,0,nonexistent,no
1055,45,admin.,married,high.school,unknown,no,yes,cellular,jul,mon,301.0,1,999,0,nonexistent,no
1056,32,technician,single,professional.course,no,no,no,cellular,jun,mon,524.0,1,999,0,nonexistent,no
1057,39,blue-collar,married,basic.9y,no,no,no,cellular,apr,fri,407.0,2,999,0,nonexistent,no
1058,31,technician,single,university.degree,no,yes,no,cellular,aug,mon,143.0,2,999,0,nonexistent,no
1059,36,blue-collar,married,basic.6y,no,yes,no,cellular,nov,wed,723.0,1,999,0,nonexistent,no
1060,33,technician,single,professional.course,no,yes,no,cellular,aug,wed,136.0,1,999,0,nonexistent,no
1061,50,admin.,divorced,university.degree,no,yes,no,cellular,mar,tue,136.0,19,999,0,nonexistent,no
1062,23,student,single,high.school,no,yes,no,cellular,may,wed,435.0,1,999,0,nonexistent,no
1063,24,management,single,university.degree,no,yes,no,cellular,may,thu,513.0,9,999,0,nonexistent,yes
1064,34,admin.,single,university.degree,no,yes,no,cellular,may,wed,36.0,1,999,1,failure,no
1065,47,admin.,divorced,university.degree,no,yes,yes,cellular,aug,tue,185.0,1,999,0,nonexistent,yes
1066,44,entrepreneur,married,high.school,no,yes,no,cellular,jul,tue,300.0,1,999,0,nonexistent,no
1067,39,services,married,high.school,no,no,no,telephone,may,tue,919.0,2,999,0,nonexistent,no
1068,54,management,married,university.degree,no,yes,no,cellular,apr,thu,311.0,1,999,0,nonexistent,no
1069,31,blue-collar,married,basic.9y,no,yes,no,cellular,jul,wed,590.0,1,999,0,nonexistent,yes
1070,58,retired,married,high.school,no,yes,no,cellular,jul,wed,124.0,1,999,0,nonexistent,no
1071,30,services,single,high.school,no,no,no,telephone,jul,thu,444.0,5,999,0,nonexistent,no
1072,47,blue-collar,married,basic.9y,no,yes,no,telephone,jun,mon,109.0,3,999,0,nonexistent,no
1073,30,admin.,single,high.school,no,no,no,cellular,jul,wed,95.0,3,999,0,nonexistent,no
1074,27,student,single,university.degree,no,yes,no,cellular,jul,thu,393.0,1,999,0,nonexistent,no
1075,33,blue-collar,married,basic.6y,no,yes,no,telephone,jun,mon,685.0,5,999,0,nonexistent,no
1076,34,blue-collar,married,basic.9y,unknown,no,no,telephone,may,tue,59.0,1,999,0,nonexistent,no
1077,35,admin.,married,university.degree,no,no,no,cellular,nov,wed,630.0,1,999,0,nonexistent,no
1078,25,admin.,single,basic.9y,no,yes,no,cellular,jul,thu,14.0,28,999,0,nonexistent,no
1079,30,admin.,single,university.degree,no,yes,no,cellular,jul,thu,39.0,2,999,0,nonexistent,no
1080,40,blue-collar,married,basic.4y,unknown,no,no,cellular,nov,thu,22.0,5,999,0,nonexistent,no
1081,38,housemaid,married,high.school,no,yes,no,cellular,jul,thu,108.0,2,999,0,nonexistent,no
1082,54,admin.,divorced,high.school,no,no,no,cellular,jul,mon,493.0,5,999,0,nonexistent,no
1083,42,admin.,divorced,university.degree,no,yes,no,telephone,jun,wed,163.0,1,999,0,nonexistent,no
1084,39,services,divorced,high.school,no,no,yes,cellular,jul,thu,187.0,1,999,0,nonexistent,no
1085,29,admin.,married,university.degree,no,yes,no,cellular,jul,wed,39.0,9,999,0,nonexistent,no
1086,40,admin.,single,university.degree,no,yes,no,telephone,may,mon,194.0,3,999,0,nonexistent,no
1087,40,admin.,single,university.degree,unknown,no,no,cellular,jul,mon,192.0,1,999,0,nonexistent,no
1088,43,services,married,high.school,no,no,no,telephone,jun,wed,386.0,5,999,0,nonexistent,no
1089,28,admin.,single,university.degree,no,no,no,telephone,jun,fri,138.0,1,999,0,nonexistent,no
1090,39,management,married,university.degree,no,no,no,telephone,may,mon,102.0,22,999,0,nonexistent,no
1091,44,services,divorced,high.school,no,yes,yes,cellular,apr,tue,895.0,1,999,0,nonexistent,yes
1092,58,services,married,basic.4y,no,no,no,telephone,jun,thu,75.0,1,999,0,nonexistent,no
1093,38,admin.,married,university.degree,no,no,no,telephone,may,wed,438.0,4,999,0,nonexistent,no
1094,32,admin.,divorced,university.degree,no,yes,no,cellular,aug,tue,66.0,1,999,0,nonexistent,no
1095,30,entrepreneur,single,university.degree,no,yes,yes,cellular,nov,tue,309.0,1,999,0,nonexistent,no
1096,61,entrepreneur,married,university.degree,unknown,yes,no,cellular,aug,tue,651.0,1,999,0,nonexistent,yes
1097,31,technician,single,professional.course,no,yes,no,cellular,apr,thu,270.0,1,999,1,failure,no
1098,37,admin.,single,high.school,no,yes,yes,cellular,jul,thu,114.0,4,999,2,failure,no
1099,38,admin.,married,university.degree,no,yes,no,cellular,aug,mon,317.0,1,999,0,nonexistent,no
1100,51,management,married,basic.4y,no,no,no,telephone,may,wed,216.0,1,999,0,nonexistent,no
1101,34,admin.,single,university.degree,no,yes,no,cellular,nov,thu,89.0,1,3,2,success,yes
1102,32,admin.,single,university.degree,no,no,no,telephone,nov,wed,125.0,3,999,0,nonexistent,no
1103,34,technician,single,professional.course,no,yes,no,cellular,jul,wed,100.0,2,999,0,nonexistent,no
1104,57,retired,married,high.school,unknown,yes,no,telephone,may,fri,42.0,2,999,0,nonexistent,no
1105,47,management,married,high.school,no,no,no,cellular,may,mon,57.0,1,9,2,failure,no
1106,30,blue-collar,single,basic.9y,no,yes,no,cellular,may,thu,623.0,1,10,1,success,yes
1107,24,technician,married,professional.course,no,no,no,telephone,jun,thu,93.0,2,999,0,nonexistent,no
1108,31,admin.,divorced,high.school,no,yes,no,cellular,may,mon,472.0,1,999,1,failure,no
1109,56,retired,married,high.school,unknown,yes,no,telephone,jun,wed,367.0,1,999,0,nonexistent,no
1110,43,admin.,married,university.degree,no,yes,no,cellular,jun,tue,91.0,1,999,0,nonexistent,no
1111,52,admin.,married,high.school,no,yes,yes,cellular,aug,wed,352.0,1,999,0,nonexistent,no
1112,30,student,single,unknown,no,no,no,cellular,jun,tue,205.0,3,999,0,nonexistent,no
1113,45,blue-collar,single,basic.4y,no,yes,no,cellular,may,wed,721.0,1,999,0,nonexistent,no
1114,29,blue-collar,married,high.school,no,yes,no,cellular,may,wed,177.0,5,999,0,nonexistent,no
1115,53,self-employed,married,university.degree,no,yes,yes,telephone,aug,thu,48.0,2,999,0,nonexistent,no
1116,40,management,married,professional.course,no,unknown,unknown,cellular,may,tue,247.0,2,999,1,failure,no
1117,35,admin.,married,university.degree,no,yes,yes,cellular,may,thu,165.0,1,999,0,nonexistent,no
1118,29,admin.,single,high.school,no,no,no,cellular,aug,fri,384.0,1,4,3,success,no
1119,34,admin.,single,university.degree,no,yes,no,cellular,aug,mon,667.0,1,999,0,nonexistent,no
1120,33,technician,single,basic.9y,no,yes,yes,cellular,aug,mon,289.0,1,999,2,failure,yes
1121,34,unemployed,married,university.degree,no,yes,no,cellular,nov,thu,266.0,3,999,0,nonexistent,no
1122,35,blue-collar,married,unknown,no,no,yes,telephone,jun,thu,78.0,1,999,0,nonexistent,no
1123,42,technician,divorced,professional.course,no,yes,no,cellular,aug,tue,94.0,1,999,0,nonexistent,no
1124,37,admin.,married,university.degree,unknown,no,yes,cellular,aug,thu,192.0,1,999,0,nonexistent,no
1125,39,admin.,married,professional.course,no,no,no,telephone,may,fri,299.0,4,999,0,nonexistent,no
1126,39,technician,married,professional.course,no,yes,yes,cellular,aug,wed,86.0,1,999,0,nonexistent,no
1127,38,blue-collar,married,basic.6y,unknown,yes,no,telephone,may,mon,836.0,4,999,0,nonexistent,no
1128,45,self-employed,married,university.degree,no,no,no,cellular,nov,fri,18.0,5,999,0,nonexistent,no
1129,39,entrepreneur,married,professional.course,no,yes,no,cellular,nov,thu,291.0,2,999,0,nonexistent,no
1130,41,admin.,married,university.degree,unknown,yes,no,cellular,nov,tue,331.0,2,999,0,nonexistent,no
1131,27,blue-collar,married,basic.9y,no,yes,no,telephone,may,mon,110.0,2,999,0,nonexistent,no
1132,30,blue-collar,married,basic.4y,no,yes,no,cellular,apr,thu,179.0,1,999,0,nonexistent,yes
1133,60,admin.,married,university.degree,no,no,no,cellular,aug,mon,133.0,1,999,0,nonexistent,no
1134,31,admin.,single,university.degree,no,yes,no,cellular,aug,wed,166.0,1,999,0,nonexistent,no
1135,19,student,single,high.school,no,yes,no,cellular,dec,thu,110.0,2,999,3,failure,no
1136,32,technician,married,university.degree,no,yes,no,cellular,aug,thu,67.0,1,999,0,nonexistent,no
1137,46,self-employed,married,basic.4y,no,yes,yes,cellular,nov,tue,162.0,1,999,1,failure,no
1138,37,services,married,high.school,no,no,no,telephone,may,mon,108.0,2,999,1,failure,no
1139,25,admin.,single,university.degree,no,yes,yes,cellular,may,tue,500.0,2,999,0,nonexistent,no
1140,55,blue-collar,married,basic.4y,unknown,no,no,telephone,jun,mon,431.0,1,999,0,nonexistent,no
1141,35,technician,married,high.school,no,no,no,cellular,aug,fri,133.0,1,999,0,nonexistent,no
1142,46,housemaid,single,basic.9y,unknown,no,no,cellular,may,wed,388.0,2,999,1,failure,no
1143,38,technician,married,high.school,no,unknown,unknown,cellular,aug,tue,234.0,1,999,0,nonexistent,no
1144,35,technician,single,professional.course,no,yes,yes,telephone,jun,mon,402.0,9,999,0,nonexistent,no
1145,36,unknown,single,unknown,no,no,no,cellular,jul,fri,295.0,2,999,0,nonexistent,no
1146,34,management,divorced,university.degree,no,no,no,cellular,nov,thu,370.0,2,999,0,nonexistent,yes
1147,31,admin.,married,university.degree,no,no,no,cellular,nov,thu,96.0,1,999,0,nonexistent,no
1148,47,technician,single,unknown,no,yes,no,telephone,jun,wed,180.0,4,999,0,nonexistent,no
1149,43,admin.,married,university.degree,no,no,no,cellular,nov,wed,97.0,1,999,0,nonexistent,no
1150,49,housemaid,divorced,basic.6y,no,yes,no,telephone,jun,wed,85.0,3,999,0,nonexistent,no
1151,72,retired,married,basic.4y,no,no,no,cellular,oct,fri,155.0,1,6,1,success,no
1152,35,admin.,married,university.degree,no,yes,no,telephone,jun,wed,284.0,4,999,0,nonexistent,no
1153,25,services,married,high.school,no,yes,no,telephone,jun,wed,227.0,1,999,0,nonexistent,no
1154,34,admin.,single,high.school,no,yes,no,telephone,jun,thu,191.0,3,999,0,nonexistent,no
1155,38,admin.,married,university.degree,no,yes,no,telephone,may,tue,137.0,2,999,0,nonexistent,no
1156,34,services,married,professional.course,no,yes,no,cellular,may,mon,72.0,5,999,0,nonexistent,no
1157,31,services,married,high.school,no,yes,no,telephone,may,tue,125.0,1,999,0,nonexistent,no
1158,42,services,married,basic.9y,no,yes,no,cellular,may,fri,152.0,1,999,1,failure,no
1159,54,management,married,university.degree,no,yes,no,cellular,jun,wed,42.0,1,999,0,nonexistent,no
1160,24,admin.,single,high.school,unknown,yes,no,cellular,jul,thu,282.0,1,999,0,nonexistent,no
1161,44,management,married,high.school,no,yes,no,cellular,nov,mon,669.0,1,999,0,nonexistent,no
1162,37,admin.,single,high.school,no,yes,yes,telephone,may,mon,56.0,2,999,0,nonexistent,no
1163,52,housemaid,married,basic.4y,no,yes,no,cellular,aug,wed,20.0,24,999,0,nonexistent,no
1164,43,technician,married,basic.6y,no,yes,no,telephone,may,wed,261.0,3,999,0,nonexistent,no
1165,38,admin.,single,basic.9y,no,no,no,telephone,jun,tue,98.0,1,999,0,nonexistent,no
1166,26,blue-collar,married,basic.4y,no,no,no,cellular,may,tue,54.0,1,999,0,nonexistent,no
1167,48,unemployed,married,high.school,unknown,yes,yes,telephone,may,mon,283.0,6,999,0,nonexistent,no
1168,36,technician,married,university.degree,no,no,no,cellular,aug,tue,99.0,5,999,0,nonexistent,no
1169,41,blue-collar,married,basic.9y,unknown,no,no,telephone,may,fri,471.0,2,999,0,nonexistent,no
1170,30,technician,married,basic.9y,no,yes,no,cellular,may,thu,181.0,4,999,0,nonexistent,no
1171,27,admin.,single,high.school,unknown,yes,no,telephone,jun,mon,114.0,1,999,0,nonexistent,no
1172,33,self-employed,married,university.degree,no,no,no,telephone,may,tue,792.0,1,999,0,nonexistent,no
1173,33,blue-collar,married,basic.9y,unknown,no,no,cellular,may,wed,804.0,2,9,1,success,no
1174,48,technician,married,professional.course,no,no,no,telephone,may,thu,145.0,4,999,0,nonexistent,no
1175,34,management,divorced,professional.course,no,yes,no,cellular,apr,fri,140.0,2,999,0,nonexistent,no
1176,30,unemployed,married,high.school,no,yes,no,cellular,jul,thu,272.0,2,999,0,nonexistent,no
1177,33,blue-collar,married,basic.4y,no,yes,no,telephone,jul,wed,157.0,4,999,0,nonexistent,no
1178,36,blue-collar,married,basic.9y,no,no,no,cellular,may,thu,56.0,1,999,1,failure,no
1179,49,services,married,high.school,unknown,no,no,telephone,jun,thu,128.0,1,999,0,nonexistent,no
1180,56,blue-collar,married,basic.4y,unknown,no,no,telephone,jul,mon,36.0,1,999,0,nonexistent,no
1181,51,admin.,divorced,professional.course,no,no,no,cellular,may,wed,194.0,1,999,1,failure,no
1182,56,admin.,married,university.degree,unknown,no,no,telephone,may,fri,213.0,4,999,0,nonexistent,no
1183,54,self-employed,married,professional.course,no,no,no,cellular,aug,fri,309.0,1,999,0,nonexistent,no
1184,69,entrepreneur,married,university.degree,no,yes,no,cellular,aug,tue,93.0,1,999,1,failure,no
1185,37,technician,married,basic.6y,no,yes,no,telephone,jun,fri,27.0,1,999,0,nonexistent,no
1186,56,management,married,university.degree,no,yes,no,cellular,jul,thu,22.0,1,999,0,nonexistent,no
1187,44,blue-collar,married,basic.9y,unknown,yes,no,cellular,jul,mon,574.0,1,999,0,nonexistent,yes
1188,45,admin.,married,high.school,unknown,no,yes,telephone,jul,mon,55.0,1,999,0,nonexistent,no
1189,52,services,married,basic.4y,no,yes,no,cellular,aug,tue,483.0,4,999,0,nonexistent,no
1190,32,admin.,married,university.degree,no,no,no,cellular,may,fri,209.0,2,999,1,failure,no
1191,35,admin.,married,university.degree,no,no,no,telephone,may,tue,235.0,4,999,0,nonexistent,no
1192,40,entrepreneur,married,basic.9y,no,yes,no,telephone,jun,thu,561.0,3,999,0,nonexistent,no
1193,26,admin.,single,high.school,no,yes,no,telephone,may,fri,160.0,3,999,0,nonexistent,no
1194,44,management,married,university.degree,unknown,yes,no,telephone,may,mon,289.0,1,999,0,nonexistent,no
1195,38,technician,divorced,professional.course,no,yes,no,telephone,may,thu,1093.0,1,999,0,nonexistent,yes
1196,33,admin.,married,university.degree,no,unknown,unknown,cellular,aug,mon,73.0,4,999,0,nonexistent,no
1197,33,technician,single,university.degree,no,yes,no,cellular,apr,thu,71.0,1,999,1,failure,no
1198,28,entrepreneur,married,basic.9y,unknown,yes,no,telephone,may,thu,733.0,1,999,0,nonexistent,yes
1199,32,admin.,single,university.degree,no,yes,yes,cellular,aug,tue,69.0,3,999,0,nonexistent,no
1200,33,blue-collar,single,university.degree,unknown,no,no,cellular,may,wed,275.0,1,999,1,failure,no
1201,35,management,married,university.degree,no,yes,no,cellular,nov,mon,121.0,1,999,0,nonexistent,no
1202,42,admin.,married,professional.course,no,yes,no,cellular,may,mon,174.0,1,999,0,nonexistent,no
1203,32,technician,married,professional.course,no,no,no,telephone,may,tue,1906.0,3,999,0,nonexistent,no
1204,24,blue-collar,single,basic.9y,no,yes,no,cellular,jul,mon,471.0,2,999,0,nonexistent,no
1205,42,admin.,divorced,professional.course,no,no,no,cellular,may,thu,37.0,2,999,1,failure,no
1206,36,services,married,high.school,no,yes,no,cellular,may,tue,161.0,2,999,0,nonexistent,no
1207,41,services,married,basic.9y,no,yes,no,telephone,may,wed,251.0,3,999,0,nonexistent,no
1208,50,blue-collar,married,basic.4y,unknown,unknown,unknown,telephone,may,wed,21.0,3,999,0,nonexistent,no
1209,56,management,married,university.degree,no,yes,no,telephone,may,tue,75.0,2,999,0,nonexistent,no
1210,54,blue-collar,married,professional.course,unknown,yes,yes,telephone,may,mon,198.0,3,999,0,nonexistent,no
1211,36,admin.,married,university.degree,no,unknown,unknown,telephone,may,tue,176.0,2,999,0,nonexistent,no
1212,53,management,married,high.school,no,yes,no,cellular,may,mon,8.0,3,999,0,nonexistent,no
1213,32,admin.,single,university.degree,no,unknown,unknown,cellular,nov,fri,59.0,1,999,0,nonexistent,no
1214,34,technician,married,high.school,no,no,no,telephone,may,mon,228.0,1,999,0,nonexistent,no
1215,29,services,divorced,high.school,no,no,yes,telephone,jun,mon,361.0,3,999,0,nonexistent,no
1216,37,self-employed,divorced,basic.9y,no,yes,no,cellular,nov,tue,237.0,1,999,0,nonexistent,no
1217,45,services,married,high.school,unknown,no,no,telephone,jun,thu,379.0,1,999,0,nonexistent,no
1218,23,services,married,high.school,no,no,no,cellular,may,wed,370.0,1,999,1,failure,no
1219,27,admin.,married,university.degree,no,no,no,telephone,may,wed,191.0,5,999,0,nonexistent,no
1220,53,self-employed,married,basic.4y,no,no,no,cellular,aug,tue,268.0,11,999,0,nonexistent,no
1221,60,admin.,married,university.degree,unknown,no,no,telephone,may,tue,266.0,2,999,0,nonexistent,no
1222,37,technician,single,high.school,unknown,no,no,telephone,jun,thu,675.0,5,999,0,nonexistent,no
1223,43,technician,married,professional.course,no,no,no,cellular,aug,thu,211.0,3,999,0,nonexistent,no
1224,34,admin.,married,university.degree,no,yes,no,cellular,aug,fri,76.0,2,999,0,nonexistent,no
1225,41,blue-collar,married,basic.4y,unknown,no,no,telephone,may,mon,88.0,5,999,0,nonexistent,no
1226,31,admin.,married,high.school,no,no,no,cellular,may,thu,172.0,2,999,1,failure,no
1227,35,technician,married,professional.course,no,yes,no,cellular,sep,thu,317.0,1,999,2,failure,no
1228,38,management,married,university.degree,no,yes,no,cellular,aug,thu,328.0,2,999,0,nonexistent,no
1229,47,technician,married,professional.course,unknown,yes,no,telephone,may,tue,272.0,3,999,0,nonexistent,no
1230,41,management,married,basic.6y,no,no,no,cellular,sep,fri,181.0,1,999,0,nonexistent,no
1231,38,blue-collar,married,basic.6y,no,no,no,telephone,may,thu,21.0,9,999,0,nonexistent,no
1232,42,admin.,divorced,high.school,no,yes,no,telephone,may,wed,15.0,5,999,1,failure,no
1233,42,entrepreneur,single,university.degree,no,no,no,cellular,nov,wed,131.0,1,999,0,nonexistent,no
1234,31,management,married,high.school,no,no,no,telephone,may,wed,217.0,1,999,0,nonexistent,no
1235,53,admin.,married,university.degree,no,no,no,cellular,aug,thu,102.0,1,999,0,nonexistent,no
1236,31,technician,married,university.degree,no,no,no,cellular,sep,thu,261.0,1,999,0,nonexistent,no
1237,30,blue-collar,married,unknown,unknown,yes,yes,telephone,may,fri,129.0,2,999,0,nonexistent,no
1238,37,blue-collar,single,university.degree,unknown,no,no,cellular,may,thu,159.0,2,999,1,failure,no
1239,32,blue-collar,married,basic.4y,unknown,yes,no,telephone,may,fri,926.0,1,999,0,nonexistent,no
1240,31,technician,single,professional.course,no,yes,no,cellular,aug,fri,122.0,4,999,0,nonexistent,no
1241,63,retired,married,unknown,no,yes,yes,cellular,sep,tue,167.0,1,999,1,failure,no
1242,49,housemaid,married,basic.4y,unknown,no,no,telephone,may,wed,328.0,1,999,0,nonexistent,no
1243,48,blue-collar,married,basic.6y,unknown,yes,yes,cellular,jul,mon,250.0,1,999,0,nonexistent,no
1244,22,admin.,single,university.degree,no,yes,no,cellular,sep,mon,194.0,2,999,3,failure,yes
1245,34,admin.,single,high.school,no,yes,no,cellular,jul,fri,108.0,1,999,0,nonexistent,no
1246,40,technician,married,professional.course,no,yes,no,telephone,may,wed,327.0,3,999,0,nonexistent,no
1247,30,,married,university.degree,unknown,no,no,telephone,may,tue,191.0,1,999,0,nonexistent,no
1248,34,admin.,single,university.degree,no,no,no,cellular,mar,tue,325.0,2,999,0,nonexistent,yes
1249,44,management,married,university.degree,no,yes,no,cellular,nov,mon,130.0,1,999,1,failure,no
1250,33,admin.,divorced,university.degree,no,yes,no,telephone,nov,thu,119.0,3,999,0,nonexistent,no
1251,46,technician,married,high.school,unknown,no,no,cellular,aug,thu,206.0,1,999,0,nonexistent,no
1252,42,admin.,single,unknown,no,yes,no,telephone,may,tue,339.0,3,999,0,nonexistent,no
1253,30,technician,married,university.degree,no,no,no,cellular,aug,mon,176.0,2,999,0,nonexistent,no
1254,31,technician,single,professional.course,no,no,no,cellular,aug,mon,122.0,2,999,0,nonexistent,no
1255,34,technician,married,basic.9y,no,yes,no,cellular,nov,tue,66.0,1,999,1,failure,no
1256,41,management,married,university.degree,no,yes,no,cellular,may,thu,93.0,1,999,0,nonexistent,no
1257,77,management,single,basic.9y,no,no,no,cellular,jun,mon,84.0,2,999,1,failure,no
1258,30,blue-collar,single,basic.6y,no,no,no,cellular,may,thu,159.0,1,999,1,failure,no
1259,49,admin.,married,unknown,no,no,no,cellular,nov,fri,288.0,1,999,1,failure,no
1260,30,technician,married,basic.6y,no,no,no,cellular,may,thu,25.0,1,999,0,nonexistent,no
1261,29,technician,married,university.degree,no,yes,no,cellular,nov,fri,210.0,1,3,1,success,yes
1262,46,blue-collar,married,basic.4y,no,yes,no,cellular,jul,mon,397.0,3,999,0,nonexistent,no
1263,40,admin.,single,high.school,no,yes,no,cellular,jul,tue,635.0,3,999,0,nonexistent,no
1264,46,management,married,basic.9y,no,no,no,telephone,may,wed,617.0,1,999,0,nonexistent,no
1265,45,services,married,high.school,no,yes,no,cellular,apr,tue,1063.0,1,999,0,nonexistent,no
1266,34,services,married,high.school,no,yes,no,cellular,nov,tue,78.0,1,999,0,nonexistent,no
1267,33,blue-collar,single,basic.4y,no,no,no,telephone,may,thu,119.0,2,999,0,nonexistent,no
1268,39,services,married,high.school,no,yes,no,cellular,may,thu,328.0,2,6,3,success,yes
1269,31,admin.,married,university.degree,no,yes,yes,cellular,jul,wed,154.0,2,999,0,nonexistent,no
1270,30,admin.,single,high.school,no,yes,no,cellular,may,mon,153.0,1,999,0,nonexistent,no
1271,26,student,single,university.degree,no,no,no,cellular,nov,fri,181.0,1,7,1,success,yes
1272,32,admin.,single,university.degree,no,no,no,cellular,nov,wed,1307.0,3,999,1,failure,no
1273,38,management,married,university.degree,no,yes,no,telephone,may,mon,274.0,6,999,0,nonexistent,no
1274,29,admin.,single,high.school,no,yes,yes,cellular,aug,mon,63.0,4,999,0,nonexistent,no
1275,43,services,married,high.school,no,yes,yes,telephone,jul,mon,118.0,8,999,0,nonexistent,no
1276,66,retired,married,professional.course,no,no,yes,cellular,mar,tue,525.0,1,21,2,failure,yes
1277,23,services,single,high.school,no,no,no,telephone,may,wed,107.0,1,999,0,nonexistent,no
1278,33,admin.,single,university.degree,no,yes,yes,cellular,aug,fri,64.0,1,999,0,nonexistent,no
1279,46,admin.,divorced,university.degree,no,yes,no,telephone,may,wed,184.0,2,999,0,nonexistent,no
1280,73,retired,married,basic.4y,no,yes,yes,cellular,aug,fri,135.0,1,999,0,nonexistent,no
1281,46,services,married,high.school,no,no,yes,telephone,jun,thu,153.0,1,999,0,nonexistent,no
1282,40,admin.,single,university.degree,no,yes,no,cellular,jul,mon,281.0,1,999,0,nonexistent,no
1283,50,admin.,married,university.degree,no,yes,yes,cellular,nov,wed,332.0,4,999,0,nonexistent,no
1284,22,blue-collar,single,unknown,unknown,unknown,unknown,cellular,jul,mon,47.0,2,999,0,nonexistent,no
1285,45,housemaid,married,basic.4y,no,no,no,cellular,aug,wed,188.0,5,999,0,nonexistent,no
1286,33,services,single,university.degree,unknown,no,no,telephone,jun,mon,747.0,2,999,0,nonexistent,yes
1287,25,blue-collar,married,high.school,no,no,no,telephone,may,mon,217.0,1,999,0,nonexistent,no
1288,31,admin.,married,high.school,no,yes,no,cellular,jul,fri,595.0,2,999,0,nonexistent,no
1289,39,admin.,single,high.school,no,no,no,telephone,jun,wed,213.0,1,999,0,nonexistent,no
1290,45,services,married,high.school,no,yes,no,telephone,may,tue,276.0,1,999,0,nonexistent,no
1291,30,technician,married,university.degree,no,unknown,unknown,telephone,jun,mon,71.0,1,999,0,nonexistent,no
1292,31,blue-collar,married,basic.9y,no,no,no,cellular,may,tue,365.0,2,999,0,nonexistent,no
1293,47,services,married,basic.6y,no,yes,no,cellular,jul,mon,207.0,1,999,0,nonexistent,no
1294,48,unemployed,divorced,professional.course,no,yes,no,telephone,nov,fri,122.0,4,999,0,nonexistent,no
1295,29,admin.,single,university.degree,no,no,no,cellular,nov,thu,103.0,1,999,0,nonexistent,no
1296,40,technician,single,professional.course,unknown,yes,no,cellular,may,thu,17.0,8,999,0,nonexistent,no
1297,24,technician,single,professional.course,no,yes,no,cellular,jul,mon,607.0,3,13,1,success,yes
1298,34,management,married,university.degree,no,no,no,telephone,jun,wed,893.0,8,999,0,nonexistent,yes
1299,33,admin.,single,high.school,no,no,no,telephone,may,tue,60.0,1,999,0,nonexistent,no
1300,58,services,married,unknown,unknown,yes,no,cellular,aug,tue,197.0,1,999,0,nonexistent,no
1301,26,student,single,unknown,no,yes,no,cellular,may,tue,189.0,2,999,1,failure,no
1302,34,admin.,single,high.school,no,yes,no,cellular,may,wed,195.0,2,999,1,failure,no
1303,53,management,married,university.degree,no,no,no,cellular,may,wed,147.0,2,999,0,nonexistent,no
1304,45,self-employed,married,basic.9y,no,yes,no,cellular,jul,wed,71.0,1,999,0,nonexistent,no
1305,38,unknown,divorced,high.school,unknown,yes,no,telephone,may,mon,73.0,1,999,0,nonexistent,no
1306,39,admin.,married,university.degree,no,yes,no,telephone,may,fri,127.0,1,999,0,nonexistent,no
1307,29,blue-collar,married,high.school,no,yes,yes,cellular,may,tue,145.0,1,999,1,failure,no
1308,50,technician,single,university.degree,no,yes,no,cellular,jul,tue,216.0,7,999,0,nonexistent,no
1309,52,blue-collar,married,basic.4y,no,yes,no,cellular,aug,mon,171.0,4,999,0,nonexistent,no
1310,43,self-employed,married,university.degree,unknown,yes,yes,telephone,jun,wed,1487.0,1,999,0,nonexistent,no
1311,46,services,married,high.school,no,no,no,cellular,apr,mon,53.0,1,999,1,failure,no
1312,48,blue-collar,married,basic.4y,no,no,no,telephone,jun,thu,240.0,2,999,0,nonexistent,no
1313,31,blue-collar,single,unknown,no,no,no,cellular,apr,tue,424.0,2,999,2,failure,no
1314,34,management,single,high.school,no,no,no,cellular,jul,mon,264.0,1,999,0,nonexistent,no
1315,44,admin.,married,university.degree,no,no,no,telephone,jun,thu,136.0,1,999,0,nonexistent,no
1316,27,technician,single,university.degree,no,yes,no,cellular,may,mon,90.0,4,999,1,failure,no
1317,46,admin.,married,university.degree,no,yes,yes,cellular,jul,wed,129.0,1,999,0,nonexistent,no
1318,38,admin.,single,high.school,unknown,yes,no,telephone,jun,thu,67.0,2,999,0,nonexistent,no
1319,35,services,single,high.school,no,no,no,cellular,may,thu,146.0,1,999,1,failure,no
1320,29,admin.,single,university.degree,no,yes,no,cellular,aug,tue,112.0,5,999,0,nonexistent,no
1321,28,admin.,married,high.school,no,yes,no,telephone,jun,tue,185.0,3,999,0,nonexistent,no
1322,48,retired,divorced,professional.course,no,no,no,telephone,may,fri,219.0,2,999,0,nonexistent,no
1323,46,blue-collar,divorced,basic.4y,no,yes,no,telephone,may,fri,157.0,3,999,0,nonexistent,no
1324,44,admin.,married,high.school,no,yes,yes,cellular,may,fri,111.0,4,999,0,nonexistent,no
1325,31,technician,single,university.degree,no,yes,no,cellular,nov,thu,137.0,5,999,0,nonexistent,no
1326,43,blue-collar,married,basic.4y,no,no,yes,cellular,may,thu,722.0,2,11,1,success,yes
1327,30,admin.,married,university.degree,no,no,no,cellular,aug,mon,160.0,1,999,0,nonexistent,no
1328,42,blue-collar,divorced,basic.9y,no,yes,no,telephone,may,mon,189.0,2,999,0,nonexistent,no
1329,52,housemaid,married,basic.4y,no,yes,yes,cellular,jul,tue,105.0,7,999,0,nonexistent,no
1330,55,housemaid,married,basic.4y,unknown,yes,no,telephone,jun,thu,93.0,4,999,0,nonexistent,no
1331,44,admin.,married,university.degree,no,no,no,cellular,aug,wed,120.0,1,999,1,failure,no
1332,36,entrepreneur,married,high.school,no,yes,no,cellular,apr,tue,736.0,7,999,0,nonexistent,no
1333,54,admin.,divorced,university.degree,no,yes,yes,cellular,nov,tue,355.0,2,999,0,nonexistent,no
1334,36,admin.,married,high.school,no,yes,no,telephone,jun,thu,285.0,2,999,0,nonexistent,no
1335,31,technician,single,university.degree,no,yes,no,cellular,may,tue,145.0,1,999,0,nonexistent,no
1336,26,admin.,single,university.degree,no,no,no,telephone,jun,thu,394.0,1,999,0,nonexistent,no
1337,48,admin.,divorced,high.school,no,no,no,telephone,jun,wed,314.0,1,999,0,nonexistent,no
1338,51,admin.,single,basic.6y,no,yes,no,telephone,may,fri,161.0,1,999,0,nonexistent,no
1339,52,entrepreneur,single,university.degree,no,yes,no,cellular,may,thu,11.0,5,999,0,nonexistent,no
1340,34,admin.,married,high.school,no,yes,no,cellular,jul,wed,95.0,4,999,0,nonexistent,no
1341,46,services,married,high.school,no,no,no,cellular,apr,wed,325.0,2,999,0,nonexistent,no
1342,21,student,single,high.school,no,no,no,cellular,nov,tue,280.0,1,7,2,failure,no
1343,52,blue-collar,married,basic.9y,unknown,no,no,telephone,may,wed,22.0,2,999,0,nonexistent,no
1344,27,blue-collar,married,basic.9y,unknown,yes,no,telephone,may,wed,118.0,1,999,0,nonexistent,no
1345,34,admin.,married,university.degree,no,no,yes,cellular,aug,wed,15.0,11,999,0,nonexistent,no
1346,26,admin.,single,university.degree,no,no,no,telephone,oct,wed,541.0,1,999,2,failure,no
1347,40,admin.,divorced,university.degree,no,yes,no,cellular,aug,mon,257.0,1,999,0,nonexistent,no
1348,31,blue-collar,single,basic.4y,no,yes,no,cellular,nov,thu,222.0,4,999,0,nonexistent,no
1349,27,student,single,high.school,no,yes,no,cellular,dec,tue,396.0,1,999,0,nonexistent,no
1350,35,admin.,divorced,university.degree,no,yes,no,cellular,nov,tue,220.0,1,999,1,failure,no
1351,54,technician,married,professional.course,unknown,yes,no,telephone,jun,mon,52.0,3,999,0,nonexistent,no
1352,32,blue-collar,married,basic.4y,no,no,yes,cellular,may,thu,80.0,4,999,0,nonexistent,no
1353,32,admin.,divorced,high.school,no,no,no,cellular,nov,tue,115.0,1,999,1,failure,no
1354,33,services,married,high.school,no,yes,no,telephone,may,fri,389.0,2,999,0,nonexistent,no
1355,35,management,married,university.degree,no,yes,no,cellular,nov,mon,63.0,2,999,0,nonexistent,no
1356,36,services,single,high.school,no,no,no,cellular,jul,wed,399.0,17,999,0,nonexistent,no
1357,43,blue-collar,married,basic.4y,no,yes,no,cellular,may,mon,221.0,2,999,0,nonexistent,no
1358,59,unemployed,married,professional.course,no,no,no,cellular,aug,thu,82.0,3,999,0,nonexistent,no
1359,37,admin.,single,high.school,no,no,no,cellular,jul,mon,249.0,3,999,0,nonexistent,no
1360,29,admin.,single,university.degree,no,yes,no,cellular,apr,mon,378.0,3,12,1,success,no
1361,33,services,unknown,high.school,no,no,no,telephone,jun,fri,11.0,21,999,0,nonexistent,no
1362,37,technician,married,professional.course,no,yes,no,telephone,jun,thu,683.0,2,999,0,nonexistent,yes
1363,32,blue-collar,married,basic.9y,no,no,no,cellular,may,fri,122.0,8,999,0,nonexistent,no
1364,32,self-employed,divorced,professional.course,unknown,yes,no,telephone,jun,wed,235.0,3,999,0,nonexistent,no
1365,31,technician,divorced,university.degree,no,no,yes,cellular,aug,fri,180.0,1,999,0,nonexistent,no
1366,51,admin.,married,high.school,unknown,yes,no,telephone,may,wed,359.0,1,999,0,nonexistent,no
1367,51,blue-collar,married,professional.course,no,no,no,cellular,aug,fri,150.0,1,999,0,nonexistent,no
1368,25,admin.,single,high.school,no,yes,no,cellular,jul,thu,189.0,2,999,0,nonexistent,no
1369,39,admin.,single,high.school,no,yes,yes,cellular,nov,tue,95.0,1,999,0,nonexistent,no
1370,42,technician,married,professional.course,no,no,no,cellular,may,fri,1014.0,2,999,0,nonexistent,no
1371,32,entrepreneur,married,high.school,no,yes,no,telephone,may,mon,314.0,1,999,0,nonexistent,no
1372,33,admin.,married,university.degree,no,no,no,telephone,jun,tue,286.0,2,999,0,nonexistent,no
1373,36,admin.,married,high.school,no,no,no,telephone,may,wed,227.0,2,999,0,nonexistent,no
1374,41,technician,married,professional.course,no,no,no,cellular,aug,mon,203.0,2,999,0,nonexistent,no
1375,31,blue-collar,divorced,basic.9y,unknown,yes,no,cellular,jul,wed,336.0,1,999,0,nonexistent,no
1376,34,admin.,single,university.degree,no,yes,no,cellular,apr,tue,145.0,1,999,0,nonexistent,no
1377,28,admin.,single,university.degree,no,yes,no,cellular,oct,thu,522.0,2,999,0,nonexistent,no
1378,48,blue-collar,single,basic.6y,unknown,no,no,telephone,may,fri,148.0,4,999,0,nonexistent,no
1379,35,blue-collar,married,basic.9y,no,no,no,telephone,may,mon,63.0,5,999,0,nonexistent,no
1380,31,blue-collar,married,basic.4y,no,yes,no,cellular,jul,thu,467.0,1,999,0,nonexistent,no
1381,37,self-employed,married,basic.9y,no,yes,no,telephone,may,thu,65.0,1,999,0,nonexistent,no
1382,41,services,single,high.school,no,no,no,cellular,may,fri,1642.0,2,999,0,nonexistent,no
1383,34,admin.,married,university.degree,no,no,no,cellular,may,fri,247.0,1,999,1,failure,no
1384,26,admin.,single,university.degree,no,no,no,cellular,aug,mon,242.0,1,6,5,success,yes
1385,32,admin.,married,high.school,no,no,no,cellular,jul,wed,185.0,4,999,0,nonexistent,no
1386,29,admin.,single,high.school,no,yes,no,cellular,may,thu,54.0,11,999,0,nonexistent,no
1387,38,housemaid,married,university.degree,no,no,no,telephone,jun,mon,100.0,5,999,0,nonexistent,no
1388,30,management,married,university.degree,no,yes,yes,cellular,jul,wed,229.0,4,999,0,nonexistent,no
1389,51,blue-collar,married,basic.4y,no,yes,no,cellular,aug,mon,197.0,3,999,0,nonexistent,no
1390,33,technician,married,high.school,no,no,no,cellular,aug,thu,152.0,4,999,0,nonexistent,no
1391,48,admin.,single,professional.course,no,no,no,cellular,nov,wed,207.0,1,999,0,nonexistent,no
1392,54,unemployed,married,university.degree,no,yes,no,cellular,jul,thu,773.0,2,999,0,nonexistent,no
1393,31,entrepreneur,married,basic.9y,no,no,no,telephone,may,tue,359.0,2,999,0,nonexistent,no
1394,37,management,married,university.degree,no,no,no,telephone,may,mon,337.0,2,999,0,nonexistent,no
1395,41,services,single,professional.course,no,yes,no,telephone,jul,tue,143.0,1,999,0,nonexistent,no
1396,57,management,married,basic.9y,unknown,yes,no,telephone,jun,mon,30.0,4,999,0,nonexistent,no
1397,32,admin.,single,university.degree,no,no,no,cellular,aug,fri,47.0,4,999,0,nonexistent,no
1398,33,blue-collar,single,professional.course,no,no,no,cellular,apr,tue,221.0,2,999,0,nonexistent,no
1399,47,self-employed,married,basic.9y,no,yes,no,telephone,apr,tue,226.0,5,999,0,nonexistent,no
1400,41,admin.,married,university.degree,no,no,no,cellular,aug,wed,85.0,5,999,0,nonexistent,no
1401,36,blue-collar,single,basic.6y,unknown,yes,no,telephone,jul,mon,1877.0,1,999,0,nonexistent,yes
1402,29,admin.,single,university.degree,no,no,no,telephone,jun,wed,442.0,1,999,0,nonexistent,no
1403,36,admin.,single,university.degree,no,yes,no,telephone,nov,wed,72.0,1,999,0,nonexistent,no
1404,34,unemployed,single,professional.course,no,no,no,cellular,aug,fri,531.0,2,2,1,success,yes
1405,36,services,married,high.school,unknown,no,yes,cellular,jul,tue,285.0,2,999,0,nonexistent,no
1406,34,admin.,married,university.degree,no,yes,no,cellular,aug,mon,89.0,1,999,0,nonexistent,no
1407,41,entrepreneur,married,university.degree,unknown,yes,no,cellular,nov,mon,44.0,2,999,0,nonexistent,no
1408,27,services,married,professional.course,no,yes,no,telephone,may,mon,283.0,3,999,0,nonexistent,no
1409,35,technician,single,high.school,unknown,yes,yes,cellular,aug,fri,107.0,1,999,0,nonexistent,no
1410,46,admin.,married,university.degree,no,yes,no,cellular,aug,thu,399.0,1,999,1,failure,yes
1411,39,admin.,single,university.degree,unknown,no,yes,cellular,aug,mon,155.0,1,999,0,nonexistent,no
1412,51,blue-collar,married,basic.9y,unknown,yes,no,cellular,aug,tue,107.0,1,999,0,nonexistent,no
1413,42,services,married,high.school,unknown,yes,yes,telephone,may,tue,220.0,6,999,0,nonexistent,no
1414,40,blue-collar,married,basic.9y,no,no,no,cellular,nov,mon,215.0,1,999,1,failure,no
1415,44,entrepreneur,married,high.school,no,no,no,cellular,jul,mon,77.0,3,999,0,nonexistent,no
1416,43,entrepreneur,married,professional.course,no,no,no,cellular,aug,tue,56.0,2,999,0,nonexistent,no
1417,39,entrepreneur,married,basic.6y,unknown,yes,yes,telephone,may,mon,107.0,2,999,0,nonexistent,no
1418,40,blue-collar,married,basic.4y,unknown,unknown,unknown,cellular,jul,tue,192.0,2,999,0,nonexistent,no
1419,38,blue-collar,married,unknown,no,no,no,cellular,jul,wed,618.0,1,999,0,nonexistent,no
1420,37,blue-collar,married,basic.4y,no,yes,no,telephone,may,thu,151.0,2,999,0,nonexistent,no
1421,32,services,single,high.school,no,no,no,telephone,jun,fri,79.0,1,999,0,nonexistent,no
1422,59,blue-collar,married,basic.4y,unknown,no,no,cellular,aug,wed,413.0,4,999,0,nonexistent,no
1423,47,admin.,divorced,university.degree,no,yes,no,telephone,may,tue,160.0,3,999,0,nonexistent,no
1424,43,blue-collar,married,basic.9y,no,no,no,cellular,jul,mon,458.0,6,999,0,nonexistent,yes
1425,35,blue-collar,married,basic.9y,no,no,no,telephone,may,wed,79.0,6,999,0,nonexistent,no
1426,36,admin.,married,university.degree,unknown,no,no,cellular,aug,thu,111.0,1,999,0,nonexistent,no
1427,48,unemployed,married,basic.9y,no,yes,no,telephone,jun,mon,85.0,1,999,0,nonexistent,no
1428,37,services,divorced,high.school,no,unknown,unknown,cellular,jul,mon,114.0,1,999,0,nonexistent,no
1429,33,management,married,university.degree,no,no,no,telephone,may,thu,178.0,2,999,0,nonexistent,no
1430,26,blue-collar,single,high.school,no,yes,no,telephone,may,wed,418.0,1,999,0,nonexistent,no
1431,44,blue-collar,divorced,basic.6y,no,no,no,telephone,may,mon,55.0,2,999,0,nonexistent,no
1432,32,blue-collar,married,basic.9y,no,no,no,telephone,jun,thu,307.0,2,999,0,nonexistent,no
1433,23,student,single,basic.9y,no,yes,yes,cellular,may,thu,6.0,7,999,0,nonexistent,no
1434,35,admin.,married,university.degree,no,yes,no,telephone,may,thu,162.0,5,999,0,nonexistent,no
1435,28,blue-collar,married,basic.9y,no,yes,no,telephone,may,fri,239.0,3,999,0,nonexistent,no
1436,53,blue-collar,married,basic.4y,unknown,unknown,unknown,cellular,may,mon,63.0,2,999,1,failure,no
1437,40,blue-collar,divorced,basic.9y,unknown,yes,yes,telephone,may,tue,265.0,1,999,0,nonexistent,no
1438,55,technician,married,professional.course,no,no,no,cellular,oct,tue,213.0,1,999,0,nonexistent,no
1439,30,admin.,married,university.degree,no,unknown,unknown,cellular,apr,thu,308.0,1,999,0,nonexistent,no
1440,32,admin.,single,university.degree,no,no,no,telephone,jul,wed,85.0,5,999,0,nonexistent,no
1441,30,management,single,university.degree,no,no,no,cellular,nov,thu,197.0,5,999,1,failure,no
1442,47,blue-collar,married,basic.9y,unknown,no,no,cellular,may,wed,139.0,1,999,0,nonexistent,no
1443,32,self-employed,married,basic.6y,no,no,no,cellular,apr,fri,211.0,3,999,0,nonexistent,no
1444,57,management,married,university.degree,no,yes,no,telephone,may,thu,278.0,4,999,0,nonexistent,no
1445,31,admin.,single,university.degree,no,yes,no,telephone,nov,wed,98.0,2,999,0,nonexistent,no
1446,54,blue-collar,married,unknown,no,no,no,cellular,aug,fri,220.0,1,999,0,nonexistent,no
1447,49,services,divorced,high.school,no,no,no,telephone,may,wed,117.0,6,999,0,nonexistent,no
1448,41,blue-collar,married,basic.9y,no,yes,no,cellular,jul,tue,60.0,2,999,0,nonexistent,no
1449,21,student,single,unknown,no,no,no,cellular,sep,thu,150.0,1,999,0,nonexistent,no
1450,37,blue-collar,married,basic.9y,no,no,no,cellular,jul,wed,77.0,1,999,0,nonexistent,no
1451,33,admin.,single,high.school,no,yes,no,cellular,aug,tue,136.0,3,999,0,nonexistent,yes
1452,56,blue-collar,married,basic.4y,unknown,no,no,telephone,may,wed,267.0,2,999,0,nonexistent,no
1453,47,services,married,basic.6y,no,yes,no,cellular,jul,mon,320.0,3,999,0,nonexistent,no
1454,53,blue-collar,married,professional.course,unknown,yes,no,cellular,may,wed,251.0,4,999,1,failure,no
1455,57,management,married,university.degree,no,yes,no,telephone,may,fri,268.0,1,999,0,nonexistent,no
1456,35,admin.,divorced,university.degree,no,yes,yes,cellular,apr,mon,121.0,1,999,0,nonexistent,yes
1457,40,technician,married,professional.course,unknown,yes,yes,cellular,aug,wed,115.0,1,999,0,nonexistent,no
1458,42,self-employed,married,unknown,no,yes,no,telephone,jun,tue,60.0,3,999,0,nonexistent,no
1459,28,blue-collar,married,basic.9y,no,no,no,telephone,may,thu,523.0,5,999,0,nonexistent,no
1460,32,technician,married,university.degree,no,yes,no,cellular,aug,thu,402.0,1,999,0,nonexistent,no
1461,30,blue-collar,married,basic.9y,unknown,yes,no,telephone,may,thu,180.0,1,999,0,nonexistent,no
1462,24,services,single,high.school,no,yes,no,telephone,may,fri,654.0,1,999,0,nonexistent,yes
1463,44,blue-collar,married,basic.6y,no,yes,no,cellular,may,thu,102.0,1,999,0,nonexistent,no
1464,35,technician,married,university.degree,no,no,no,telephone,may,wed,86.0,6,999,0,nonexistent,no
1465,41,entrepreneur,divorced,unknown,no,no,no,cellular,may,fri,242.0,1,999,0,nonexistent,no
1466,44,technician,married,professional.course,no,no,no,cellular,jul,thu,221.0,1,999,0,nonexistent,no
1467,42,admin.,divorced,high.school,no,yes,no,telephone,may,thu,119.0,1,999,0,nonexistent,no
1468,30,admin.,married,university.degree,no,no,no,cellular,nov,mon,329.0,2,999,0,nonexistent,no
1469,33,admin.,single,university.degree,no,yes,no,cellular,aug,mon,207.0,4,999,0,nonexistent,no
1470,51,blue-collar,married,basic.4y,unknown,no,no,cellular,may,mon,214.0,2,999,1,failure,no
1471,48,admin.,married,university.degree,no,no,no,cellular,nov,fri,233.0,1,999,0,nonexistent,no
1472,44,admin.,single,high.school,no,no,no,telephone,jun,wed,295.0,1,999,0,nonexistent,no
1473,29,services,single,basic.9y,no,no,no,telephone,may,thu,159.0,2,999,0,nonexistent,no
1474,51,retired,married,basic.9y,no,unknown,unknown,telephone,may,mon,99.0,1,999,0,nonexistent,no
1475,51,technician,married,professional.course,no,no,yes,cellular,sep,fri,520.0,1,999,0,nonexistent,yes
1476,30,technician,single,university.degree,no,no,no,telephone,may,thu,272.0,5,999,0,nonexistent,no
1477,36,admin.,divorced,university.degree,no,no,yes,cellular,aug,wed,623.0,2,6,2,success,yes
1478,39,blue-collar,single,basic.4y,no,no,yes,cellular,may,tue,205.0,2,999,0,nonexistent,no
1479,30,admin.,single,university.degree,no,yes,yes,cellular,may,fri,191.0,1,999,0,nonexistent,no
1480,44,admin.,married,high.school,unknown,yes,no,cellular,aug,fri,453.0,3,999,0,nonexistent,no
1481,56,management,married,university.degree,no,yes,no,telephone,jul,thu,188.0,1,999,0,nonexistent,no
1482,58,entrepreneur,married,university.degree,unknown,yes,yes,telephone,jun,thu,43.0,1,999,0,nonexistent,no
1483,46,services,single,professional.course,unknown,no,yes,cellular,may,mon,390.0,5,999,0,nonexistent,yes
1484,49,admin.,married,university.degree,no,yes,no,cellular,may,fri,105.0,2,999,0,nonexistent,no
1485,34,blue-collar,married,basic.9y,no,yes,no,telephone,jul,thu,225.0,2,999,0,nonexistent,no
1486,35,blue-collar,married,basic.9y,unknown,no,no,cellular,may,thu,234.0,1,999,1,failure,no
1487,40,admin.,single,high.school,unknown,no,no,telephone,jun,mon,349.0,2,999,0,nonexistent,no
1488,31,blue-collar,married,basic.4y,no,yes,no,cellular,apr,thu,39.0,1,999,1,failure,no
1489,47,self-employed,married,basic.9y,no,yes,no,cellular,aug,fri,97.0,2,999,0,nonexistent,no
1490,67,retired,married,basic.4y,no,no,no,cellular,aug,mon,341.0,2,13,1,success,yes
1491,29,admin.,married,university.degree,no,yes,no,cellular,aug,thu,69.0,1,999,1,failure,no
1492,32,self-employed,married,professional.course,no,no,yes,telephone,may,fri,65.0,5,999,0,nonexistent,no
1493,37,entrepreneur,divorced,high.school,no,yes,no,cellular,jul,thu,812.0,2,999,0,nonexistent,yes
1494,46,admin.,divorced,high.school,no,yes,yes,telephone,may,wed,233.0,4,999,0,nonexistent,no
1495,32,admin.,married,university.degree,no,no,no,telephone,aug,fri,75.0,1,999,0,nonexistent,no
1496,29,technician,single,professional.course,no,yes,no,telephone,aug,thu,85.0,2,999,0,nonexistent,no
1497,36,entrepreneur,single,university.degree,no,yes,no,cellular,nov,wed,911.0,1,999,0,nonexistent,yes
1498,51,technician,married,unknown,no,no,no,cellular,nov,tue,144.0,1,999,0,nonexistent,no
1499,31,blue-collar,married,basic.4y,unknown,no,no,cellular,jul,wed,933.0,2,999,0,nonexistent,no
1500,46,technician,married,professional.course,unknown,yes,no,telephone,jun,wed,77.0,8,999,0,nonexistent,no
1501,53,blue-collar,married,basic.9y,no,yes,no,telephone,may,wed,61.0,1,999,0,nonexistent,no
1502,39,technician,married,university.degree,no,no,yes,cellular,nov,thu,418.0,2,999,0,nonexistent,no
1503,33,management,single,university.degree,no,no,no,cellular,oct,thu,119.0,3,999,0,nonexistent,no
1504,34,blue-collar,married,basic.6y,unknown,no,yes,telephone,may,thu,159.0,2,999,0,nonexistent,no
1505,34,technician,married,professional.course,no,no,no,telephone,jun,thu,320.0,1,999,0,nonexistent,no
1506,45,technician,divorced,university.degree,unknown,no,no,cellular,aug,mon,43.0,3,999,0,nonexistent,no
1507,45,unemployed,married,basic.9y,no,yes,no,cellular,aug,wed,68.0,4,999,0,nonexistent,no
1508,40,services,married,high.school,no,no,no,telephone,jun,fri,392.0,4,999,0,nonexistent,no
1509,59,admin.,married,high.school,unknown,yes,yes,telephone,may,thu,118.0,4,999,0,nonexistent,no
1510,60,services,married,unknown,no,no,no,telephone,may,wed,283.0,1,999,0,nonexistent,no
1511,44,technician,married,university.degree,no,no,no,cellular,may,fri,113.0,1,999,1,failure,no
1512,38,management,divorced,university.degree,no,no,no,cellular,apr,mon,611.0,1,999,1,failure,no
1513,34,blue-collar,married,basic.9y,unknown,yes,no,telephone,jun,mon,197.0,1,999,0,nonexistent,no
1514,54,blue-collar,married,basic.9y,unknown,no,yes,telephone,may,mon,500.0,3,999,0,nonexistent,no
1515,56,retired,married,basic.4y,unknown,yes,yes,telephone,may,mon,146.0,4,999,0,nonexistent,no
1516,33,technician,married,professional.course,no,yes,no,cellular,nov,thu,51.0,7,999,0,nonexistent,no
1517,55,admin.,divorced,university.degree,no,no,no,cellular,jul,thu,119.0,1,999,0,nonexistent,no
1518,53,blue-collar,married,high.school,no,yes,no,cellular,jul,mon,209.0,4,999,0,nonexistent,no
1519,60,blue-collar,married,unknown,no,no,no,cellular,aug,mon,93.0,3,999,0,nonexistent,no
1520,29,admin.,married,basic.9y,no,yes,no,telephone,nov,fri,453.0,1,999,0,nonexistent,yes
1521,45,admin.,married,high.school,no,yes,no,telephone,may,wed,987.0,3,999,0,nonexistent,no
1522,26,admin.,single,university.degree,no,yes,no,cellular,jul,wed,455.0,1,999,0,nonexistent,no
1523,30,services,married,high.school,unknown,yes,no,cellular,nov,thu,175.0,1,999,0,nonexistent,no
1524,50,entrepreneur,divorced,university.degree,no,yes,no,cellular,jul,thu,386.0,1,6,3,success,yes
1525,55,technician,divorced,professional.course,unknown,no,no,cellular,aug,tue,169.0,1,999,0,nonexistent,no
1526,42,blue-collar,single,unknown,unknown,no,no,cellular,apr,mon,241.0,1,999,0,nonexistent,no
1527,31,blue-collar,single,basic.9y,no,no,no,telephone,may,wed,220.0,1,999,0,nonexistent,no
1528,59,retired,married,basic.9y,no,yes,no,cellular,aug,mon,337.0,4,999,0,nonexistent,no
1529,31,admin.,married,basic.9y,no,yes,no,telephone,may,fri,465.0,3,999,0,nonexistent,no
1530,36,technician,married,professional.course,no,no,no,telephone,jun,mon,183.0,1,999,0,nonexistent,no
1531,41,admin.,single,high.school,no,no,no,telephone,may,thu,202.0,2,999,1,failure,no
1532,43,unemployed,married,university.degree,unknown,yes,no,telephone,jun,thu,409.0,1,999,0,nonexistent,no
1533,28,blue-collar,divorced,high.school,no,yes,no,telephone,may,mon,7.0,1,999,0,nonexistent,no
1534,53,management,divorced,university.degree,no,no,no,telephone,jun,mon,306.0,4,999,0,nonexistent,no
1535,29,services,single,high.school,no,yes,no,cellular,may,thu,118.0,1,999,0,nonexistent,no
1536,45,admin.,divorced,university.degree,no,no,yes,cellular,may,mon,63.0,1,999,0,nonexistent,no
1537,43,admin.,married,high.school,no,yes,no,cellular,aug,mon,210.0,1,999,0,nonexistent,no
1538,56,services,married,high.school,no,yes,no,cellular,jul,thu,427.0,2,999,1,failure,no
1539,31,management,married,basic.9y,no,no,yes,telephone,may,wed,161.0,2,999,0,nonexistent,no
1540,34,blue-collar,married,basic.6y,no,yes,yes,cellular,jul,mon,218.0,1,999,0,nonexistent,no
1541,25,technician,single,professional.course,no,yes,no,telephone,may,fri,65.0,1,999,0,nonexistent,no
1542,49,retired,married,high.school,no,no,no,cellular,may,mon,47.0,3,999,1,failure,no
1543,39,self-employed,married,professional.course,no,no,no,telephone,nov,fri,47.0,4,999,0,nonexistent,no
1544,43,admin.,single,university.degree,no,yes,no,cellular,aug,thu,62.0,5,999,0,nonexistent,no
1545,41,blue-collar,married,basic.4y,no,no,no,telephone,may,tue,189.0,1,999,0,nonexistent,no
1546,34,blue-collar,married,unknown,no,yes,no,cellular,may,tue,163.0,1,999,1,failure,no
1547,49,blue-collar,divorced,unknown,unknown,yes,no,cellular,jul,wed,284.0,1,999,0,nonexistent,no
1548,47,admin.,married,high.school,unknown,unknown,unknown,telephone,jun,fri,136.0,1,999,0,nonexistent,no
1549,41,technician,married,high.school,no,yes,yes,cellular,apr,tue,142.0,2,999,0,nonexistent,no
1550,34,technician,single,university.degree,no,yes,no,cellular,aug,tue,149.0,3,999,0,nonexistent,no
1551,52,admin.,divorced,unknown,no,no,no,cellular,aug,tue,228.0,5,999,0,nonexistent,no
1552,50,technician,single,university.degree,no,yes,no,telephone,apr,fri,634.0,1,999,0,nonexistent,yes
1553,39,technician,married,professional.course,no,no,no,cellular,jul,thu,84.0,6,999,0,nonexistent,no
1554,42,housemaid,married,basic.4y,unknown,yes,no,telephone,jul,mon,122.0,3,999,0,nonexistent,no
1555,37,blue-collar,married,basic.4y,no,yes,no,cellular,may,fri,178.0,2,999,0,nonexistent,no
1556,43,blue-collar,married,basic.9y,no,no,no,cellular,nov,tue,465.0,1,999,0,nonexistent,no
1557,34,admin.,divorced,high.school,no,yes,no,telephone,apr,tue,946.0,3,999,0,nonexistent,no
1558,30,technician,married,professional.course,no,yes,no,cellular,oct,mon,215.0,1,6,1,success,yes
1559,57,services,divorced,high.school,no,yes,no,telephone,may,wed,72.0,3,999,0,nonexistent,no
1560,25,technician,married,professional.course,no,no,no,cellular,jul,thu,71.0,3,999,0,nonexistent,no
1561,37,services,married,basic.6y,no,yes,no,cellular,may,tue,114.0,1,999,0,nonexistent,no
1562,44,blue-collar,married,basic.9y,no,yes,no,cellular,jul,mon,46.0,3,999,0,nonexistent,no
1563,40,blue-collar,married,basic.6y,unknown,yes,no,telephone,jun,tue,49.0,1,999,0,nonexistent,no
1564,26,technician,married,professional.course,no,yes,no,telephone,jul,thu,277.0,2,999,0,nonexistent,no
1565,39,admin.,married,high.school,no,no,yes,telephone,jun,mon,422.0,1,999,0,nonexistent,no
1566,57,retired,married,basic.9y,unknown,no,no,telephone,may,wed,506.0,2,999,0,nonexistent,no
1567,34,admin.,married,professional.course,no,yes,yes,cellular,may,mon,326.0,1,999,0,nonexistent,no
1568,30,admin.,single,basic.9y,no,yes,no,telephone,jul,thu,45.0,1,999,0,nonexistent,no
1569,42,admin.,married,university.degree,no,no,no,cellular,nov,fri,501.0,3,999,0,nonexistent,no
1570,55,services,single,high.school,no,no,yes,cellular,may,wed,107.0,2,999,0,nonexistent,no
1571,31,blue-collar,married,basic.6y,no,yes,no,cellular,may,mon,392.0,7,999,0,nonexistent,no
1572,53,admin.,married,high.school,no,yes,no,cellular,may,fri,358.0,1,999,1,failure,no
1573,37,entrepreneur,married,university.degree,no,yes,no,cellular,nov,mon,163.0,1,999,1,failure,no
1574,45,services,married,high.school,no,no,no,telephone,may,fri,182.0,1,999,0,nonexistent,no
1575,41,blue-collar,married,basic.4y,no,yes,no,cellular,apr,wed,123.0,1,999,0,nonexistent,no
1576,57,blue-collar,married,basic.9y,no,yes,no,telephone,jun,tue,450.0,3,999,0,nonexistent,no
1577,55,admin.,divorced,university.degree,no,no,no,telephone,may,thu,370.0,1,999,0,nonexistent,no
1578,39,blue-collar,single,basic.9y,no,yes,no,cellular,apr,thu,173.0,2,999,0,nonexistent,no
1579,30,technician,single,high.school,no,yes,yes,cellular,may,fri,124.0,2,999,1,failure,no
1580,27,blue-collar,married,basic.9y,no,no,no,cellular,jul,wed,128.0,1,999,0,nonexistent,no
1581,58,management,married,university.degree,no,no,no,cellular,aug,tue,412.0,1,999,0,nonexistent,yes
1582,42,housemaid,married,high.school,no,yes,no,cellular,may,thu,95.0,3,999,0,nonexistent,no
1583,31,unemployed,single,high.school,no,no,no,cellular,may,thu,339.0,2,999,0,nonexistent,no
1584,34,blue-collar,married,basic.9y,no,yes,no,telephone,may,fri,26.0,1,999,0,nonexistent,no
1585,49,blue-collar,married,university.degree,no,no,no,cellular,nov,fri,170.0,2,999,0,nonexistent,no
1586,33,admin.,single,high.school,no,yes,no,cellular,apr,fri,191.0,1,999,2,failure,no
1587,34,blue-collar,divorced,basic.4y,no,yes,no,telephone,may,fri,306.0,3,999,0,nonexistent,no
1588,29,unemployed,divorced,high.school,no,no,no,cellular,oct,mon,92.0,1,999,0,nonexistent,no
1589,55,admin.,married,high.school,no,no,no,telephone,oct,mon,317.0,2,10,3,success,no
1590,52,admin.,married,basic.4y,no,yes,no,cellular,nov,mon,74.0,1,999,0,nonexistent,no
1591,48,entrepreneur,married,basic.4y,no,no,yes,telephone,may,thu,302.0,8,999,0,nonexistent,no
1592,39,technician,married,unknown,no,yes,yes,cellular,may,fri,171.0,1,999,1,failure,no
1593,33,admin.,single,university.degree,no,yes,yes,cellular,may,thu,589.0,2,999,0,nonexistent,no
1594,36,admin.,single,university.degree,no,no,no,cellular,nov,wed,154.0,1,999,0,nonexistent,no
1595,29,housemaid,single,high.school,no,no,no,telephone,may,fri,125.0,1,999,0,nonexistent,no
1596,28,blue-collar,married,basic.6y,unknown,no,no,telephone,jun,fri,419.0,2,999,0,nonexistent,no
1597,32,self-employed,divorced,professional.course,no,yes,no,telephone,jun,mon,118.0,1,999,0,nonexistent,no
1598,39,self-employed,married,high.school,no,yes,no,telephone,may,thu,175.0,5,999,0,nonexistent,no
1599,28,admin.,married,high.school,no,no,no,telephone,jun,wed,84.0,3,999,0,nonexistent,no
1600,27,student,single,high.school,no,yes,yes,cellular,may,tue,91.0,1,999,0,nonexistent,yes
1601,35,technician,married,professional.course,no,yes,yes,telephone,may,tue,207.0,2,999,0,nonexistent,no
1602,31,admin.,single,university.degree,no,no,yes,cellular,aug,thu,167.0,1,999,0,nonexistent,no
1603,36,blue-collar,married,basic.9y,unknown,no,no,cellular,jul,thu,183.0,1,999,0,nonexistent,no
1604,52,blue-collar,divorced,high.school,no,no,no,telephone,jun,wed,18.0,5,999,0,nonexistent,no
1605,41,blue-collar,divorced,basic.9y,unknown,no,no,telephone,may,tue,123.0,1,999,0,nonexistent,no
1606,30,management,divorced,basic.4y,no,yes,no,cellular,jul,tue,68.0,8,999,0,nonexistent,no
1607,40,admin.,married,basic.6y,no,no,no,telephone,may,mon,151.0,1,999,0,nonexistent,no
1608,25,student,single,high.school,no,yes,no,telephone,oct,tue,17.0,1,999,0,nonexistent,no
1609,56,blue-collar,single,basic.6y,no,yes,no,telephone,may,fri,346.0,1,999,0,nonexistent,no
1610,48,admin.,married,high.school,unknown,yes,no,telephone,jun,mon,65.0,3,999,0,nonexistent,no
1611,45,unknown,single,high.school,no,yes,no,cellular,jul,wed,83.0,3,999,0,nonexistent,no
1612,37,admin.,divorced,high.school,no,yes,no,telephone,jun,fri,7.0,12,999,0,nonexistent,no
1613,44,admin.,married,high.school,no,no,no,telephone,may,wed,83.0,3,999,0,nonexistent,no
1614,56,blue-collar,married,basic.6y,unknown,no,no,telephone,may,fri,342.0,1,999,0,nonexistent,no
1615,43,technician,married,professional.course,no,no,no,cellular,aug,wed,146.0,4,999,0,nonexistent,no
1616,37,blue-collar,married,basic.4y,unknown,no,yes,cellular,apr,mon,64.0,3,999,1,failure,no
1617,35,student,single,university.degree,unknown,no,no,telephone,may,thu,297.0,1,999,0,nonexistent,no
1618,40,services,married,high.school,unknown,no,no,cellular,nov,tue,80.0,2,999,0,nonexistent,no
1619,40,blue-collar,single,high.school,unknown,no,no,cellular,may,tue,418.0,1,999,0,nonexistent,no
1620,25,admin.,married,university.degree,no,no,no,telephone,jun,mon,121.0,4,999,0,nonexistent,no
1621,48,management,married,university.degree,no,yes,yes,cellular,aug,tue,83.0,1,999,0,nonexistent,no
1622,56,admin.,married,university.degree,unknown,no,no,cellular,jul,fri,98.0,1,999,0,nonexistent,no
1623,41,technician,single,professional.course,no,yes,no,cellular,aug,tue,54.0,1,999,0,nonexistent,no
1624,41,blue-collar,married,basic.6y,no,yes,no,cellular,may,wed,488.0,1,999,0,nonexistent,yes
1625,42,blue-collar,married,basic.6y,unknown,yes,no,telephone,jun,thu,108.0,4,999,0,nonexistent,no
1626,34,services,single,high.school,no,no,no,cellular,nov,wed,155.0,1,999,1,failure,no
1627,42,admin.,married,university.degree,no,yes,yes,cellular,aug,wed,68.0,1,999,0,nonexistent,no
1628,29,admin.,married,university.degree,no,no,no,cellular,may,wed,12.0,5,999,0,nonexistent,no
1629,46,services,divorced,high.school,unknown,yes,no,cellular,apr,mon,81.0,2,999,1,failure,no
1630,32,technician,married,professional.course,no,no,no,telephone,may,thu,27.0,1,999,0,nonexistent,no
1631,46,technician,married,basic.6y,unknown,yes,no,cellular,apr,wed,575.0,2,999,0,nonexistent,yes
1632,49,admin.,single,high.school,no,no,no,telephone,may,mon,501.0,2,999,0,nonexistent,no
1633,57,retired,married,university.degree,no,yes,no,cellular,apr,thu,374.0,1,2,1,success,no
1634,38,admin.,divorced,university.degree,no,yes,no,cellular,jul,tue,175.0,1,999,0,nonexistent,no
1635,42,admin.,single,university.degree,no,unknown,unknown,telephone,jun,wed,34.0,2,999,0,nonexistent,no
1636,31,blue-collar,married,basic.4y,no,yes,no,telephone,may,mon,159.0,3,999,0,nonexistent,no
1637,56,blue-collar,married,basic.9y,unknown,no,yes,cellular,apr,wed,87.0,2,999,0,nonexistent,no
1638,81,retired,divorced,high.school,no,no,no,cellular,jun,tue,279.0,1,999,4,failure,no
1639,37,admin.,single,high.school,unknown,no,no,cellular,may,tue,212.0,1,999,0,nonexistent,no
1640,50,technician,single,university.degree,no,yes,no,cellular,aug,thu,174.0,1,999,0,nonexistent,no
1641,47,admin.,married,university.degree,no,no,no,cellular,aug,thu,167.0,4,999,0,nonexistent,no
1642,61,management,married,university.degree,no,yes,no,cellular,oct,fri,336.0,2,999,1,failure,yes
1643,32,blue-collar,married,basic.9y,no,no,yes,telephone,may,tue,11.0,6,999,0,nonexistent,no
1644,38,entrepreneur,married,basic.9y,no,no,no,telephone,may,fri,522.0,5,999,0,nonexistent,no
1645,44,technician,single,professional.course,no,yes,no,cellular,jul,tue,112.0,2,999,0,nonexistent,no
1646,34,blue-collar,married,university.degree,no,yes,no,cellular,may,fri,44.0,2,999,1,failure,no
1647,32,management,married,university.degree,no,no,yes,cellular,may,mon,119.0,1,999,0,nonexistent,no
1648,31,entrepreneur,single,basic.9y,unknown,no,no,cellular,may,thu,300.0,2,999,0,nonexistent,no
1649,57,retired,married,professional.course,unknown,no,yes,cellular,jul,tue,1720.0,4,999,0,nonexistent,no
1650,24,student,single,unknown,no,yes,no,cellular,nov,wed,285.0,2,3,3,success,yes
1651,32,unknown,single,basic.6y,no,yes,no,telephone,jun,wed,62.0,2,999,0,nonexistent,no
1652,52,services,married,basic.6y,no,yes,no,cellular,apr,mon,44.0,1,999,0,nonexistent,no
1653,48,blue-collar,married,professional.course,no,no,no,cellular,jul,thu,22.0,25,999,0,nonexistent,no
1654,59,retired,married,professional.course,no,yes,no,cellular,jun,wed,68.0,1,999,0,nonexistent,no
1655,30,services,single,high.school,no,yes,no,telephone,may,wed,155.0,6,999,0,nonexistent,no
1656,37,technician,single,university.degree,no,yes,yes,cellular,aug,thu,73.0,2,4,1,success,no
1657,48,services,single,high.school,no,no,no,cellular,apr,fri,105.0,3,999,0,nonexistent,no
1658,38,management,married,high.school,unknown,yes,no,cellular,apr,fri,143.0,1,999,0,nonexistent,no
1659,50,management,married,high.school,unknown,no,no,telephone,may,tue,149.0,1,999,0,nonexistent,no
1660,51,blue-collar,divorced,basic.9y,no,no,no,telephone,may,thu,119.0,2,999,0,nonexistent,no
1661,51,blue-collar,married,basic.4y,no,no,no,cellular,may,wed,254.0,2,999,1,failure,no
1662,52,technician,married,professional.course,unknown,yes,no,telephone,may,tue,160.0,3,999,0,nonexistent,no
1663,39,blue-collar,married,basic.6y,no,yes,no,cellular,nov,thu,391.0,2,999,0,nonexistent,no
1664,33,admin.,married,high.school,no,no,no,cellular,jul,wed,156.0,1,999,0,nonexistent,no
1665,51,blue-collar,married,basic.4y,unknown,yes,no,cellular,aug,fri,207.0,1,999,0,nonexistent,no
1666,30,blue-collar,married,basic.6y,no,no,no,telephone,jun,wed,114.0,4,999,0,nonexistent,no
1667,40,blue-collar,married,professional.course,no,no,no,cellular,jul,mon,81.0,5,999,0,nonexistent,no
1668,41,admin.,married,university.degree,no,yes,no,telephone,may,mon,577.0,1,999,0,nonexistent,no
1669,47,services,divorced,high.school,no,unknown,unknown,telephone,may,tue,299.0,3,999,0,nonexistent,no
1670,29,management,single,basic.9y,no,no,yes,cellular,jul,fri,968.0,1,999,0,nonexistent,yes
1671,48,technician,married,professional.course,no,yes,yes,cellular,apr,thu,269.0,1,999,1,failure,yes
1672,48,blue-collar,married,basic.4y,no,no,yes,telephone,jun,tue,291.0,1,999,0,nonexistent,no
1673,54,technician,married,basic.6y,no,no,no,cellular,jul,thu,112.0,1,999,0,nonexistent,no
1674,45,management,married,university.degree,no,no,no,cellular,may,thu,647.0,1,999,1,failure,yes
1675,28,admin.,single,university.degree,no,no,no,cellular,oct,thu,116.0,1,17,1,success,no
1676,50,blue-collar,married,unknown,unknown,no,no,cellular,jul,thu,1275.0,1,999,0,nonexistent,yes
1677,37,admin.,single,high.school,no,no,no,cellular,oct,thu,322.0,1,999,0,nonexistent,no
1678,32,admin.,single,high.school,no,no,no,cellular,nov,thu,470.0,2,999,0,nonexistent,no
1679,51,entrepreneur,divorced,university.degree,no,yes,no,telephone,nov,wed,89.0,3,999,0,nonexistent,no
1680,34,admin.,married,basic.9y,no,yes,no,cellular,may,fri,152.0,1,999,0,nonexistent,no
1681,54,admin.,divorced,university.degree,no,no,no,telephone,jun,thu,172.0,1,999,0,nonexistent,no
1682,50,blue-collar,married,professional.course,no,no,no,cellular,nov,thu,600.0,3,999,1,failure,no
1683,39,entrepreneur,married,high.school,no,no,no,cellular,apr,fri,224.0,2,999,0,nonexistent,no
1684,33,management,married,basic.9y,unknown,yes,no,cellular,may,tue,275.0,3,999,0,nonexistent,no
1685,42,entrepreneur,married,basic.9y,no,no,yes,cellular,apr,thu,127.0,2,999,0,nonexistent,no
1686,29,admin.,single,university.degree,no,no,no,cellular,aug,mon,122.0,2,999,0,nonexistent,no
1687,36,technician,married,university.degree,no,yes,no,telephone,jun,mon,78.0,2,999,0,nonexistent,no
1688,66,retired,married,unknown,no,no,no,cellular,aug,wed,147.0,2,999,1,failure,yes
1689,29,admin.,single,university.degree,no,yes,no,cellular,aug,fri,88.0,4,999,0,nonexistent,no
1690,40,self-employed,married,university.degree,no,no,no,cellular,apr,fri,775.0,1,999,0,nonexistent,no
1691,36,admin.,married,high.school,no,no,no,cellular,may,mon,68.0,1,999,0,nonexistent,no
1692,42,technician,married,university.degree,no,no,no,telephone,jun,fri,4.0,20,999,0,nonexistent,no
1693,29,technician,unknown,high.school,no,yes,no,cellular,aug,wed,78.0,1,999,0,nonexistent,no
1694,56,services,married,high.school,unknown,yes,no,telephone,jul,thu,279.0,11,999,0,nonexistent,no
1695,50,technician,married,university.degree,no,unknown,unknown,cellular,aug,mon,762.0,2,999,0,nonexistent,yes
1696,56,housemaid,divorced,basic.4y,unknown,no,no,telephone,may,tue,115.0,1,999,0,nonexistent,no
1697,35,admin.,married,high.school,unknown,no,yes,cellular,jul,mon,84.0,2,999,0,nonexistent,no
1698,31,technician,married,university.degree,no,yes,no,cellular,apr,thu,35.0,1,999,0,nonexistent,no
1699,31,technician,single,professional.course,no,no,no,cellular,jul,thu,200.0,5,999,0,nonexistent,no
1700,37,blue-collar,married,basic.4y,no,no,yes,cellular,may,wed,199.0,1,999,1,failure,no
1701,29,blue-collar,married,basic.9y,no,no,no,cellular,may,fri,851.0,1,999,0,nonexistent,no
1702,46,technician,married,university.degree,no,unknown,unknown,cellular,jul,wed,364.0,1,999,0,nonexistent,no
1703,48,admin.,divorced,high.school,no,no,yes,telephone,may,tue,284.0,2,999,0,nonexistent,no
1704,27,technician,single,university.degree,no,yes,no,telephone,may,tue,304.0,2,999,0,nonexistent,no
1705,35,blue-collar,single,high.school,no,no,no,cellular,nov,wed,77.0,2,999,1,failure,no
1706,55,admin.,divorced,unknown,unknown,no,no,cellular,may,mon,178.0,2,999,0,nonexistent,no
1707,44,admin.,single,professional.course,no,no,no,cellular,nov,thu,48.0,3,999,0,nonexistent,no
1708,31,blue-collar,single,high.school,no,no,no,telephone,may,wed,249.0,11,999,0,nonexistent,no
1709,34,management,married,university.degree,no,yes,no,cellular,aug,thu,294.0,6,999,0,nonexistent,no
1710,30,technician,single,unknown,no,yes,no,telephone,may,mon,144.0,3,999,0,nonexistent,no
1711,54,technician,married,professional.course,no,no,no,cellular,nov,mon,78.0,1,999,0,nonexistent,no
1712,36,admin.,single,university.degree,no,yes,no,cellular,aug,fri,106.0,1,999,0,nonexistent,no
1713,36,blue-collar,divorced,basic.9y,unknown,no,no,telephone,jun,thu,318.0,2,999,0,nonexistent,no
1714,52,admin.,married,unknown,no,yes,no,cellular,apr,wed,184.0,2,10,1,success,yes
1715,38,technician,single,high.school,no,yes,no,cellular,mar,fri,292.0,2,999,0,nonexistent,yes
1716,83,retired,divorced,basic.4y,no,yes,no,cellular,sep,thu,405.0,3,999,0,nonexistent,no
1717,48,blue-collar,married,basic.6y,no,no,yes,cellular,jul,tue,337.0,1,999,0,nonexistent,no
1718,31,entrepreneur,single,high.school,no,no,no,cellular,nov,thu,189.0,1,999,0,nonexistent,no
1719,55,technician,married,basic.9y,unknown,no,no,telephone,jun,mon,362.0,1,999,0,nonexistent,no
1720,45,services,married,high.school,no,yes,no,telephone,jul,tue,68.0,4,999,0,nonexistent,no
1721,54,management,married,university.degree,no,yes,no,cellular,nov,mon,375.0,1,999,0,nonexistent,no
1722,44,blue-collar,married,high.school,no,yes,no,cellular,may,fri,223.0,2,999,1,failure,no
1723,38,blue-collar,single,basic.6y,no,no,no,telephone,jul,thu,114.0,4,999,0,nonexistent,no
1724,33,technician,married,professional.course,no,no,yes,cellular,may,wed,17.0,1,999,0,nonexistent,no
1725,40,management,married,university.degree,no,unknown,unknown,cellular,aug,wed,699.0,2,999,1,failure,no
1726,47,admin.,married,university.degree,no,yes,no,cellular,nov,fri,127.0,2,999,0,nonexistent,no
1727,34,blue-collar,single,basic.4y,no,no,no,telephone,may,thu,380.0,3,999,0,nonexistent,no
1728,38,management,married,university.degree,no,yes,no,telephone,aug,thu,35.0,4,999,0,nonexistent,no
1729,40,blue-collar,divorced,basic.9y,no,no,no,telephone,jun,thu,575.0,1,999,0,nonexistent,no
1730,53,management,divorced,university.degree,no,yes,no,cellular,apr,thu,297.0,1,2,1,success,yes
1731,24,student,single,high.school,no,no,no,cellular,jun,wed,112.0,2,14,2,success,no
1732,76,retired,married,university.degree,no,no,yes,cellular,mar,thu,167.0,9,999,0,nonexistent,no
1733,44,blue-collar,married,basic.9y,no,no,no,cellular,may,thu,315.0,2,999,0,nonexistent,no
1734,32,blue-collar,single,basic.9y,unknown,unknown,unknown,cellular,jul,fri,240.0,1,999,0,nonexistent,no
1735,60,self-employed,married,university.degree,no,yes,no,cellular,jul,wed,416.0,4,999,0,nonexistent,yes
1736,24,technician,single,basic.6y,no,no,no,telephone,jul,thu,207.0,10,999,0,nonexistent,no
1737,50,management,married,basic.4y,no,yes,no,cellular,nov,tue,389.0,1,999,1,failure,no
1738,33,blue-collar,single,basic.9y,no,yes,yes,telephone,jul,tue,63.0,3,999,0,nonexistent,no
1739,43,management,married,university.degree,no,yes,no,cellular,may,wed,124.0,1,999,1,failure,no
1740,43,admin.,married,university.degree,no,yes,yes,telephone,jul,tue,377.0,1,999,0,nonexistent,no
1741,55,blue-collar,married,basic.9y,no,yes,no,cellular,nov,mon,277.0,3,999,0,nonexistent,no
1742,34,admin.,married,university.degree,no,yes,no,cellular,aug,wed,147.0,3,999,0,nonexistent,no
1743,43,blue-collar,divorced,basic.9y,no,yes,no,cellular,jul,tue,82.0,1,999,0,nonexistent,no
1744,38,management,married,university.degree,no,no,no,telephone,may,fri,461.0,2,999,0,nonexistent,no
1745,31,admin.,married,university.degree,no,yes,no,cellular,nov,wed,162.0,1,999,0,nonexistent,no
1746,29,services,married,professional.course,no,no,no,cellular,aug,tue,836.0,3,999,0,nonexistent,yes
1747,48,blue-collar,married,basic.4y,unknown,no,yes,cellular,aug,thu,224.0,1,999,0,nonexistent,no
1748,30,admin.,married,basic.9y,no,yes,no,cellular,jun,thu,111.0,2,999,1,failure,no
1749,47,technician,married,professional.course,no,no,no,cellular,aug,mon,428.0,2,999,0,nonexistent,no
1750,38,admin.,married,university.degree,no,no,no,telephone,jun,fri,24.0,5,999,0,nonexistent,no
1751,53,services,married,high.school,unknown,no,no,telephone,jun,tue,76.0,8,999,0,nonexistent,no
1752,24,services,single,high.school,no,yes,no,cellular,jul,thu,355.0,1,11,2,success,yes
1753,48,blue-collar,married,high.school,no,no,no,cellular,aug,wed,312.0,9,999,0,nonexistent,no
1754,46,admin.,married,university.degree,no,no,no,cellular,aug,thu,87.0,5,999,0,nonexistent,no
1755,45,blue-collar,divorced,basic.9y,no,unknown,unknown,telephone,may,fri,78.0,1,999,0,nonexistent,no
1756,73,retired,married,professional.course,no,yes,no,cellular,nov,fri,334.0,1,999,0,nonexistent,yes
1757,29,admin.,married,university.degree,no,no,no,cellular,aug,mon,235.0,2,999,0,nonexistent,no
1758,58,retired,married,high.school,no,yes,no,cellular,aug,tue,242.0,6,3,1,success,yes
1759,66,retired,married,university.degree,no,no,yes,cellular,aug,mon,315.0,1,999,0,nonexistent,no
1760,40,blue-collar,married,basic.4y,no,no,yes,cellular,nov,mon,143.0,2,999,0,nonexistent,no
1761,44,unemployed,married,basic.9y,unknown,no,no,cellular,jul,wed,92.0,1,999,0,nonexistent,no
1762,33,blue-collar,married,basic.4y,unknown,yes,yes,telephone,may,wed,207.0,2,999,0,nonexistent,no
1763,33,management,married,high.school,no,no,no,telephone,jul,thu,524.0,3,999,0,nonexistent,no
1764,23,student,single,high.school,no,yes,no,cellular,aug,thu,784.0,3,15,3,failure,yes
1765,46,admin.,single,university.degree,no,yes,yes,cellular,jul,tue,62.0,7,999,0,nonexistent,no
1766,31,admin.,divorced,university.degree,no,no,no,cellular,aug,tue,139.0,2,999,0,nonexistent,no
1767,39,technician,married,professional.course,unknown,no,no,telephone,jun,wed,401.0,1,999,0,nonexistent,no
1768,50,unemployed,married,professional.course,unknown,yes,yes,cellular,jul,thu,225.0,1,999,0,nonexistent,no
1769,56,services,divorced,high.school,unknown,no,no,telephone,may,thu,311.0,5,999,0,nonexistent,no
1770,55,technician,divorced,professional.course,no,no,yes,cellular,aug,thu,388.0,1,999,0,nonexistent,no
1771,31,entrepreneur,divorced,basic.4y,no,no,no,cellular,nov,tue,290.0,1,5,1,success,no
1772,54,technician,married,high.school,unknown,yes,no,cellular,nov,fri,326.0,2,999,0,nonexistent,no
1773,50,entrepreneur,married,unknown,no,no,no,telephone,jun,fri,42.0,2,999,0,nonexistent,no
1774,36,blue-collar,married,basic.6y,no,yes,no,telephone,may,thu,11.0,1,999,0,nonexistent,no
1775,38,technician,single,university.degree,no,unknown,unknown,telephone,may,fri,214.0,2,999,0,nonexistent,no
1776,51,blue-collar,married,basic.4y,unknown,no,yes,telephone,jun,tue,781.0,1,999,0,nonexistent,yes
1777,37,admin.,married,university.degree,no,no,yes,cellular,aug,mon,170.0,3,999,0,nonexistent,no
1778,34,admin.,married,high.school,no,yes,no,cellular,jul,mon,38.0,1,999,0,nonexistent,no
1779,38,blue-collar,married,basic.6y,unknown,no,no,telephone,jun,tue,14.0,1,999,0,nonexistent,no
1780,29,services,divorced,high.school,no,yes,no,telephone,jun,fri,56.0,2,999,0,nonexistent,no
1781,50,blue-collar,married,basic.9y,unknown,no,no,cellular,jul,thu,16.0,1,999,0,nonexistent,no
1782,47,housemaid,divorced,basic.9y,no,yes,no,cellular,aug,wed,175.0,2,999,0,nonexistent,no
1783,53,self-employed,married,basic.9y,no,yes,yes,cellular,aug,fri,1241.0,7,999,0,nonexistent,yes
1784,40,management,single,basic.9y,no,yes,no,cellular,apr,wed,601.0,1,999,0,nonexistent,no
1785,56,retired,married,basic.4y,unknown,no,no,cellular,jul,tue,580.0,3,999,0,nonexistent,no
1786,20,blue-collar,single,high.school,no,yes,no,cellular,may,thu,908.0,3,999,0,nonexistent,no
1787,45,technician,married,professional.course,no,no,no,cellular,aug,wed,132.0,1,999,0,nonexistent,no
1788,41,technician,married,high.school,no,yes,no,cellular,aug,wed,159.0,1,999,0,nonexistent,no
1789,51,blue-collar,married,basic.9y,unknown,yes,no,cellular,may,wed,254.0,1,999,1,failure,no
1790,51,entrepreneur,divorced,high.school,no,no,no,cellular,jul,fri,347.0,2,999,0,nonexistent,no
1791,45,admin.,divorced,university.degree,no,yes,no,cellular,nov,tue,140.0,3,999,1,failure,no
1792,45,technician,married,professional.course,unknown,no,no,telephone,may,fri,207.0,4,999,0,nonexistent,no
1793,40,technician,single,professional.course,no,yes,no,cellular,apr,mon,430.0,1,999,0,nonexistent,no
1794,29,admin.,single,university.degree,no,no,no,cellular,aug,mon,9.0,7,999,0,nonexistent,no
1795,33,admin.,married,university.degree,no,no,no,cellular,jul,thu,180.0,3,999,0,nonexistent,no
1796,35,blue-collar,married,basic.4y,no,no,yes,cellular,may,mon,285.0,2,999,1,failure,no
1797,50,technician,married,professional.course,no,no,yes,telephone,jun,mon,352.0,1,999,0,nonexistent,no
1798,44,housemaid,married,basic.4y,no,yes,no,cellular,aug,thu,164.0,1,999,0,nonexistent,no
1799,46,admin.,divorced,university.degree,no,yes,no,telephone,jul,mon,59.0,4,999,0,nonexistent,no
1800,27,admin.,single,high.school,unknown,no,no,cellular,jul,mon,510.0,6,999,0,nonexistent,no
1801,34,admin.,married,university.degree,no,yes,no,cellular,aug,wed,250.0,1,10,2,failure,yes
1802,26,student,single,high.school,no,yes,no,cellular,may,mon,255.0,1,999,0,nonexistent,no
1803,44,blue-collar,single,university.degree,unknown,yes,yes,cellular,jul,tue,70.0,2,999,0,nonexistent,no
1804,29,admin.,single,high.school,no,unknown,unknown,cellular,may,fri,43.0,8,999,1,failure,no
1805,31,services,single,high.school,unknown,no,no,telephone,may,wed,491.0,1,999,0,nonexistent,no
1806,31,services,married,basic.9y,no,no,no,telephone,may,tue,945.0,2,999,0,nonexistent,yes
1807,29,blue-collar,married,professional.course,no,no,no,telephone,jun,wed,230.0,3,999,0,nonexistent,no
1808,74,retired,married,university.degree,no,no,no,telephone,oct,mon,160.0,1,999,0,nonexistent,no
1809,49,technician,single,high.school,no,no,yes,cellular,may,thu,253.0,4,999,0,nonexistent,no
1810,30,admin.,single,university.degree,no,no,no,cellular,jun,thu,124.0,1,999,0,nonexistent,no
1811,53,management,married,high.school,no,yes,no,cellular,may,mon,383.0,2,999,1,failure,no
1812,49,blue-collar,divorced,basic.4y,unknown,no,no,cellular,apr,wed,430.0,1,999,0,nonexistent,no
1813,41,admin.,single,university.degree,unknown,no,no,telephone,may,mon,112.0,2,999,0,nonexistent,no
1814,34,services,single,basic.9y,unknown,yes,yes,telephone,may,wed,124.0,1,999,0,nonexistent,no
1815,39,services,married,unknown,unknown,yes,no,cellular,jul,wed,40.0,1,999,0,nonexistent,no
1816,48,technician,married,professional.course,no,no,no,cellular,jul,thu,38.0,1,999,0,nonexistent,no
1817,34,technician,single,university.degree,no,no,no,cellular,aug,wed,165.0,1,999,0,nonexistent,no
1818,39,student,single,unknown,no,yes,no,telephone,aug,fri,104.0,2,999,0,nonexistent,no
1819,31,admin.,married,university.degree,no,yes,no,cellular,may,thu,400.0,1,3,1,success,yes
1820,38,blue-collar,single,basic.9y,no,yes,no,telephone,may,tue,174.0,1,999,0,nonexistent,no
1821,32,blue-collar,married,professional.course,no,yes,no,cellular,apr,thu,652.0,2,999,0,nonexistent,yes
1822,37,services,married,high.school,no,no,no,telephone,may,fri,523.0,3,999,0,nonexistent,no
1823,59,management,married,university.degree,no,yes,no,cellular,aug,tue,92.0,2,999,0,nonexistent,no
1824,29,admin.,divorced,university.degree,no,no,no,telephone,may,thu,90.0,3,999,0,nonexistent,no
1825,59,retired,married,university.degree,no,yes,no,cellular,jul,mon,664.0,7,999,0,nonexistent,yes
1826,38,admin.,married,high.school,no,yes,no,cellular,nov,mon,136.0,1,999,1,failure,no
1827,36,admin.,married,professional.course,no,yes,no,cellular,aug,fri,56.0,1,999,0,nonexistent,no
1828,33,admin.,divorced,university.degree,no,no,no,cellular,may,tue,140.0,1,999,0,nonexistent,no
1829,40,blue-collar,married,basic.9y,unknown,no,no,cellular,may,tue,335.0,1,999,0,nonexistent,no
1830,27,entrepreneur,married,university.degree,no,no,yes,cellular,may,mon,117.0,1,999,1,failure,no
1831,34,services,married,high.school,no,yes,no,cellular,may,fri,49.0,1,999,1,failure,no
1832,41,blue-collar,single,basic.9y,no,no,no,telephone,may,thu,74.0,1,999,0,nonexistent,no
1833,47,student,single,unknown,no,unknown,unknown,telephone,nov,mon,145.0,1,999,0,nonexistent,yes
1834,55,blue-collar,married,basic.4y,no,yes,no,cellular,aug,mon,149.0,1,999,0,nonexistent,no
1835,58,blue-collar,married,basic.4y,no,yes,no,cellular,aug,wed,127.0,1,999,0,nonexistent,no
1836,34,blue-collar,married,high.school,no,yes,no,cellular,may,tue,863.0,1,3,2,success,yes
1837,30,admin.,single,university.degree,no,no,no,cellular,nov,thu,319.0,5,999,0,nonexistent,no
1838,46,housemaid,married,basic.4y,no,yes,no,telephone,jul,wed,220.0,2,999,0,nonexistent,no
1839,49,blue-collar,married,basic.4y,unknown,yes,no,cellular,jul,tue,792.0,4,999,0,nonexistent,no
1840,45,management,married,university.degree,no,no,no,telephone,jun,mon,369.0,2,999,0,nonexistent,no
1841,36,blue-collar,married,basic.4y,no,yes,no,cellular,may,tue,360.0,1,999,0,nonexistent,no
1842,36,unemployed,single,basic.4y,unknown,no,no,telephone,may,fri,544.0,1,999,0,nonexistent,no
1843,50,technician,married,professional.course,no,no,no,cellular,aug,thu,139.0,2,999,0,nonexistent,no
1844,34,admin.,married,high.school,no,yes,yes,telephone,may,thu,186.0,1,999,0,nonexistent,no
1845,39,technician,single,professional.course,unknown,yes,no,cellular,aug,mon,129.0,2,999,0,nonexistent,no
1846,35,blue-collar,single,high.school,no,yes,no,cellular,may,wed,49.0,2,999,0,nonexistent,no
1847,52,self-employed,married,professional.course,no,no,no,telephone,jun,mon,45.0,2,999,0,nonexistent,no
1848,31,technician,married,professional.course,no,no,no,telephone,may,thu,127.0,2,999,0,nonexistent,no
1849,41,admin.,divorced,university.degree,no,yes,no,cellular,aug,wed,536.0,5,999,0,nonexistent,yes
1850,26,admin.,single,university.degree,no,yes,yes,cellular,may,tue,15.0,7,999,0,nonexistent,no
1851,39,admin.,single,university.degree,no,no,no,telephone,may,mon,140.0,2,999,0,nonexistent,no
1852,36,blue-collar,married,basic.9y,no,yes,no,cellular,nov,tue,99.0,1,999,1,failure,no
1853,53,blue-collar,married,basic.9y,unknown,yes,no,cellular,aug,thu,504.0,2,999,0,nonexistent,no
1854,33,admin.,single,high.school,no,no,yes,telephone,jun,wed,113.0,1,999,0,nonexistent,no
1855,28,blue-collar,married,basic.9y,no,no,yes,telephone,may,fri,1064.0,4,999,0,nonexistent,yes
1856,41,blue-collar,married,basic.9y,unknown,no,no,telephone,may,thu,126.0,2,999,0,nonexistent,no
1857,21,student,single,unknown,no,no,no,telephone,sep,tue,9.0,1,999,0,nonexistent,no
1858,41,unknown,married,unknown,no,yes,no,cellular,aug,mon,166.0,2,999,0,nonexistent,no
1859,38,services,divorced,high.school,no,no,no,cellular,jul,thu,503.0,1,999,0,nonexistent,no
1860,56,retired,married,professional.course,no,no,no,cellular,jul,wed,135.0,1,999,0,nonexistent,no
1861,49,blue-collar,married,basic.9y,unknown,yes,no,cellular,mar,mon,277.0,4,999,1,failure,yes
1862,53,services,married,basic.6y,no,yes,no,cellular,may,thu,157.0,4,999,1,failure,no
1863,39,management,single,high.school,unknown,no,no,telephone,nov,tue,274.0,1,999,0,nonexistent,no
1864,41,services,married,professional.course,no,no,yes,cellular,nov,thu,217.0,3,999,0,nonexistent,no
1865,30,management,single,university.degree,no,yes,no,cellular,jul,mon,96.0,1,999,0,nonexistent,no
1866,59,retired,married,basic.9y,no,no,no,cellular,aug,mon,105.0,9,999,0,nonexistent,no
1867,38,admin.,married,high.school,no,no,no,cellular,may,fri,217.0,2,999,0,nonexistent,no
1868,49,management,married,university.degree,no,yes,no,cellular,jul,tue,71.0,1,999,0,nonexistent,no
1869,33,entrepreneur,single,university.degree,no,yes,no,cellular,nov,tue,295.0,1,999,1,failure,no
1870,46,management,married,university.degree,no,no,no,cellular,jul,mon,87.0,3,999,0,nonexistent,no
1871,36,blue-collar,married,basic.6y,no,no,no,cellular,jul,tue,164.0,1,999,0,nonexistent,no
1872,45,admin.,married,basic.9y,no,yes,no,telephone,jun,mon,60.0,2,999,0,nonexistent,no
1873,41,unemployed,married,basic.9y,unknown,no,no,cellular,apr,fri,135.0,1,999,1,failure,no
1874,25,student,single,high.school,no,no,no,cellular,aug,fri,253.0,1,999,0,nonexistent,no
1875,34,technician,divorced,unknown,no,yes,no,telephone,jul,thu,251.0,3,999,0,nonexistent,no
1876,32,blue-collar,single,basic.4y,no,no,no,cellular,nov,thu,113.0,1,999,0,nonexistent,no
1877,39,blue-collar,married,basic.9y,no,no,no,telephone,nov,thu,281.0,2,999,1,failure,no
1878,51,management,married,university.degree,no,yes,no,telephone,may,fri,317.0,1,999,0,nonexistent,no
1879,46,blue-collar,married,basic.9y,no,yes,no,cellular,jul,mon,124.0,1,999,0,nonexistent,no
1880,36,entrepreneur,married,university.degree,no,no,no,telephone,jul,fri,164.0,2,999,0,nonexistent,no
1881,40,housemaid,married,basic.4y,unknown,no,no,cellular,jul,fri,504.0,2,999,0,nonexistent,no
1882,40,blue-collar,single,basic.4y,no,yes,no,telephone,jun,thu,160.0,2,999,0,nonexistent,no
1883,40,technician,married,high.school,no,no,no,cellular,nov,wed,231.0,4,999,0,nonexistent,no
1884,29,admin.,single,university.degree,no,no,no,cellular,jun,mon,114.0,1,999,0,nonexistent,yes
1885,42,technician,married,university.degree,no,no,no,cellular,aug,fri,321.0,1,999,0,nonexistent,no
1886,34,housemaid,married,unknown,no,yes,no,cellular,aug,fri,314.0,2,999,0,nonexistent,no
1887,34,blue-collar,married,basic.6y,no,no,no,telephone,may,mon,158.0,4,999,0,nonexistent,no
1888,33,technician,divorced,high.school,no,no,no,cellular,may,tue,204.0,1,999,1,failure,no
1889,47,blue-collar,married,basic.9y,unknown,no,no,telephone,jun,mon,146.0,3,999,0,nonexistent,no
1890,30,admin.,single,high.school,no,no,no,telephone,aug,thu,18.0,1,22,1,success,no
1891,35,technician,married,professional.course,no,no,yes,cellular,jul,mon,554.0,2,999,0,nonexistent,no
1892,34,technician,married,professional.course,no,yes,no,cellular,aug,fri,50.0,1,999,0,nonexistent,no
1893,31,admin.,married,high.school,no,no,no,cellular,aug,thu,57.0,1,999,0,nonexistent,no
1894,36,technician,married,high.school,no,yes,no,telephone,may,mon,162.0,1,999,0,nonexistent,no
1895,28,services,single,high.school,no,yes,yes,telephone,may,tue,466.0,2,999,0,nonexistent,no
1896,29,admin.,married,university.degree,no,yes,no,cellular,jun,tue,201.0,1,999,0,nonexistent,yes
1897,31,blue-collar,married,professional.course,unknown,no,no,cellular,jul,fri,109.0,2,999,0,nonexistent,no
1898,45,services,married,basic.9y,no,no,no,cellular,aug,mon,744.0,1,999,0,nonexistent,yes
1899,27,self-employed,single,university.degree,no,no,no,telephone,oct,fri,24.0,1,999,0,nonexistent,no
1900,37,entrepreneur,single,university.degree,no,yes,no,telephone,jun,mon,348.0,1,999,0,nonexistent,no
1901,29,admin.,single,university.degree,no,no,yes,cellular,jul,thu,65.0,1,999,0,nonexistent,no
1902,25,student,single,high.school,no,yes,no,cellular,oct,mon,211.0,2,6,3,success,yes
1903,39,admin.,married,university.degree,no,no,no,cellular,may,fri,272.0,1,999,0,nonexistent,no
1904,32,admin.,married,university.degree,no,yes,yes,cellular,may,thu,178.0,1,999,0,nonexistent,no
1905,33,admin.,married,high.school,no,yes,yes,telephone,may,wed,1044.0,2,999,0,nonexistent,no
1906,42,blue-collar,married,basic.4y,no,no,no,cellular,may,tue,56.0,1,999,0,nonexistent,no
1907,49,management,divorced,high.school,unknown,no,no,telephone,jun,wed,319.0,6,999,0,nonexistent,no
1908,29,self-employed,married,university.degree,no,no,no,cellular,mar,wed,101.0,1,999,0,nonexistent,no
1909,36,admin.,married,university.degree,no,yes,no,cellular,aug,mon,149.0,2,999,0,nonexistent,no
1910,44,admin.,single,high.school,no,yes,no,telephone,aug,tue,27.0,1,999,0,nonexistent,no
1911,45,services,married,professional.course,no,yes,no,telephone,may,mon,221.0,1,999,0,nonexistent,no
1912,30,blue-collar,married,basic.9y,no,yes,no,cellular,jul,mon,245.0,2,999,0,nonexistent,no
1913,44,technician,divorced,professional.course,no,yes,yes,telephone,jul,mon,90.0,11,999,0,nonexistent,no
1914,28,blue-collar,single,basic.9y,no,no,no,cellular,apr,mon,218.0,1,999,0,nonexistent,no
1915,35,admin.,married,university.degree,no,yes,no,cellular,nov,wed,925.0,1,999,0,nonexistent,yes
1916,56,technician,married,professional.course,no,yes,no,cellular,jul,tue,208.0,1,999,0,nonexistent,no
1917,43,admin.,single,university.degree,no,yes,no,cellular,jul,mon,48.0,20,999,0,nonexistent,no
1918,44,blue-collar,married,basic.9y,unknown,yes,no,telephone,may,mon,33.0,4,999,0,nonexistent,no
1919,33,services,divorced,high.school,no,no,yes,telephone,apr,fri,119.0,1,999,0,nonexistent,no
1920,54,admin.,married,university.degree,no,yes,no,telephone,may,thu,461.0,3,999,0,nonexistent,no
1921,39,blue-collar,married,basic.6y,no,no,no,cellular,may,fri,138.0,1,999,0,nonexistent,no
1922,25,student,single,high.school,no,no,no,telephone,may,fri,112.0,4,999,0,nonexistent,no
1923,37,blue-collar,married,basic.6y,no,no,no,cellular,jul,fri,640.0,3,999,0,nonexistent,yes
1924,62,entrepreneur,married,basic.9y,no,yes,no,cellular,apr,mon,366.0,2,10,1,success,no
1925,31,services,married,high.school,no,no,no,telephone,may,wed,232.0,1,999,0,nonexistent,no
1926,53,management,divorced,university.degree,no,yes,yes,cellular,apr,thu,126.0,6,999,0,nonexistent,no
1927,59,admin.,divorced,high.school,unknown,no,yes,cellular,jul,mon,630.0,3,999,0,nonexistent,yes
1928,38,admin.,married,high.school,no,yes,no,cellular,may,fri,1281.0,1,999,0,nonexistent,no
1929,33,admin.,married,high.school,no,yes,no,telephone,may,fri,730.0,2,999,0,nonexistent,no
1930,78,retired,married,basic.4y,no,no,no,cellular,jul,mon,1148.0,1,999,0,nonexistent,yes
1931,45,housemaid,married,university.degree,no,yes,no,telephone,apr,fri,460.0,2,999,1,failure,no
1932,60,unknown,married,basic.4y,unknown,yes,no,cellular,jul,wed,659.0,1,999,0,nonexistent,no
1933,28,admin.,married,high.school,no,no,no,cellular,may,fri,129.0,2,999,0,nonexistent,no
1934,32,management,married,high.school,no,no,no,telephone,may,mon,232.0,3,999,0,nonexistent,no
1935,33,admin.,divorced,university.degree,no,no,yes,telephone,may,fri,128.0,1,999,0,nonexistent,no
1936,42,admin.,divorced,university.degree,no,yes,no,cellular,aug,thu,85.0,3,999,0,nonexistent,no
1937,34,blue-collar,married,basic.9y,no,yes,no,cellular,may,wed,311.0,3,999,1,failure,no
1938,32,blue-collar,single,basic.9y,no,yes,no,telephone,jun,mon,22.0,17,999,0,nonexistent,no
1939,60,management,married,university.degree,no,no,no,telephone,may,tue,451.0,2,999,0,nonexistent,no
1940,38,services,divorced,high.school,unknown,no,no,cellular,apr,tue,311.0,1,999,1,failure,no
1941,49,services,married,high.school,unknown,yes,no,cellular,jul,wed,226.0,1,999,0,nonexistent,no
1942,59,technician,divorced,basic.9y,no,yes,no,cellular,jul,wed,85.0,13,999,0,nonexistent,no
1943,35,services,single,basic.9y,no,yes,no,cellular,jul,thu,136.0,2,999,0,nonexistent,no
1944,45,management,married,university.degree,no,no,no,cellular,nov,tue,633.0,2,999,0,nonexistent,no
1945,44,services,married,professional.course,no,no,no,cellular,aug,mon,90.0,1,999,0,nonexistent,no
1946,35,admin.,married,university.degree,no,yes,no,cellular,jul,tue,98.0,4,999,0,nonexistent,no
1947,45,technician,divorced,university.degree,no,yes,no,cellular,aug,mon,100.0,1,999,0,nonexistent,no
1948,49,management,married,high.school,no,no,no,cellular,nov,wed,582.0,1,999,0,nonexistent,no
1949,34,services,divorced,professional.course,unknown,no,no,telephone,jun,mon,466.0,2,999,0,nonexistent,no
1950,41,admin.,divorced,university.degree,no,yes,no,cellular,jul,mon,140.0,1,14,2,success,yes
1951,43,admin.,married,high.school,no,no,yes,cellular,jul,mon,111.0,1,999,0,nonexistent,no
1952,35,admin.,single,basic.9y,no,yes,no,telephone,may,tue,38.0,6,999,0,nonexistent,no
1953,38,admin.,married,high.school,no,no,no,telephone,may,thu,179.0,5,999,0,nonexistent,no
1954,35,blue-collar,single,basic.4y,no,yes,no,telephone,jun,thu,155.0,1,999,0,nonexistent,no
1955,57,retired,married,high.school,unknown,no,no,telephone,may,tue,147.0,1,999,0,nonexistent,no
1956,19,student,single,basic.4y,no,yes,no,cellular,sep,wed,396.0,2,6,3,success,yes
1957,47,services,married,high.school,unknown,yes,no,telephone,jun,mon,87.0,3,999,0,nonexistent,no
1958,44,admin.,married,university.degree,no,no,no,cellular,aug,tue,312.0,1,999,0,nonexistent,no
1959,48,blue-collar,married,basic.4y,unknown,yes,yes,cellular,jul,fri,269.0,2,999,0,nonexistent,no
1960,34,blue-collar,married,basic.9y,no,yes,no,telephone,may,mon,360.0,2,999,0,nonexistent,no
1961,28,blue-collar,married,basic.6y,no,yes,no,cellular,may,thu,933.0,4,999,0,nonexistent,yes
1962,46,blue-collar,married,basic.4y,unknown,no,no,telephone,may,tue,367.0,1,999,0,nonexistent,no
1963,29,technician,single,high.school,no,yes,no,cellular,aug,mon,201.0,2,999,0,nonexistent,no
1964,31,admin.,single,university.degree,no,yes,no,telephone,jun,wed,76.0,1,999,0,nonexistent,no
1965,57,technician,married,professional.course,unknown,no,no,telephone,aug,tue,15.0,7,999,0,nonexistent,no
1966,42,technician,married,university.degree,no,yes,no,cellular,may,mon,78.0,2,999,0,nonexistent,no
1967,43,blue-collar,married,basic.9y,no,yes,no,cellular,apr,mon,8.0,2,999,0,nonexistent,no
1968,32,blue-collar,married,basic.9y,unknown,no,no,telephone,jul,tue,89.0,5,999,0,nonexistent,no
1969,33,blue-collar,divorced,basic.9y,unknown,yes,yes,cellular,jul,wed,464.0,3,999,0,nonexistent,no
1970,46,blue-collar,married,basic.6y,no,yes,yes,cellular,aug,tue,133.0,12,999,0,nonexistent,no
1971,31,technician,single,university.degree,no,no,no,telephone,apr,tue,207.0,17,999,0,nonexistent,yes
1972,49,admin.,married,basic.9y,no,no,no,telephone,may,mon,220.0,3,999,0,nonexistent,no
1973,60,self-employed,married,professional.course,no,yes,no,telephone,jun,thu,318.0,2,999,0,nonexistent,no
1974,31,student,single,unknown,no,no,yes,cellular,may,mon,63.0,3,999,0,nonexistent,no
1975,28,admin.,single,high.school,no,yes,no,telephone,may,wed,292.0,2,999,0,nonexistent,no
1976,38,technician,single,university.degree,no,yes,no,cellular,jul,thu,98.0,1,999,0,nonexistent,no
1977,29,admin.,married,university.degree,no,no,no,cellular,may,wed,128.0,2,999,0,nonexistent,no
1978,46,,divorced,professional.course,no,no,no,telephone,jun,wed,53.0,2,999,0,nonexistent,no
1979,47,blue-collar,married,basic.9y,no,no,no,cellular,aug,fri,27.0,11,999,0,nonexistent,no
1980,36,management,married,university.degree,no,yes,no,telephone,nov,tue,155.0,4,999,0,nonexistent,no
1981,57,retired,married,university.degree,no,yes,yes,cellular,jul,mon,1062.0,4,999,0,nonexistent,yes
1982,45,admin.,married,university.degree,no,no,no,telephone,may,wed,57.0,2,999,0,nonexistent,no
1983,27,unknown,single,university.degree,no,yes,no,cellular,jun,wed,121.0,3,999,0,nonexistent,no
1984,35,housemaid,married,high.school,no,no,no,telephone,may,wed,122.0,2,999,0,nonexistent,no
1985,40,services,married,high.school,unknown,yes,no,cellular,apr,mon,78.0,1,999,0,nonexistent,no
1986,57,retired,married,high.school,no,yes,yes,telephone,jun,fri,471.0,2,999,0,nonexistent,no
1987,43,management,married,basic.9y,no,yes,no,cellular,aug,fri,180.0,1,6,2,failure,no
1988,25,student,single,unknown,unknown,yes,no,cellular,aug,fri,121.0,1,15,2,failure,no
1989,36,technician,married,university.degree,no,yes,no,cellular,aug,fri,,1,999,0,nonexistent,no
1990,53,retired,single,basic.4y,no,yes,no,cellular,jun,mon,107.0,3,999,0,nonexistent,yes
1991,59,retired,divorced,basic.4y,unknown,no,no,telephone,may,tue,273.0,2,999,0,nonexistent,no
1992,49,admin.,married,high.school,no,no,no,cellular,aug,tue,15.0,13,999,0,nonexistent,no
1993,23,technician,married,professional.course,no,yes,yes,cellular,oct,thu,408.0,2,999,0,nonexistent,no
1994,43,services,married,basic.6y,unknown,yes,yes,cellular,jul,mon,76.0,5,999,0,nonexistent,no
1995,32,self-employed,divorced,university.degree,no,no,yes,telephone,jun,tue,254.0,21,999,0,nonexistent,no
1996,36,management,married,university.degree,no,yes,yes,telephone,may,fri,16.0,3,999,0,nonexistent,no
1997,30,self-employed,single,university.degree,no,yes,no,telephone,may,tue,262.0,1,999,0,nonexistent,no
1998,59,retired,divorced,basic.9y,unknown,no,yes,telephone,may,wed,139.0,2,999,0,nonexistent,no
1999,40,services,divorced,high.school,no,no,no,telephone,may,fri,456.0,1,999,0,nonexistent,no
2000,33,admin.,married,university.degree,no,yes,no,cellular,may,mon,86.0,3,999,0,nonexistent,no
2001,34,admin.,single,high.school,no,no,yes,cellular,jun,thu,207.0,1,999,0,nonexistent,no
2002,77,retired,married,unknown,no,yes,no,cellular,nov,fri,193.0,1,3,1,success,yes
2003,25,blue-collar,married,basic.4y,no,no,no,cellular,jul,thu,420.0,2,999,0,nonexistent,no
2004,32,unemployed,married,basic.9y,no,no,no,telephone,may,fri,71.0,4,999,0,nonexistent,no
2005,35,technician,married,high.school,unknown,yes,no,cellular,may,fri,104.0,2,999,0,nonexistent,no
2006,35,blue-collar,married,basic.4y,unknown,no,no,telephone,may,fri,118.0,6,999,0,nonexistent,no
2007,27,admin.,single,high.school,no,no,no,cellular,jul,tue,297.0,1,999,0,nonexistent,no
2008,32,services,married,basic.4y,no,no,no,cellular,nov,mon,161.0,1,999,0,nonexistent,no
2009,51,retired,married,basic.9y,no,no,no,telephone,may,tue,166.0,1,999,0,nonexistent,no
2010,48,technician,single,professional.course,no,yes,no,cellular,may,wed,142.0,2,999,0,nonexistent,no
2011,30,blue-collar,single,high.school,no,yes,no,telephone,may,tue,309.0,1,999,0,nonexistent,no
2012,27,blue-collar,single,basic.9y,no,unknown,unknown,cellular,jul,mon,182.0,3,999,0,nonexistent,no
2013,35,blue-collar,married,basic.9y,no,yes,no,cellular,nov,tue,231.0,2,999,0,nonexistent,no
2014,33,services,single,high.school,no,yes,no,cellular,oct,mon,182.0,1,6,1,success,yes
2015,60,retired,divorced,university.degree,unknown,no,no,telephone,may,mon,514.0,1,999,0,nonexistent,no
2016,35,admin.,married,university.degree,no,yes,no,cellular,nov,wed,60.0,1,999,0,nonexistent,no
2017,37,technician,single,professional.course,no,no,no,telephone,may,mon,21.0,5,999,0,nonexistent,no
2018,51,blue-collar,married,unknown,unknown,yes,no,telephone,may,fri,436.0,3,999,0,nonexistent,no
2019,29,self-employed,single,professional.course,no,yes,no,cellular,may,wed,774.0,2,999,1,failure,yes
2020,42,blue-collar,married,basic.6y,no,yes,no,cellular,apr,fri,240.0,2,999,0,nonexistent,no
2021,53,blue-collar,divorced,basic.4y,unknown,yes,no,telephone,jun,mon,57.0,1,999,0,nonexistent,no
2022,22,blue-collar,single,basic.9y,no,yes,no,telephone,may,thu,100.0,2,999,0,nonexistent,no
2023,31,blue-collar,married,basic.6y,no,yes,no,telephone,may,tue,774.0,1,999,0,nonexistent,no
2024,45,admin.,married,high.school,no,no,no,cellular,aug,thu,52.0,5,999,0,nonexistent,no
2025,30,management,single,university.degree,no,no,no,cellular,apr,wed,244.0,3,999,0,nonexistent,no
2026,53,blue-collar,married,basic.4y,unknown,yes,no,cellular,aug,fri,148.0,5,999,0,nonexistent,no
2027,38,services,married,high.school,no,yes,no,telephone,jul,thu,120.0,1,999,0,nonexistent,no
2028,44,blue-collar,single,basic.9y,no,yes,no,cellular,jul,wed,50.0,18,999,0,nonexistent,no
2029,30,technician,married,high.school,no,no,no,cellular,nov,wed,1206.0,2,999,0,nonexistent,no
2030,39,services,married,high.school,no,yes,yes,cellular,nov,mon,49.0,3,999,0,nonexistent,no
2031,47,technician,married,professional.course,unknown,yes,no,cellular,apr,fri,260.0,1,999,0,nonexistent,no
2032,36,admin.,single,university.degree,no,yes,no,cellular,aug,tue,1344.0,7,999,0,nonexistent,yes
2033,51,admin.,single,university.degree,no,yes,yes,cellular,may,wed,120.0,3,999,0,nonexistent,no
2034,61,management,married,university.degree,no,no,no,cellular,oct,fri,56.0,4,999,0,nonexistent,no
2035,71,retired,married,basic.4y,no,no,no,telephone,apr,mon,92.0,8,999,0,nonexistent,no
2036,35,self-employed,divorced,basic.9y,no,no,no,cellular,jul,mon,53.0,6,999,0,nonexistent,no
2037,33,housemaid,single,university.degree,unknown,yes,no,cellular,aug,wed,46.0,3,999,0,nonexistent,no
2038,49,entrepreneur,married,university.degree,no,no,no,telephone,jun,mon,171.0,2,999,0,nonexistent,no
2039,32,unknown,married,basic.6y,unknown,no,no,telephone,may,tue,39.0,2,999,0,nonexistent,no
2040,55,admin.,married,university.degree,no,yes,yes,cellular,nov,wed,63.0,1,999,0,nonexistent,no
2041,44,admin.,divorced,high.school,no,no,no,telephone,jun,tue,132.0,4,999,0,nonexistent,no
2042,50,admin.,married,high.school,no,no,no,telephone,may,thu,290.0,3,999,0,nonexistent,no
2043,34,technician,divorced,unknown,no,yes,yes,cellular,jul,thu,8.0,8,999,0,nonexistent,no
2044,31,admin.,single,university.degree,no,yes,no,cellular,aug,mon,163.0,1,999,0,nonexistent,no
2045,39,management,married,university.degree,no,yes,no,telephone,may,wed,51.0,4,999,0,nonexistent,no
2046,33,technician,married,professional.course,unknown,yes,no,cellular,aug,tue,731.0,7,999,0,nonexistent,yes
2047,31,admin.,single,high.school,no,no,no,cellular,nov,fri,186.0,1,999,0,nonexistent,no
2048,44,blue-collar,married,basic.9y,no,no,no,telephone,jun,fri,109.0,4,999,0,nonexistent,no
2049,58,retired,married,basic.4y,unknown,no,no,telephone,jun,thu,327.0,1,999,0,nonexistent,no
2050,45,self-employed,married,university.degree,no,no,yes,cellular,aug,thu,157.0,1,999,0,nonexistent,no
2051,27,admin.,married,high.school,unknown,no,yes,telephone,may,tue,318.0,3,999,0,nonexistent,no
2052,35,admin.,married,high.school,no,yes,no,cellular,nov,tue,17.0,1,999,0,nonexistent,no
2053,45,blue-collar,married,basic.4y,no,yes,yes,cellular,aug,thu,163.0,3,999,0,nonexistent,no
2054,29,technician,single,university.degree,no,yes,yes,cellular,aug,wed,626.0,3,999,0,nonexistent,no
2055,44,blue-collar,married,basic.9y,unknown,no,no,cellular,may,wed,181.0,1,999,0,nonexistent,no
2056,28,self-employed,single,university.degree,no,yes,no,cellular,nov,thu,97.0,2,6,3,success,no
2057,29,admin.,single,university.degree,unknown,yes,no,cellular,aug,mon,129.0,3,999,0,nonexistent,no
2058,30,technician,single,professional.course,no,yes,yes,cellular,aug,thu,94.0,3,999,0,nonexistent,no
2059,36,technician,married,professional.course,unknown,yes,no,cellular,aug,thu,125.0,1,999,0,nonexistent,no
2060,57,blue-collar,married,basic.4y,no,no,no,telephone,jun,fri,19.0,4,999,0,nonexistent,no
2061,35,technician,married,basic.9y,no,yes,no,telephone,jun,fri,197.0,2,999,0,nonexistent,no
2062,50,blue-collar,married,high.school,unknown,yes,no,telephone,may,fri,106.0,3,999,0,nonexistent,no
2063,41,technician,married,professional.course,no,no,no,telephone,jun,mon,235.0,2,999,0,nonexistent,no
2064,58,technician,divorced,basic.9y,no,no,no,cellular,nov,thu,178.0,1,999,0,nonexistent,no
2065,31,student,single,unknown,no,no,no,cellular,may,thu,243.0,2,999,1,failure,yes
2066,27,admin.,married,high.school,unknown,no,no,cellular,jul,thu,84.0,3,999,0,nonexistent,no
2067,55,blue-collar,married,basic.4y,unknown,yes,yes,telephone,may,tue,266.0,2,999,0,nonexistent,no
2068,40,blue-collar,married,basic.9y,unknown,no,no,telephone,may,tue,59.0,1,999,0,nonexistent,no
2069,31,services,married,high.school,no,no,yes,telephone,jun,fri,35.0,1,999,0,nonexistent,no
2070,71,retired,married,unknown,no,yes,yes,cellular,dec,thu,182.0,1,999,1,failure,no
2071,32,blue-collar,divorced,university.degree,no,yes,no,telephone,nov,thu,59.0,1,999,0,nonexistent,no
2072,34,services,married,university.degree,no,yes,yes,cellular,may,wed,253.0,1,999,0,nonexistent,no
2073,57,housemaid,married,basic.4y,no,yes,no,cellular,nov,fri,105.0,1,999,0,nonexistent,no
2074,36,admin.,single,professional.course,no,no,no,cellular,apr,fri,122.0,1,999,1,failure,no
2075,53,retired,married,high.school,unknown,no,no,telephone,may,wed,264.0,2,999,0,nonexistent,no
2076,34,admin.,married,university.degree,unknown,yes,no,cellular,aug,tue,97.0,1,999,0,nonexistent,no
2077,32,blue-collar,married,basic.4y,no,no,no,telephone,sep,wed,606.0,3,3,4,success,yes
2078,36,blue-collar,single,basic.9y,no,no,yes,telephone,jun,thu,207.0,1,999,0,nonexistent,no
2079,33,management,married,university.degree,no,yes,no,cellular,nov,fri,237.0,2,999,0,nonexistent,yes
2080,43,admin.,married,high.school,no,yes,no,telephone,may,wed,140.0,2,999,0,nonexistent,no
2081,43,admin.,married,university.degree,no,yes,no,cellular,mar,fri,689.0,2,999,0,nonexistent,no
2082,50,technician,married,university.degree,no,yes,no,cellular,nov,wed,236.0,1,999,0,nonexistent,no
2083,38,technician,married,professional.course,no,no,no,cellular,aug,fri,93.0,1,999,0,nonexistent,no
2084,31,admin.,single,university.degree,no,unknown,unknown,cellular,jul,mon,116.0,3,999,0,nonexistent,no
2085,24,unemployed,married,high.school,no,yes,no,cellular,nov,mon,98.0,1,999,1,failure,yes
2086,27,housemaid,married,high.school,no,yes,no,cellular,jul,fri,189.0,2,999,0,nonexistent,no
2087,49,management,married,university.degree,unknown,yes,no,cellular,jul,mon,37.0,1,999,0,nonexistent,no
2088,41,management,married,unknown,no,no,no,telephone,may,tue,172.0,1,999,0,nonexistent,no
2089,60,retired,married,high.school,unknown,yes,no,telephone,may,tue,220.0,2,999,0,nonexistent,no
2090,32,admin.,married,university.degree,no,yes,no,cellular,may,fri,374.0,2,999,0,nonexistent,no
2091,31,admin.,single,basic.9y,no,yes,no,cellular,jul,mon,114.0,2,999,0,nonexistent,no
2092,31,admin.,divorced,university.degree,no,no,no,cellular,may,mon,239.0,3,999,1,failure,no
2093,57,blue-collar,married,basic.4y,unknown,no,no,telephone,jun,thu,69.0,2,999,0,nonexistent,no
2094,48,unknown,married,basic.4y,unknown,no,no,telephone,may,tue,375.0,1,999,0,nonexistent,no
2095,43,blue-collar,married,basic.4y,no,yes,no,cellular,may,thu,135.0,3,999,1,failure,no
2096,35,admin.,single,university.degree,no,yes,no,cellular,apr,fri,334.0,2,999,1,failure,no
2097,42,services,married,university.degree,no,yes,no,cellular,apr,mon,17.0,6,999,0,nonexistent,no
2098,38,blue-collar,single,basic.9y,unknown,yes,no,cellular,may,wed,93.0,1,999,0,nonexistent,no
2099,27,management,single,university.degree,no,no,yes,telephone,may,wed,413.0,1,999,0,nonexistent,no
2100,76,retired,divorced,basic.4y,no,yes,no,cellular,may,mon,168.0,1,999,1,failure,yes
2101,44,management,single,university.degree,no,no,no,cellular,nov,tue,152.0,1,999,0,nonexistent,no
2102,32,admin.,single,high.school,no,yes,no,cellular,nov,mon,92.0,1,999,1,failure,no
2103,37,technician,single,high.school,no,yes,yes,telephone,jun,fri,190.0,1,999,0,nonexistent,no
2104,49,self-employed,married,university.degree,unknown,yes,yes,cellular,nov,fri,198.0,1,999,0,nonexistent,no
2105,49,technician,married,high.school,no,no,no,telephone,jun,wed,156.0,3,999,0,nonexistent,no
2106,34,blue-collar,married,basic.4y,no,yes,no,cellular,jun,mon,88.0,2,999,0,nonexistent,no
2107,42,self-employed,married,unknown,no,yes,no,cellular,jul,mon,685.0,2,999,0,nonexistent,no
2108,27,blue-collar,single,basic.4y,no,yes,no,cellular,jul,thu,225.0,1,999,0,nonexistent,no
2109,54,unknown,married,unknown,unknown,no,no,telephone,may,mon,103.0,8,999,0,nonexistent,no
2110,29,technician,single,professional.course,no,yes,yes,cellular,nov,fri,215.0,1,999,0,nonexistent,no
2111,48,blue-collar,married,basic.9y,no,no,no,cellular,may,fri,44.0,9,999,0,nonexistent,no
2112,32,technician,single,university.degree,no,yes,no,cellular,jul,thu,285.0,1,999,0,nonexistent,no
2113,54,blue-collar,divorced,unknown,unknown,no,no,cellular,may,mon,152.0,2,10,1,success,no
2114,39,management,married,university.degree,no,no,no,cellular,aug,thu,1321.0,6,999,0,nonexistent,yes
2115,29,student,single,professional.course,no,yes,yes,cellular,nov,thu,123.0,1,7,1,success,yes
2116,31,entrepreneur,married,high.school,no,yes,no,telephone,jun,fri,100.0,3,999,0,nonexistent,no
2117,32,admin.,married,university.degree,no,no,no,cellular,may,mon,112.0,1,999,0,nonexistent,no
2118,50,technician,married,professional.course,unknown,yes,no,telephone,jun,thu,87.0,1,999,0,nonexistent,no
2119,48,admin.,single,high.school,no,yes,yes,telephone,jul,fri,214.0,2,999,0,nonexistent,no
2120,44,technician,single,professional.course,no,yes,no,cellular,jul,thu,90.0,1,999,0,nonexistent,no
2121,43,technician,married,university.degree,no,yes,no,telephone,may,thu,159.0,4,999,0,nonexistent,no
2122,39,blue-collar,married,basic.9y,no,yes,no,cellular,jun,tue,250.0,1,999,0,nonexistent,no
2123,41,admin.,married,university.degree,unknown,no,no,cellular,aug,tue,21.0,17,999,0,nonexistent,no
2124,32,blue-collar,married,basic.9y,no,no,no,cellular,may,fri,18.0,1,999,1,failure,no
2125,36,services,married,basic.6y,no,no,no,telephone,may,fri,296.0,3,999,0,nonexistent,no
2126,34,admin.,married,university.degree,no,yes,no,cellular,may,mon,74.0,2,999,0,nonexistent,no
2127,34,self-employed,divorced,professional.course,unknown,no,no,cellular,jul,tue,361.0,1,999,0,nonexistent,no
2128,58,retired,married,basic.4y,no,no,no,cellular,jul,tue,139.0,2,999,0,nonexistent,no
2129,57,housemaid,married,basic.4y,no,no,no,cellular,aug,wed,1044.0,1,999,0,nonexistent,yes
2130,35,blue-collar,married,professional.course,no,yes,no,cellular,nov,tue,114.0,2,999,0,nonexistent,no
2131,56,blue-collar,married,basic.4y,no,no,no,cellular,aug,wed,188.0,2,999,0,nonexistent,no
2132,27,blue-collar,married,basic.9y,unknown,yes,no,telephone,may,fri,412.0,6,999,0,nonexistent,no
2133,33,services,married,high.school,no,yes,no,cellular,may,fri,178.0,1,999,0,nonexistent,no
2134,37,admin.,divorced,university.degree,unknown,yes,no,cellular,may,wed,31.0,7,999,1,failure,no
2135,47,technician,divorced,high.school,no,yes,no,cellular,jul,thu,828.0,2,999,0,nonexistent,no
2136,34,services,divorced,basic.6y,unknown,unknown,unknown,cellular,may,wed,136.0,2,999,0,nonexistent,no
2137,32,technician,married,professional.course,no,no,no,cellular,oct,wed,311.0,1,3,1,success,yes
2138,38,admin.,divorced,university.degree,no,no,yes,telephone,jul,tue,571.0,3,999,0,nonexistent,no
2139,36,technician,married,university.degree,no,yes,no,cellular,aug,tue,85.0,4,999,0,nonexistent,no
2140,25,technician,married,university.degree,no,no,yes,cellular,may,thu,136.0,1,999,1,failure,no
2141,24,blue-collar,single,unknown,no,no,no,cellular,jul,tue,62.0,3,999,0,nonexistent,no
2142,35,admin.,married,university.degree,no,yes,yes,cellular,sep,fri,73.0,2,999,0,nonexistent,no
2143,41,self-employed,married,basic.9y,no,yes,no,cellular,may,thu,1135.0,3,999,1,failure,yes
2144,58,retired,married,high.school,no,yes,no,cellular,jul,thu,245.0,1,999,0,nonexistent,no
2145,33,technician,married,university.degree,no,yes,no,cellular,aug,wed,312.0,2,999,0,nonexistent,no
2146,56,management,married,unknown,no,no,no,telephone,may,tue,70.0,1,999,0,nonexistent,no
2147,19,student,single,unknown,no,yes,no,cellular,apr,mon,159.0,2,999,0,nonexistent,no
2148,30,services,single,high.school,no,no,no,cellular,aug,mon,366.0,2,999,0,nonexistent,no
2149,42,technician,divorced,professional.course,no,no,no,cellular,nov,mon,200.0,1,999,1,failure,no
2150,31,admin.,single,university.degree,no,yes,yes,cellular,may,fri,138.0,4,999,1,failure,no
2151,47,management,married,university.degree,no,yes,no,telephone,jun,wed,181.0,1,999,0,nonexistent,no
2152,34,entrepreneur,married,basic.6y,no,yes,no,cellular,may,thu,210.0,2,999,1,failure,no
2153,32,admin.,single,university.degree,no,yes,no,cellular,aug,tue,451.0,4,999,0,nonexistent,no
2154,35,admin.,married,university.degree,no,no,no,cellular,jul,thu,19.0,10,999,0,nonexistent,no
2155,56,technician,married,professional.course,no,no,no,telephone,oct,wed,73.0,1,999,0,nonexistent,no
2156,55,management,married,university.degree,no,yes,no,cellular,jul,thu,1341.0,7,999,0,nonexistent,yes
2157,43,blue-collar,single,unknown,unknown,no,no,telephone,may,wed,299.0,3,999,0,nonexistent,no
2158,27,technician,single,professional.course,no,no,no,telephone,may,wed,99.0,2,999,1,failure,no
2159,64,retired,married,professional.course,no,no,no,cellular,aug,tue,482.0,1,999,0,nonexistent,yes
2160,44,admin.,married,high.school,no,no,no,telephone,may,fri,465.0,1,999,0,nonexistent,no
2161,35,blue-collar,married,basic.6y,no,no,no,cellular,may,thu,126.0,2,999,0,nonexistent,no
2162,27,services,married,high.school,no,yes,no,cellular,may,wed,152.0,1,999,1,failure,no
2163,63,retired,married,professional.course,no,no,no,telephone,apr,wed,74.0,3,999,0,nonexistent,no
2164,28,entrepreneur,married,basic.4y,unknown,yes,no,telephone,may,wed,143.0,1,999,0,nonexistent,no
2165,56,retired,married,basic.6y,no,yes,yes,telephone,jun,fri,37.0,3,999,0,nonexistent,no
2166,32,blue-collar,married,basic.9y,no,yes,yes,cellular,may,fri,157.0,1,999,0,nonexistent,no
2167,47,blue-collar,married,basic.4y,unknown,yes,no,telephone,may,mon,897.0,5,999,0,nonexistent,no
2168,43,technician,single,professional.course,no,no,no,telephone,may,fri,150.0,1,999,0,nonexistent,no
2169,34,entrepreneur,married,university.degree,no,yes,no,cellular,apr,fri,104.0,3,999,0,nonexistent,yes
2170,23,admin.,single,university.degree,no,no,no,cellular,sep,thu,270.0,3,999,1,failure,yes
2171,30,student,single,high.school,no,yes,no,cellular,oct,tue,196.0,1,17,2,failure,no
2172,35,technician,single,university.degree,no,no,no,cellular,jun,mon,516.0,1,999,0,nonexistent,no
2173,27,blue-collar,single,basic.6y,unknown,yes,no,cellular,may,thu,9.0,1,999,0,nonexistent,no
2174,46,admin.,married,high.school,no,yes,no,cellular,nov,thu,790.0,1,999,0,nonexistent,no
2175,39,admin.,married,high.school,no,yes,no,cellular,apr,wed,110.0,1,999,0,nonexistent,no
2176,60,,married,high.school,unknown,no,no,telephone,jul,fri,133.0,7,999,0,nonexistent,no
2177,48,unemployed,married,basic.6y,no,yes,no,cellular,jul,thu,267.0,1,999,0,nonexistent,no
2178,55,technician,married,professional.course,no,yes,no,telephone,may,thu,166.0,3,999,0,nonexistent,no
2179,26,technician,single,professional.course,no,yes,no,cellular,jun,wed,80.0,1,999,0,nonexistent,no
2180,51,technician,married,university.degree,no,yes,no,telephone,may,tue,470.0,2,999,0,nonexistent,no
2181,60,admin.,married,university.degree,no,no,no,cellular,apr,fri,246.0,3,999,0,nonexistent,no
2182,44,blue-collar,single,high.school,no,yes,no,telephone,may,thu,182.0,2,999,0,nonexistent,no
2183,44,blue-collar,married,basic.6y,no,yes,no,telephone,jun,mon,331.0,6,999,0,nonexistent,no
2184,36,blue-collar,married,basic.9y,no,yes,no,telephone,may,thu,317.0,2,999,0,nonexistent,no
2185,47,blue-collar,married,high.school,no,yes,no,cellular,may,fri,191.0,3,999,0,nonexistent,no
2186,38,admin.,single,university.degree,no,yes,no,telephone,may,fri,198.0,1,999,0,nonexistent,no
2187,43,unemployed,divorced,basic.9y,no,no,no,cellular,jul,mon,117.0,2,999,0,nonexistent,no
2188,42,blue-collar,married,basic.6y,unknown,no,no,cellular,jul,thu,121.0,1,999,0,nonexistent,no
2189,34,self-employed,single,university.degree,no,yes,yes,cellular,may,mon,309.0,2,999,0,nonexistent,no
2190,40,admin.,single,university.degree,no,no,no,cellular,aug,thu,101.0,7,999,0,nonexistent,no
2191,49,admin.,divorced,high.school,no,no,no,cellular,jul,mon,148.0,3,999,0,nonexistent,no
2192,36,technician,married,university.degree,no,no,no,cellular,jun,mon,59.0,1,3,1,success,no
2193,45,admin.,married,university.degree,no,yes,no,cellular,jul,tue,132.0,3,999,0,nonexistent,no
2194,43,technician,married,professional.course,no,no,no,cellular,nov,fri,14.0,9,999,0,nonexistent,no
2195,44,technician,divorced,professional.course,no,yes,no,cellular,may,thu,245.0,3,999,0,nonexistent,no
2196,33,blue-collar,single,basic.9y,no,yes,no,cellular,jul,tue,531.0,1,999,0,nonexistent,yes
2197,45,services,divorced,high.school,unknown,no,no,cellular,may,wed,185.0,3,999,0,nonexistent,no
2198,45,technician,single,professional.course,no,yes,no,telephone,may,tue,37.0,2,999,0,nonexistent,no
2199,55,services,divorced,high.school,no,yes,yes,cellular,jul,thu,175.0,1,999,0,nonexistent,no
2200,34,blue-collar,married,basic.9y,unknown,yes,no,cellular,apr,mon,10.0,3,999,0,nonexistent,no
2201,30,admin.,married,university.degree,no,no,no,cellular,apr,wed,1038.0,2,999,0,nonexistent,yes
2202,34,entrepreneur,married,professional.course,no,no,no,telephone,may,tue,87.0,2,999,0,nonexistent,no
2203,76,retired,married,basic.4y,no,no,no,cellular,apr,tue,122.0,4,999,1,failure,no
2204,37,services,married,basic.6y,no,no,no,telephone,may,wed,155.0,4,999,0,nonexistent,no
2205,30,technician,married,high.school,no,yes,no,cellular,aug,tue,124.0,1,999,0,nonexistent,no
2206,40,management,married,university.degree,no,yes,no,cellular,jun,mon,295.0,3,999,0,nonexistent,yes
2207,35,management,single,unknown,no,yes,yes,cellular,jul,wed,408.0,3,999,0,nonexistent,no
2208,54,blue-collar,single,basic.4y,no,no,no,telephone,may,thu,253.0,3,999,0,nonexistent,no
2209,32,admin.,married,university.degree,no,yes,no,telephone,nov,fri,41.0,1,999,0,nonexistent,no
2210,33,services,married,basic.9y,no,yes,no,cellular,jul,tue,163.0,1,999,0,nonexistent,no
2211,45,entrepreneur,single,university.degree,no,unknown,unknown,telephone,may,wed,229.0,3,999,0,nonexistent,no
2212,30,technician,married,high.school,no,no,no,cellular,jul,thu,199.0,2,999,0,nonexistent,no
2213,29,technician,married,professional.course,no,yes,no,cellular,aug,fri,112.0,1,999,0,nonexistent,no
2214,34,blue-collar,married,basic.6y,unknown,no,yes,telephone,jul,mon,164.0,3,999,0,nonexistent,no
2215,37,blue-collar,single,professional.course,no,no,no,cellular,may,wed,84.0,2,999,2,failure,no
2216,41,entrepreneur,married,basic.4y,no,no,yes,cellular,may,wed,767.0,1,999,0,nonexistent,yes
2217,41,technician,married,professional.course,no,yes,no,cellular,aug,tue,1344.0,1,999,0,nonexistent,yes
2218,67,retired,married,basic.4y,no,yes,no,cellular,nov,thu,99.0,1,999,0,nonexistent,yes
2219,31,technician,married,university.degree,no,unknown,unknown,cellular,aug,wed,88.0,2,999,0,nonexistent,no
2220,38,technician,single,professional.course,no,no,no,cellular,apr,mon,17.0,6,999,0,nonexistent,no
2221,32,admin.,single,university.degree,no,no,no,cellular,nov,wed,1311.0,2,999,0,nonexistent,no
2222,34,blue-collar,married,basic.4y,no,yes,yes,cellular,jul,tue,528.0,2,999,0,nonexistent,no
2223,33,admin.,single,university.degree,no,no,no,cellular,aug,fri,102.0,3,999,0,nonexistent,no
2224,39,self-employed,married,university.degree,no,yes,yes,telephone,jun,mon,31.0,3,999,0,nonexistent,no
2225,57,management,married,basic.9y,no,no,no,telephone,may,wed,890.0,26,999,0,nonexistent,no
2226,26,unknown,single,high.school,unknown,yes,yes,telephone,jun,wed,524.0,15,999,0,nonexistent,yes
2227,34,technician,married,professional.course,no,yes,yes,telephone,sep,tue,376.0,2,999,0,nonexistent,yes
2228,34,admin.,single,university.degree,no,no,no,cellular,apr,tue,344.0,1,999,1,failure,yes
2229,58,retired,married,basic.4y,no,yes,no,telephone,jun,tue,159.0,4,999,0,nonexistent,no
2230,36,services,divorced,basic.9y,no,no,no,cellular,may,tue,191.0,3,999,0,nonexistent,no
2231,28,blue-collar,married,basic.6y,unknown,yes,no,telephone,may,tue,152.0,2,999,0,nonexistent,no
2232,43,unemployed,married,high.school,no,no,no,cellular,aug,thu,319.0,4,3,2,success,no
2233,39,unemployed,single,basic.9y,unknown,yes,no,telephone,may,fri,254.0,1,999,0,nonexistent,no
2234,31,services,single,high.school,no,yes,no,cellular,nov,thu,231.0,2,999,0,nonexistent,no
2235,35,services,married,high.school,no,no,no,telephone,may,thu,283.0,1,999,0,nonexistent,no
2236,40,admin.,single,high.school,no,yes,no,cellular,jul,tue,237.0,4,999,0,nonexistent,no
2237,41,blue-collar,married,basic.4y,no,yes,no,cellular,may,tue,1101.0,1,999,0,nonexistent,no
2238,30,blue-collar,single,basic.9y,no,no,no,cellular,nov,wed,204.0,1,999,0,nonexistent,no
2239,47,blue-collar,married,basic.6y,no,no,yes,telephone,may,wed,191.0,2,999,0,nonexistent,no
2240,27,student,single,university.degree,unknown,yes,no,telephone,jun,wed,235.0,2,999,0,nonexistent,no
2241,53,housemaid,married,unknown,no,yes,no,cellular,aug,mon,152.0,2,999,0,nonexistent,no
2242,26,admin.,single,basic.9y,unknown,yes,no,cellular,may,thu,661.0,1,999,0,nonexistent,yes
2243,31,self-employed,married,university.degree,no,no,yes,telephone,may,thu,66.0,6,999,0,nonexistent,no
2244,38,entrepreneur,married,university.degree,no,no,no,telephone,jun,thu,989.0,3,999,0,nonexistent,no
2245,43,entrepreneur,single,university.degree,no,no,yes,cellular,jul,fri,210.0,2,999,0,nonexistent,no
2246,58,retired,married,basic.4y,no,no,no,telephone,jun,fri,407.0,2,999,0,nonexistent,no
2247,36,admin.,single,university.degree,unknown,no,no,telephone,may,wed,117.0,4,999,0,nonexistent,no
2248,25,technician,single,university.degree,no,yes,yes,telephone,jun,mon,35.0,6,999,0,nonexistent,no
2249,38,blue-collar,single,unknown,unknown,no,no,cellular,may,fri,936.0,1,999,0,nonexistent,no
2250,59,retired,married,basic.4y,no,yes,yes,telephone,jun,mon,322.0,1,999,0,nonexistent,no
2251,28,services,single,high.school,no,no,no,cellular,apr,thu,528.0,1,999,0,nonexistent,no
2252,49,admin.,married,high.school,no,yes,no,cellular,jul,fri,59.0,2,999,0,nonexistent,no
2253,35,admin.,divorced,university.degree,no,yes,no,telephone,jun,mon,144.0,2,999,0,nonexistent,no
2254,42,admin.,married,university.degree,no,yes,no,telephone,may,thu,117.0,3,999,0,nonexistent,no
2255,55,management,married,basic.6y,unknown,yes,no,cellular,may,fri,127.0,1,999,0,nonexistent,no
2256,36,blue-collar,married,basic.9y,no,no,no,telephone,jul,tue,89.0,7,999,0,nonexistent,no
2257,29,entrepreneur,married,professional.course,no,no,no,cellular,jul,fri,462.0,2,999,0,nonexistent,no
2258,54,management,married,basic.6y,unknown,yes,yes,telephone,may,tue,381.0,1,999,0,nonexistent,no
2259,51,blue-collar,married,professional.course,no,yes,no,cellular,sep,tue,86.0,1,999,0,nonexistent,no
2260,59,retired,divorced,university.degree,unknown,no,no,cellular,jul,tue,46.0,2,999,0,nonexistent,no
2261,42,self-employed,married,university.degree,no,yes,no,cellular,aug,fri,59.0,3,999,0,nonexistent,no
2262,38,services,single,high.school,no,no,no,telephone,jul,fri,96.0,2,999,0,nonexistent,no
2263,38,entrepreneur,married,university.degree,unknown,no,no,telephone,may,tue,477.0,11,999,0,nonexistent,no
2264,31,admin.,divorced,high.school,no,no,no,telephone,may,mon,246.0,1,999,0,nonexistent,no
2265,46,services,married,basic.6y,no,yes,no,cellular,aug,thu,160.0,3,999,0,nonexistent,no
2266,36,admin.,married,university.degree,no,unknown,unknown,telephone,jun,fri,71.0,2,999,0,nonexistent,no
2267,44,services,married,high.school,no,yes,no,telephone,may,wed,78.0,5,999,0,nonexistent,no
2268,53,blue-collar,divorced,basic.9y,no,yes,no,cellular,may,fri,509.0,3,999,0,nonexistent,no
2269,25,technician,married,university.degree,no,no,no,cellular,jul,thu,68.0,1,999,0,nonexistent,no
2270,46,technician,married,basic.9y,no,yes,no,cellular,nov,tue,226.0,1,999,1,failure,no
2271,32,technician,married,professional.course,unknown,yes,no,cellular,aug,tue,796.0,4,999,0,nonexistent,yes
2272,50,admin.,married,high.school,no,no,yes,telephone,may,wed,49.0,1,999,0,nonexistent,no
2273,46,admin.,married,university.degree,no,no,no,telephone,mar,thu,184.0,1,3,1,success,no
2274,34,technician,married,professional.course,no,unknown,unknown,cellular,sep,fri,126.0,1,6,4,success,no
2275,43,technician,divorced,professional.course,unknown,no,no,cellular,apr,mon,131.0,2,999,1,failure,no
2276,59,retired,divorced,professional.course,no,no,no,telephone,jun,tue,8.0,1,999,1,failure,no
2277,36,blue-collar,married,basic.6y,no,no,no,cellular,jul,thu,201.0,1,999,0,nonexistent,no
2278,54,retired,married,basic.4y,no,no,no,cellular,oct,thu,377.0,1,999,0,nonexistent,yes
2279,45,blue-collar,married,basic.6y,no,yes,no,cellular,apr,mon,132.0,2,999,0,nonexistent,no
2280,30,blue-collar,single,high.school,no,no,no,cellular,nov,thu,232.0,2,999,1,failure,no
2281,42,blue-collar,married,basic.4y,no,yes,no,cellular,may,wed,172.0,1,999,0,nonexistent,no
2282,38,management,single,university.degree,no,no,no,telephone,may,tue,600.0,2,999,0,nonexistent,no
2283,36,unemployed,married,university.degree,no,no,no,cellular,jul,thu,616.0,2,999,0,nonexistent,no
2284,58,retired,married,basic.4y,unknown,no,no,cellular,aug,mon,139.0,1,999,0,nonexistent,no
2285,40,self-employed,married,professional.course,no,no,no,telephone,jun,fri,20.0,18,999,0,nonexistent,no
2286,27,admin.,single,high.school,no,no,no,cellular,jun,tue,421.0,2,999,0,nonexistent,yes
2287,41,self-employed,married,basic.9y,no,no,no,cellular,jul,fri,134.0,2,999,0,nonexistent,no
2288,54,retired,married,basic.4y,no,no,no,telephone,may,thu,225.0,3,999,0,nonexistent,no
2289,56,blue-collar,married,basic.4y,unknown,no,no,telephone,may,mon,100.0,2,999,0,nonexistent,no
2290,32,blue-collar,married,basic.9y,no,no,no,cellular,may,wed,302.0,2,999,0,nonexistent,no
2291,39,blue-collar,married,basic.9y,no,no,no,telephone,jun,mon,131.0,2,999,0,nonexistent,no
2292,30,blue-collar,single,basic.6y,unknown,yes,no,cellular,jul,wed,375.0,8,999,0,nonexistent,no
2293,56,management,divorced,university.degree,no,no,no,telephone,jun,mon,252.0,4,999,0,nonexistent,no
2294,35,blue-collar,single,unknown,no,yes,no,telephone,may,wed,125.0,1,999,0,nonexistent,no
2295,46,blue-collar,married,basic.9y,no,no,no,telephone,nov,wed,66.0,2,999,0,nonexistent,no
2296,38,technician,single,university.degree,no,yes,yes,cellular,jun,thu,288.0,1,999,0,nonexistent,no
2297,28,admin.,single,basic.9y,no,no,yes,cellular,may,tue,549.0,1,10,1,success,yes
2298,35,technician,married,professional.course,no,no,no,cellular,aug,wed,199.0,5,999,0,nonexistent,no
2299,23,services,married,basic.9y,no,yes,no,telephone,may,fri,250.0,1,999,0,nonexistent,no
2300,29,self-employed,married,unknown,no,no,no,cellular,jul,tue,125.0,2,999,0,nonexistent,no
2301,40,entrepreneur,married,university.degree,no,no,no,cellular,may,mon,181.0,2,999,0,nonexistent,no
2302,55,admin.,married,unknown,unknown,yes,no,cellular,aug,thu,197.0,4,999,0,nonexistent,no
2303,32,housemaid,married,high.school,no,no,no,telephone,jun,thu,372.0,1,999,0,nonexistent,no
2304,35,blue-collar,married,basic.6y,no,yes,no,cellular,nov,thu,150.0,1,999,0,nonexistent,no
2305,44,blue-collar,married,basic.9y,unknown,yes,no,cellular,jul,mon,162.0,2,999,0,nonexistent,no
2306,41,admin.,married,university.degree,unknown,yes,yes,telephone,apr,thu,40.0,1,999,0,nonexistent,no
2307,46,admin.,married,basic.6y,unknown,no,yes,cellular,may,mon,270.0,1,999,1,failure,no
2308,31,services,single,professional.course,no,yes,no,telephone,jun,fri,202.0,2,999,0,nonexistent,no
2309,33,services,single,basic.6y,unknown,yes,no,telephone,may,wed,101.0,2,999,0,nonexistent,no
2310,50,technician,divorced,professional.course,no,no,no,cellular,jul,fri,318.0,2,999,0,nonexistent,no
2311,39,admin.,divorced,high.school,no,no,yes,cellular,may,fri,301.0,1,999,1,failure,no
2312,39,housemaid,married,basic.4y,no,yes,no,cellular,jul,mon,223.0,1,999,0,nonexistent,no
2313,26,blue-collar,married,basic.9y,no,no,no,cellular,may,thu,135.0,1,999,2,failure,no
2314,58,unemployed,married,basic.4y,unknown,yes,no,cellular,mar,thu,439.0,4,999,0,nonexistent,no
2315,57,management,married,university.degree,no,yes,no,telephone,may,tue,379.0,2,999,0,nonexistent,no
2316,34,technician,single,professional.course,no,yes,no,cellular,may,wed,19.0,11,999,0,nonexistent,no
2317,38,unemployed,married,basic.9y,unknown,yes,no,telephone,jun,wed,89.0,3,999,0,nonexistent,no
2318,36,blue-collar,married,basic.4y,unknown,no,yes,telephone,may,wed,449.0,4,999,0,nonexistent,no
2319,26,self-employed,married,basic.4y,no,yes,no,cellular,may,tue,134.0,4,999,0,nonexistent,no
2320,35,technician,single,university.degree,no,yes,no,cellular,aug,tue,113.0,3,999,0,nonexistent,no
2321,44,blue-collar,single,basic.4y,no,yes,no,telephone,may,thu,106.0,1,999,0,nonexistent,no
2322,43,admin.,married,university.degree,no,no,no,cellular,jul,tue,524.0,1,999,0,nonexistent,no
2323,43,admin.,married,high.school,no,yes,no,telephone,may,fri,93.0,3,999,0,nonexistent,no
2324,55,retired,married,university.degree,no,yes,no,cellular,jul,fri,188.0,2,999,0,nonexistent,no
2325,50,blue-collar,married,basic.9y,no,no,no,telephone,may,fri,43.0,2,999,0,nonexistent,no
2326,41,admin.,married,university.degree,no,yes,no,cellular,jul,wed,181.0,1,999,1,failure,no
2327,49,admin.,married,basic.9y,no,no,no,cellular,nov,mon,265.0,1,999,0,nonexistent,no
2328,41,technician,divorced,high.school,no,yes,no,cellular,jul,mon,357.0,1,999,0,nonexistent,no
2329,30,technician,single,high.school,no,yes,no,cellular,aug,tue,276.0,2,999,0,nonexistent,no
2330,55,entrepreneur,single,unknown,unknown,no,no,telephone,jul,wed,542.0,1,999,0,nonexistent,yes
2331,48,admin.,divorced,university.degree,no,no,no,cellular,aug,thu,172.0,3,3,6,success,yes
2332,60,management,married,basic.4y,unknown,no,no,cellular,may,fri,65.0,2,999,0,nonexistent,no
2333,26,student,single,high.school,no,no,no,cellular,mar,fri,215.0,1,6,3,success,yes
2334,23,student,single,high.school,no,yes,no,cellular,jul,wed,139.0,5,999,0,nonexistent,no
2335,30,admin.,single,university.degree,unknown,yes,no,cellular,may,mon,134.0,1,999,0,nonexistent,no
2336,55,management,married,university.degree,unknown,yes,no,telephone,may,tue,,3,999,0,nonexistent,no
2337,41,technician,divorced,professional.course,no,no,no,cellular,apr,thu,774.0,2,999,1,failure,yes
2338,49,technician,married,professional.course,unknown,yes,no,cellular,aug,thu,151.0,3,999,0,nonexistent,no
2339,38,blue-collar,married,basic.6y,unknown,no,no,cellular,jul,thu,456.0,1,999,0,nonexistent,no
2340,52,technician,married,basic.9y,no,no,yes,telephone,jun,wed,249.0,1,999,0,nonexistent,no
2341,46,services,married,high.school,unknown,yes,no,cellular,aug,thu,65.0,2,999,0,nonexistent,no
2342,58,retired,married,university.degree,no,no,yes,telephone,may,tue,226.0,1,999,0,nonexistent,no
2343,55,housemaid,married,professional.course,no,yes,yes,telephone,may,fri,85.0,1,999,0,nonexistent,no
2344,51,management,divorced,university.degree,no,no,no,cellular,may,wed,345.0,2,999,0,nonexistent,no
2345,58,management,married,university.degree,no,no,no,cellular,may,mon,248.0,1,999,1,failure,no
2346,41,admin.,married,high.school,no,yes,no,cellular,aug,thu,1175.0,3,999,0,nonexistent,no
2347,38,admin.,married,university.degree,no,yes,no,telephone,jun,wed,70.0,3,999,0,nonexistent,no
2348,27,services,single,university.degree,no,yes,yes,cellular,may,mon,22.0,6,999,1,failure,no
2349,36,admin.,married,university.degree,no,yes,yes,cellular,aug,mon,246.0,3,999,0,nonexistent,no
2350,54,management,divorced,university.degree,no,no,no,telephone,may,mon,288.0,2,999,0,nonexistent,no
2351,58,retired,married,high.school,no,yes,no,telephone,may,tue,104.0,2,999,0,nonexistent,no
2352,51,blue-collar,married,basic.4y,no,yes,no,telephone,may,fri,153.0,1,999,0,nonexistent,no
2353,23,services,married,high.school,no,yes,no,cellular,may,wed,77.0,3,999,0,nonexistent,no
2354,26,admin.,single,high.school,no,yes,no,cellular,jul,fri,251.0,1,999,1,failure,yes
2355,55,entrepreneur,married,university.degree,no,yes,no,cellular,jul,mon,322.0,4,999,0,nonexistent,no
2356,52,housemaid,married,high.school,no,no,no,cellular,oct,tue,297.0,1,999,2,failure,yes
2357,69,entrepreneur,married,high.school,no,no,no,cellular,jun,wed,144.0,2,999,0,nonexistent,yes
2358,42,self-employed,single,university.degree,no,yes,no,cellular,nov,mon,73.0,1,999,0,nonexistent,no
2359,30,blue-collar,divorced,high.school,no,no,no,cellular,jul,tue,209.0,4,999,0,nonexistent,no
2360,29,admin.,married,high.school,no,yes,no,cellular,sep,thu,147.0,3,999,0,nonexistent,no
2361,32,admin.,married,university.degree,no,yes,no,telephone,may,fri,82.0,3,999,0,nonexistent,no
2362,36,technician,married,professional.course,no,no,no,telephone,may,mon,175.0,2,999,0,nonexistent,no
2363,34,admin.,married,high.school,no,no,no,cellular,jul,wed,391.0,1,999,0,nonexistent,no
2364,40,admin.,married,high.school,unknown,no,yes,telephone,may,fri,84.0,3,999,0,nonexistent,no
2365,28,blue-collar,married,high.school,no,no,yes,telephone,may,mon,21.0,2,999,0,nonexistent,no
2366,36,blue-collar,married,basic.6y,no,yes,no,cellular,may,wed,217.0,1,999,1,failure,no
2367,41,blue-collar,married,basic.9y,no,yes,no,cellular,may,tue,160.0,1,999,0,nonexistent,no
2368,28,management,single,university.degree,no,yes,no,cellular,jun,thu,169.0,1,999,0,nonexistent,yes
2369,58,technician,married,basic.4y,unknown,no,yes,cellular,jul,fri,103.0,3,999,0,nonexistent,no
2370,39,admin.,single,university.degree,no,yes,no,cellular,may,fri,150.0,2,999,0,nonexistent,no
2371,29,admin.,married,university.degree,no,yes,yes,cellular,jul,mon,425.0,3,999,0,nonexistent,no
2372,37,services,divorced,basic.6y,no,no,no,telephone,may,tue,175.0,5,999,1,failure,no
2373,42,admin.,married,university.degree,no,yes,no,cellular,aug,fri,231.0,1,999,0,nonexistent,no
2374,38,technician,single,university.degree,no,no,no,telephone,jun,mon,258.0,1,999,0,nonexistent,no
2375,38,admin.,married,university.degree,no,no,no,cellular,aug,mon,65.0,4,999,0,nonexistent,no
2376,30,admin.,single,high.school,no,yes,no,cellular,jul,wed,605.0,1,999,0,nonexistent,no
2377,56,services,divorced,high.school,unknown,yes,no,cellular,jul,mon,761.0,8,999,0,nonexistent,no
2378,28,admin.,single,university.degree,no,no,no,cellular,mar,thu,189.0,1,999,0,nonexistent,no
2379,32,technician,divorced,professional.course,no,no,no,cellular,nov,tue,288.0,1,999,0,nonexistent,no
2380,40,services,single,high.school,unknown,no,no,cellular,nov,fri,8.0,3,999,0,nonexistent,no
2381,45,technician,married,basic.9y,no,no,yes,cellular,may,fri,1077.0,1,999,0,nonexistent,yes
2382,35,unknown,married,basic.9y,no,no,no,telephone,may,thu,461.0,3,999,0,nonexistent,no
2383,40,admin.,married,university.degree,no,no,no,cellular,nov,thu,96.0,1,999,0,nonexistent,no
2384,47,blue-collar,married,basic.4y,no,yes,no,cellular,jul,tue,207.0,2,999,0,nonexistent,no
2385,39,blue-collar,divorced,basic.9y,no,unknown,unknown,telephone,jun,fri,92.0,1,999,0,nonexistent,no
2386,37,management,married,university.degree,no,no,no,telephone,jun,tue,490.0,4,999,0,nonexistent,yes
2387,37,technician,single,university.degree,no,no,no,cellular,may,tue,289.0,2,999,0,nonexistent,no
2388,45,services,married,high.school,no,no,no,telephone,may,tue,229.0,1,999,0,nonexistent,no
2389,39,technician,married,professional.course,no,no,no,telephone,may,tue,411.0,2,999,0,nonexistent,no
2390,38,blue-collar,single,basic.9y,no,yes,no,cellular,jul,tue,237.0,3,999,0,nonexistent,no
2391,34,management,single,university.degree,no,no,no,cellular,jul,thu,257.0,2,999,0,nonexistent,no
2392,48,management,married,university.degree,no,yes,no,cellular,aug,tue,313.0,1,999,0,nonexistent,no
2393,30,services,married,high.school,no,yes,no,telephone,may,tue,129.0,1,999,0,nonexistent,no
2394,36,blue-collar,married,basic.4y,no,no,no,cellular,may,tue,245.0,1,999,1,failure,no
2395,36,admin.,divorced,high.school,no,yes,no,telephone,jun,wed,54.0,4,999,0,nonexistent,no
2396,43,housemaid,married,basic.4y,no,no,yes,cellular,jul,wed,697.0,1,999,0,nonexistent,no
2397,29,technician,single,professional.course,no,unknown,unknown,cellular,sep,fri,255.0,1,3,2,success,yes
2398,37,admin.,single,university.degree,no,no,yes,cellular,aug,mon,89.0,6,999,0,nonexistent,no
2399,54,technician,single,university.degree,unknown,no,no,telephone,jun,thu,594.0,3,999,0,nonexistent,no
2400,34,admin.,married,high.school,unknown,yes,no,cellular,aug,fri,398.0,1,999,0,nonexistent,no
2401,35,technician,married,high.school,unknown,no,no,cellular,jul,wed,96.0,1,999,0,nonexistent,no
2402,48,technician,married,professional.course,no,yes,no,cellular,nov,mon,52.0,1,999,0,nonexistent,no
2403,38,technician,married,professional.course,no,no,no,cellular,aug,mon,606.0,3,999,0,nonexistent,no
2404,30,blue-collar,married,basic.6y,no,yes,no,telephone,jun,wed,98.0,1,999,0,nonexistent,no
2405,44,management,married,university.degree,no,yes,no,cellular,nov,thu,176.0,1,999,0,nonexistent,no
2406,47,admin.,married,university.degree,no,no,no,telephone,may,thu,42.0,1,999,0,nonexistent,no
2407,26,admin.,married,high.school,no,yes,no,cellular,nov,mon,432.0,5,999,0,nonexistent,yes
2408,36,management,divorced,university.degree,no,no,no,cellular,sep,tue,190.0,3,6,1,success,yes
2409,47,admin.,married,university.degree,unknown,no,no,telephone,jun,thu,252.0,2,999,0,nonexistent,no
2410,51,admin.,divorced,university.degree,unknown,yes,no,cellular,aug,thu,24.0,7,999,0,nonexistent,no
2411,81,retired,married,university.degree,unknown,yes,yes,cellular,oct,tue,327.0,2,6,1,success,no
2412,35,admin.,single,university.degree,no,no,no,cellular,nov,fri,360.0,2,999,0,nonexistent,no
2413,29,blue-collar,single,unknown,no,yes,no,cellular,may,fri,61.0,1,999,1,failure,no
2414,61,retired,married,university.degree,no,no,no,cellular,sep,mon,350.0,1,3,2,success,yes
2415,35,management,married,university.degree,no,no,no,cellular,jun,tue,136.0,2,999,0,nonexistent,yes
2416,50,self-employed,married,unknown,no,unknown,unknown,cellular,jul,mon,506.0,2,999,0,nonexistent,no
2417,39,blue-collar,married,basic.6y,unknown,yes,yes,telephone,may,tue,427.0,1,999,0,nonexistent,no
2418,57,technician,married,professional.course,unknown,no,yes,cellular,jul,thu,92.0,2,999,0,nonexistent,no
2419,56,management,married,basic.4y,unknown,unknown,unknown,telephone,may,fri,242.0,3,999,0,nonexistent,no
2420,58,unemployed,married,basic.4y,unknown,no,no,telephone,may,tue,217.0,4,999,0,nonexistent,no
2421,46,entrepreneur,married,high.school,no,no,no,cellular,jun,tue,69.0,2,999,1,failure,no
2422,39,admin.,married,university.degree,no,no,no,telephone,may,fri,208.0,2,999,0,nonexistent,no
2423,46,blue-collar,married,high.school,unknown,no,no,cellular,jul,mon,33.0,29,999,0,nonexistent,no
2424,43,management,married,university.degree,no,yes,no,cellular,aug,wed,118.0,1,999,0,nonexistent,no
2425,33,technician,married,professional.course,no,no,no,telephone,may,fri,120.0,3,999,0,nonexistent,no
2426,37,admin.,single,high.school,unknown,yes,no,telephone,may,fri,159.0,5,999,0,nonexistent,no
2427,39,blue-collar,married,unknown,unknown,no,no,cellular,apr,thu,156.0,1,9,1,success,no
2428,23,services,single,basic.9y,unknown,yes,no,cellular,may,mon,350.0,3,999,0,nonexistent,no
2429,37,admin.,married,high.school,no,no,no,telephone,may,mon,193.0,2,999,0,nonexistent,no
2430,43,blue-collar,married,basic.4y,unknown,no,no,telephone,may,fri,745.0,12,999,0,nonexistent,yes
2431,44,blue-collar,divorced,professional.course,no,yes,yes,cellular,jul,thu,81.0,1,999,0,nonexistent,no
2432,38,admin.,divorced,high.school,no,no,no,cellular,apr,tue,172.0,2,999,1,failure,no
2433,47,blue-collar,divorced,basic.4y,no,no,yes,telephone,may,fri,37.0,1,999,0,nonexistent,no
2434,48,housemaid,divorced,basic.4y,unknown,no,yes,telephone,may,fri,209.0,3,999,0,nonexistent,no
2435,34,technician,single,professional.course,no,no,no,telephone,jun,fri,392.0,2,999,0,nonexistent,no
2436,34,admin.,single,university.degree,no,yes,yes,cellular,mar,tue,295.0,1,999,0,nonexistent,yes
2437,31,unemployed,single,basic.4y,no,no,no,cellular,nov,fri,12.0,8,999,0,nonexistent,no
2438,37,blue-collar,divorced,basic.9y,unknown,yes,no,cellular,apr,thu,435.0,2,999,1,failure,no
2439,41,entrepreneur,divorced,basic.9y,no,yes,yes,cellular,jul,thu,115.0,1,999,0,nonexistent,no
2440,57,management,married,university.degree,no,no,yes,cellular,nov,tue,218.0,2,999,0,nonexistent,no
2441,30,technician,single,high.school,no,no,no,cellular,apr,fri,285.0,1,999,0,nonexistent,no
2442,56,management,married,university.degree,no,yes,no,cellular,nov,mon,76.0,2,999,0,nonexistent,no
2443,52,management,married,professional.course,no,unknown,unknown,telephone,may,fri,135.0,2,999,0,nonexistent,no
2444,32,technician,single,university.degree,unknown,yes,no,cellular,may,tue,254.0,4,999,1,failure,no
2445,33,admin.,married,university.degree,no,yes,no,cellular,nov,fri,41.0,4,999,0,nonexistent,no
2446,31,admin.,married,professional.course,no,no,yes,cellular,dec,mon,367.0,2,999,1,failure,yes
2447,28,services,single,high.school,no,no,no,cellular,may,thu,99.0,4,999,1,failure,no
2448,39,admin.,single,university.degree,no,yes,yes,telephone,aug,fri,45.0,1,999,0,nonexistent,no
2449,30,admin.,single,university.degree,no,yes,no,cellular,aug,tue,193.0,1,999,0,nonexistent,no
2450,55,retired,married,basic.6y,unknown,no,no,cellular,jul,tue,61.0,3,999,0,nonexistent,no
2451,30,technician,single,university.degree,no,no,no,cellular,nov,thu,59.0,2,999,0,nonexistent,no
2452,56,retired,married,basic.4y,unknown,no,no,cellular,jul,mon,121.0,1,999,0,nonexistent,no
2453,66,management,married,university.degree,no,no,no,cellular,may,mon,98.0,4,3,1,success,no
2454,31,admin.,single,university.degree,no,no,no,cellular,aug,thu,47.0,1,999,0,nonexistent,no
2455,34,services,married,high.school,no,yes,no,telephone,jun,mon,76.0,3,999,0,nonexistent,no
2456,52,blue-collar,married,basic.4y,unknown,yes,no,cellular,jul,fri,36.0,1,999,0,nonexistent,no
2457,45,self-employed,divorced,university.degree,no,yes,no,cellular,may,fri,116.0,1,999,0,nonexistent,no
2458,30,admin.,divorced,high.school,no,yes,no,telephone,jul,tue,58.0,2,999,0,nonexistent,no
2459,48,technician,married,professional.course,no,no,yes,cellular,jul,wed,266.0,5,999,0,nonexistent,no
2460,57,management,married,university.degree,no,no,no,telephone,jun,fri,1276.0,1,999,0,nonexistent,no
2461,30,admin.,married,university.degree,no,yes,no,cellular,aug,wed,395.0,4,999,0,nonexistent,no
2462,38,blue-collar,single,basic.9y,unknown,yes,no,telephone,may,fri,565.0,2,999,0,nonexistent,no
2463,54,blue-collar,divorced,basic.4y,unknown,no,yes,telephone,jun,wed,138.0,1,999,0,nonexistent,no
2464,41,blue-collar,married,basic.9y,unknown,yes,no,cellular,may,wed,256.0,2,999,1,failure,no
2465,33,entrepreneur,married,university.degree,no,yes,yes,cellular,nov,wed,380.0,2,999,0,nonexistent,no
2466,76,retired,married,basic.4y,no,no,no,cellular,aug,fri,61.0,1,999,1,failure,no
2467,38,admin.,married,high.school,no,no,no,cellular,jul,thu,175.0,5,999,0,nonexistent,no
2468,48,blue-collar,married,professional.course,no,no,no,telephone,jun,tue,68.0,6,999,0,nonexistent,no
2469,28,management,single,university.degree,no,yes,no,cellular,sep,wed,358.0,3,6,1,success,yes
2470,41,technician,single,university.degree,no,yes,yes,cellular,jul,thu,78.0,1,999,0,nonexistent,no
2471,31,blue-collar,married,basic.9y,no,no,no,cellular,jul,wed,715.0,1,999,0,nonexistent,no
2472,55,management,married,basic.4y,unknown,no,yes,cellular,jul,tue,142.0,7,999,0,nonexistent,no
2473,44,admin.,married,university.degree,no,yes,yes,cellular,jul,mon,239.0,4,999,0,nonexistent,no
2474,36,blue-collar,single,basic.6y,no,yes,yes,telephone,jun,mon,163.0,1,999,0,nonexistent,no
2475,41,services,single,high.school,no,yes,yes,telephone,may,wed,345.0,1,999,0,nonexistent,no
2476,52,admin.,married,university.degree,no,no,yes,cellular,nov,thu,232.0,4,999,0,nonexistent,no
2477,34,housemaid,divorced,high.school,no,no,no,telephone,may,fri,553.0,3,999,0,nonexistent,yes
2478,32,blue-collar,single,basic.9y,unknown,yes,no,cellular,jul,fri,144.0,1,999,0,nonexistent,no
2479,28,technician,married,professional.course,no,no,no,cellular,may,wed,550.0,1,999,0,nonexistent,yes
2480,27,technician,single,university.degree,no,yes,no,cellular,dec,tue,1370.0,3,6,2,success,yes
2481,44,management,single,high.school,no,no,no,cellular,may,mon,233.0,1,999,0,nonexistent,no
2482,39,services,single,high.school,no,no,no,telephone,jun,fri,48.0,10,999,0,nonexistent,no
2483,30,admin.,married,university.degree,no,no,yes,cellular,aug,tue,113.0,3,999,0,nonexistent,no
2484,58,blue-collar,married,basic.4y,unknown,yes,no,cellular,jul,mon,86.0,2,999,0,nonexistent,no
2485,51,entrepreneur,single,basic.9y,no,no,yes,cellular,may,wed,89.0,1,999,1,failure,no
2486,32,management,divorced,university.degree,no,no,no,cellular,may,tue,342.0,3,999,0,nonexistent,no
2487,51,admin.,divorced,university.degree,no,yes,no,cellular,jul,mon,151.0,2,999,0,nonexistent,no
2488,32,technician,married,university.degree,no,no,no,telephone,jul,thu,65.0,4,999,0,nonexistent,no
2489,47,admin.,divorced,university.degree,no,yes,no,cellular,aug,thu,507.0,4,999,0,nonexistent,no
2490,31,services,married,basic.9y,no,yes,no,cellular,jul,mon,334.0,3,999,0,nonexistent,no
2491,49,blue-collar,divorced,basic.9y,no,yes,no,cellular,nov,wed,82.0,1,999,0,nonexistent,no
2492,30,student,single,university.degree,unknown,yes,yes,cellular,may,wed,122.0,2,999,0,nonexistent,no
2493,42,technician,married,university.degree,no,no,yes,cellular,aug,fri,124.0,2,999,0,nonexistent,no
2494,35,blue-collar,divorced,basic.4y,unknown,no,no,telephone,may,wed,44.0,1,999,0,nonexistent,no
2495,30,admin.,single,university.degree,no,yes,no,cellular,nov,thu,171.0,1,999,1,failure,no
2496,75,housemaid,divorced,basic.4y,no,no,no,cellular,apr,fri,95.0,4,999,0,nonexistent,no
2497,27,admin.,single,university.degree,no,yes,no,telephone,may,tue,142.0,1,999,0,nonexistent,no
2498,29,technician,single,high.school,no,no,yes,cellular,nov,tue,206.0,2,999,0,nonexistent,no
2499,34,blue-collar,married,professional.course,no,yes,yes,telephone,jun,mon,190.0,1,999,0,nonexistent,no
2500,35,admin.,single,university.degree,no,yes,yes,cellular,aug,mon,201.0,1,999,0,nonexistent,no
2501,40,entrepreneur,married,university.degree,unknown,yes,no,telephone,jun,mon,169.0,1,999,0,nonexistent,no
2502,28,services,single,high.school,no,no,yes,telephone,may,mon,200.0,1,999,0,nonexistent,no
2503,36,technician,married,professional.course,no,no,yes,telephone,may,fri,335.0,1,999,0,nonexistent,no
2504,28,blue-collar,married,basic.9y,unknown,unknown,unknown,telephone,jun,thu,211.0,1,999,0,nonexistent,no
2505,43,services,married,basic.6y,unknown,yes,yes,cellular,jul,mon,228.0,1,999,0,nonexistent,no
2506,40,housemaid,married,basic.6y,no,yes,no,telephone,jul,tue,225.0,3,999,0,nonexistent,no
2507,35,technician,divorced,professional.course,no,no,yes,telephone,may,fri,102.0,3,999,0,nonexistent,no
2508,53,housemaid,married,university.degree,no,yes,no,cellular,apr,thu,494.0,1,6,1,success,yes
2509,37,technician,married,professional.course,no,yes,no,cellular,aug,wed,414.0,1,999,0,nonexistent,yes
2510,37,admin.,married,university.degree,no,no,no,cellular,aug,thu,89.0,1,999,0,nonexistent,no
2511,39,technician,married,basic.6y,no,no,no,cellular,apr,tue,88.0,3,999,0,nonexistent,no
2512,31,technician,divorced,high.school,no,no,no,cellular,aug,mon,50.0,5,999,0,nonexistent,no
2513,35,services,married,high.school,unknown,no,no,telephone,may,thu,267.0,1,999,0,nonexistent,no
2514,30,services,single,high.school,no,no,no,cellular,nov,mon,213.0,1,999,0,nonexistent,no
2515,24,services,single,high.school,no,yes,no,cellular,may,fri,34.0,7,999,0,nonexistent,no
2516,53,admin.,married,professional.course,no,yes,no,cellular,apr,mon,185.0,1,999,0,nonexistent,no
2517,19,student,single,unknown,no,yes,no,cellular,apr,mon,205.0,1,999,1,failure,yes
2518,56,housemaid,married,basic.4y,unknown,no,no,cellular,jul,tue,76.0,1,999,0,nonexistent,no
2519,54,services,single,high.school,unknown,no,no,telephone,may,fri,85.0,2,999,0,nonexistent,no
2520,37,blue-collar,married,basic.9y,no,no,no,telephone,jun,fri,124.0,4,999,0,nonexistent,no
2521,39,admin.,married,university.degree,no,no,no,telephone,may,fri,230.0,3,999,0,nonexistent,no
2522,33,services,single,high.school,no,no,no,telephone,jun,fri,15.0,3,999,0,nonexistent,no
2523,55,retired,married,professional.course,no,no,yes,telephone,jun,tue,107.0,4,999,0,nonexistent,no
2524,30,blue-collar,married,basic.9y,no,yes,no,telephone,jun,thu,52.0,1,999,0,nonexistent,no
2525,35,management,married,university.degree,no,no,no,cellular,nov,tue,56.0,1,3,2,success,no
2526,34,admin.,single,university.degree,no,yes,no,cellular,jun,mon,452.0,1,999,0,nonexistent,yes
2527,45,entrepreneur,married,high.school,no,yes,no,telephone,jun,wed,275.0,2,999,0,nonexistent,no
2528,75,retired,divorced,basic.9y,no,no,no,cellular,mar,mon,233.0,1,999,0,nonexistent,no
2529,49,technician,married,basic.4y,no,no,yes,cellular,nov,fri,295.0,2,999,0,nonexistent,no
2530,51,blue-collar,married,professional.course,unknown,yes,no,cellular,may,tue,273.0,1,999,0,nonexistent,no
2531,43,blue-collar,divorced,basic.9y,unknown,no,no,telephone,jun,thu,409.0,1,999,0,nonexistent,no
2532,42,management,married,university.degree,no,yes,yes,cellular,aug,wed,89.0,3,999,0,nonexistent,no
2533,22,services,single,professional.course,no,yes,no,cellular,sep,thu,84.0,1,999,2,failure,no
2534,55,retired,married,basic.4y,no,yes,no,cellular,apr,mon,158.0,1,999,0,nonexistent,yes
2535,28,technician,married,high.school,no,yes,no,telephone,may,thu,347.0,2,999,0,nonexistent,no
2536,31,services,married,basic.9y,no,yes,no,telephone,may,thu,297.0,2,999,0,nonexistent,no
2537,32,admin.,divorced,university.degree,no,no,no,cellular,aug,tue,225.0,2,999,0,nonexistent,no
2538,59,entrepreneur,married,university.degree,no,no,no,telephone,jun,fri,9.0,5,999,0,nonexistent,no
2539,21,student,single,unknown,no,yes,yes,cellular,may,mon,374.0,2,999,0,nonexistent,yes
2540,41,management,married,unknown,no,yes,no,cellular,may,fri,588.0,1,18,2,failure,yes
2541,59,services,married,high.school,no,yes,no,cellular,jul,thu,70.0,5,999,0,nonexistent,no
2542,50,technician,married,university.degree,no,no,no,cellular,jul,fri,95.0,1,999,0,nonexistent,no
2543,31,admin.,single,high.school,no,no,yes,telephone,jul,tue,258.0,6,999,0,nonexistent,no
2544,24,admin.,single,university.degree,unknown,no,no,cellular,may,mon,220.0,1,999,1,failure,no
2545,49,blue-collar,married,basic.4y,unknown,no,no,telephone,jun,fri,190.0,4,999,0,nonexistent,no
2546,29,admin.,single,university.degree,no,yes,no,cellular,jun,wed,170.0,1,999,0,nonexistent,yes
2547,49,blue-collar,married,unknown,no,no,no,telephone,may,tue,286.0,1,999,0,nonexistent,no
2548,47,management,married,basic.9y,no,yes,no,cellular,jun,tue,181.0,3,999,1,failure,yes
2549,35,management,married,university.degree,no,no,no,cellular,jul,fri,102.0,2,999,0,nonexistent,no
2550,65,housemaid,married,basic.4y,no,yes,no,cellular,oct,tue,253.0,2,999,1,failure,no
2551,46,entrepreneur,married,basic.4y,unknown,yes,no,cellular,apr,mon,630.0,3,999,0,nonexistent,no
2552,43,management,married,university.degree,no,no,no,telephone,aug,mon,123.0,1,999,0,nonexistent,no
2553,34,admin.,married,high.school,no,no,no,cellular,jul,fri,59.0,7,999,0,nonexistent,no
2554,59,admin.,divorced,university.degree,unknown,yes,no,cellular,aug,mon,272.0,2,999,0,nonexistent,no
2555,36,admin.,single,university.degree,no,yes,no,cellular,aug,mon,770.0,7,999,0,nonexistent,no
2556,39,housemaid,married,basic.4y,no,no,no,cellular,aug,fri,155.0,2,999,0,nonexistent,no
2557,53,admin.,married,university.degree,unknown,yes,no,cellular,aug,mon,358.0,3,999,0,nonexistent,no
2558,38,admin.,single,university.degree,no,yes,no,cellular,jul,mon,82.0,2,999,0,nonexistent,no
2559,38,blue-collar,divorced,basic.9y,no,no,yes,cellular,jul,fri,83.0,2,999,0,nonexistent,no
2560,34,technician,single,university.degree,no,yes,no,cellular,aug,wed,174.0,1,999,0,nonexistent,no
2561,36,blue-collar,single,professional.course,unknown,no,no,cellular,apr,mon,36.0,2,999,1,failure,no
2562,30,entrepreneur,single,university.degree,no,yes,no,cellular,nov,thu,531.0,1,999,1,failure,yes
2563,31,admin.,married,university.degree,no,yes,yes,cellular,aug,wed,274.0,2,999,0,nonexistent,no
2564,52,blue-collar,married,unknown,unknown,no,no,telephone,jun,mon,215.0,3,999,0,nonexistent,no
2565,33,blue-collar,divorced,basic.6y,unknown,yes,no,telephone,may,thu,365.0,1,999,0,nonexistent,no
2566,68,retired,married,university.degree,no,yes,yes,cellular,may,wed,145.0,2,999,0,nonexistent,no
2567,34,admin.,married,high.school,no,yes,yes,cellular,jul,wed,411.0,1,999,0,nonexistent,no
2568,59,housemaid,married,basic.4y,unknown,no,no,cellular,aug,wed,148.0,1,999,0,nonexistent,no
2569,25,admin.,single,high.school,no,no,no,cellular,may,fri,682.0,3,999,1,failure,yes
2570,25,admin.,married,university.degree,no,yes,no,telephone,may,thu,251.0,4,999,0,nonexistent,no
2571,52,admin.,single,university.degree,no,yes,no,cellular,jun,mon,327.0,1,999,0,nonexistent,yes
2572,51,blue-collar,married,basic.4y,no,no,no,cellular,aug,fri,146.0,2,999,0,nonexistent,no
2573,42,entrepreneur,divorced,professional.course,no,yes,no,cellular,may,tue,355.0,2,999,0,nonexistent,no
2574,56,technician,divorced,professional.course,no,yes,no,cellular,aug,fri,151.0,2,999,0,nonexistent,no
2575,57,technician,married,professional.course,unknown,no,yes,telephone,may,tue,289.0,1,999,0,nonexistent,no
2576,32,technician,single,professional.course,no,no,no,cellular,jul,thu,167.0,1,999,0,nonexistent,no
2577,42,blue-collar,married,basic.6y,unknown,yes,no,telephone,jun,wed,117.0,2,999,0,nonexistent,no
2578,33,technician,single,university.degree,no,no,no,cellular,aug,thu,68.0,9,999,0,nonexistent,no
2579,30,technician,married,professional.course,no,yes,yes,telephone,may,wed,195.0,3,999,0,nonexistent,no
2580,45,housemaid,single,basic.9y,no,yes,no,telephone,jun,mon,113.0,1,999,0,nonexistent,no
2581,41,entrepreneur,married,professional.course,no,yes,no,cellular,jul,thu,156.0,1,999,0,nonexistent,no
2582,42,blue-collar,divorced,basic.9y,no,no,yes,cellular,may,wed,300.0,5,999,1,failure,no
2583,31,admin.,married,high.school,unknown,no,no,telephone,may,tue,345.0,1,999,0,nonexistent,no
2584,39,technician,married,professional.course,no,yes,no,cellular,apr,thu,423.0,2,999,0,nonexistent,yes
2585,52,admin.,married,university.degree,no,no,no,cellular,mar,tue,231.0,1,6,2,success,yes
2586,36,services,single,high.school,no,no,no,cellular,may,mon,288.0,1,999,0,nonexistent,no
2587,26,services,single,high.school,no,no,no,telephone,may,fri,177.0,4,999,0,nonexistent,no
2588,36,technician,single,high.school,no,yes,no,cellular,aug,fri,81.0,1,999,0,nonexistent,no
2589,51,admin.,married,high.school,no,yes,no,cellular,may,fri,514.0,1,999,0,nonexistent,no
2590,32,admin.,married,university.degree,no,no,no,cellular,jul,thu,46.0,4,999,0,nonexistent,no
2591,46,admin.,married,university.degree,unknown,no,no,cellular,jul,fri,178.0,3,999,0,nonexistent,no
2592,54,retired,married,professional.course,no,yes,no,cellular,jul,fri,72.0,1,999,0,nonexistent,no
2593,48,blue-collar,married,high.school,unknown,yes,yes,telephone,may,tue,299.0,1,999,0,nonexistent,no
2594,45,unemployed,married,university.degree,no,yes,no,cellular,jul,mon,122.0,2,999,0,nonexistent,no
2595,32,admin.,single,university.degree,unknown,no,no,telephone,jun,mon,179.0,25,999,0,nonexistent,no
2596,46,admin.,divorced,university.degree,no,no,no,cellular,nov,thu,60.0,1,999,0,nonexistent,no
2597,29,technician,single,basic.9y,no,no,yes,cellular,nov,wed,224.0,1,999,0,nonexistent,no
2598,29,technician,single,basic.9y,no,yes,no,cellular,may,mon,288.0,2,999,0,nonexistent,no
2599,48,admin.,single,university.degree,no,yes,no,cellular,nov,mon,434.0,2,999,0,nonexistent,yes
2600,38,admin.,married,university.degree,no,yes,no,telephone,jun,tue,43.0,9,999,0,nonexistent,no
2601,35,admin.,divorced,university.degree,unknown,no,no,telephone,jul,thu,203.0,1,999,0,nonexistent,no
2602,35,admin.,single,university.degree,no,no,no,telephone,jun,mon,320.0,2,999,0,nonexistent,no
2603,28,admin.,married,high.school,no,no,no,cellular,jul,wed,419.0,5,999,0,nonexistent,no
2604,30,blue-collar,single,basic.9y,unknown,yes,no,cellular,may,mon,242.0,3,999,0,nonexistent,no
2605,26,admin.,single,high.school,no,no,no,telephone,jun,mon,278.0,1,999,0,nonexistent,no
2606,34,admin.,single,university.degree,no,no,no,cellular,jul,tue,61.0,4,999,0,nonexistent,no
2607,42,blue-collar,divorced,basic.9y,no,no,no,telephone,jul,mon,259.0,8,999,0,nonexistent,no
2608,36,technician,single,professional.course,no,yes,no,telephone,nov,tue,34.0,1,999,0,nonexistent,no
2609,30,blue-collar,married,basic.9y,no,no,yes,telephone,jul,wed,27.0,16,999,0,nonexistent,no
2610,54,housemaid,married,high.school,no,no,no,cellular,apr,thu,381.0,1,999,0,nonexistent,yes
2611,33,admin.,single,university.degree,no,yes,no,cellular,jul,mon,366.0,3,999,0,nonexistent,no
2612,40,services,married,basic.6y,unknown,yes,no,telephone,jun,mon,52.0,1,999,0,nonexistent,no
2613,31,admin.,single,university.degree,no,no,no,cellular,aug,tue,265.0,1,4,3,success,yes
2614,54,retired,married,basic.4y,no,yes,no,cellular,apr,fri,420.0,1,999,0,nonexistent,no
2615,26,admin.,single,university.degree,no,unknown,unknown,cellular,aug,mon,115.0,1,999,0,nonexistent,no
2616,26,blue-collar,married,basic.9y,no,no,no,telephone,jun,mon,72.0,3,999,0,nonexistent,no
2617,30,blue-collar,single,basic.9y,no,yes,no,telephone,may,tue,428.0,1,999,0,nonexistent,no
2618,44,blue-collar,divorced,basic.4y,unknown,yes,no,telephone,may,fri,225.0,4,999,0,nonexistent,no
2619,41,services,single,unknown,no,yes,no,cellular,may,thu,206.0,3,999,0,nonexistent,no
2620,59,blue-collar,married,basic.4y,unknown,no,no,cellular,jul,fri,202.0,2,999,0,nonexistent,no
2621,37,blue-collar,single,basic.9y,unknown,no,no,cellular,jul,fri,1081.0,2,999,0,nonexistent,no
2622,31,blue-collar,married,basic.9y,no,yes,no,cellular,nov,tue,60.0,2,999,0,nonexistent,no
2623,29,entrepreneur,single,university.degree,no,yes,no,cellular,apr,fri,738.0,2,999,0,nonexistent,no
2624,37,technician,married,professional.course,no,yes,no,cellular,aug,fri,92.0,7,999,0,nonexistent,no
2625,41,blue-collar,married,basic.4y,unknown,yes,yes,cellular,apr,thu,288.0,1,999,2,failure,no
2626,41,blue-collar,married,basic.4y,unknown,no,no,telephone,may,tue,202.0,6,999,0,nonexistent,no
2627,31,entrepreneur,married,basic.9y,no,no,no,cellular,nov,wed,558.0,3,999,0,nonexistent,no
2628,30,admin.,married,high.school,no,yes,no,telephone,jun,tue,615.0,1,999,0,nonexistent,no
2629,41,admin.,single,university.degree,no,no,no,cellular,jul,fri,1180.0,2,999,0,nonexistent,no
2630,54,services,married,basic.9y,unknown,yes,no,cellular,jul,thu,58.0,2,999,0,nonexistent,no
2631,44,services,married,high.school,no,no,no,telephone,jun,thu,227.0,2,999,0,nonexistent,no
2632,34,admin.,married,university.degree,no,yes,no,telephone,jun,tue,150.0,3,999,0,nonexistent,no
2633,49,self-employed,divorced,unknown,unknown,no,no,cellular,apr,fri,660.0,1,999,0,nonexistent,no
2634,32,services,single,high.school,no,no,no,telephone,jun,fri,13.0,4,999,0,nonexistent,no
2635,54,admin.,married,professional.course,no,yes,no,cellular,aug,wed,103.0,4,999,0,nonexistent,no
2636,37,admin.,divorced,university.degree,no,no,yes,cellular,nov,fri,132.0,1,999,0,nonexistent,yes
2637,65,retired,married,basic.4y,no,yes,yes,cellular,oct,mon,165.0,1,3,1,success,yes
2638,43,blue-collar,divorced,basic.9y,unknown,yes,yes,cellular,may,fri,25.0,5,999,1,failure,no
2639,28,blue-collar,married,basic.4y,unknown,yes,no,cellular,jul,thu,6.0,8,999,0,nonexistent,no
2640,32,management,married,university.degree,no,yes,yes,cellular,nov,fri,1067.0,2,999,0,nonexistent,no
2641,50,blue-collar,married,basic.6y,no,yes,no,telephone,may,mon,483.0,4,3,2,success,yes
2642,38,admin.,married,high.school,no,no,no,telephone,jun,tue,147.0,2,999,0,nonexistent,no
2643,28,student,single,high.school,no,yes,yes,cellular,jul,mon,154.0,1,999,2,failure,no
2644,59,retired,married,basic.4y,unknown,yes,no,cellular,aug,mon,163.0,1,999,0,nonexistent,no
2645,38,blue-collar,single,unknown,no,yes,no,telephone,oct,tue,39.0,1,999,1,failure,no
2646,27,student,single,high.school,no,no,no,cellular,jul,thu,64.0,3,999,0,nonexistent,no
2647,36,services,married,high.school,unknown,no,no,cellular,may,fri,114.0,1,999,0,nonexistent,no
2648,53,blue-collar,married,basic.9y,no,yes,no,cellular,aug,mon,195.0,2,999,0,nonexistent,no
2649,42,blue-collar,single,basic.9y,unknown,yes,no,cellular,may,thu,16.0,5,999,0,nonexistent,no
2650,49,admin.,married,university.degree,no,yes,no,cellular,aug,tue,62.0,2,999,0,nonexistent,no
2651,34,self-employed,married,basic.9y,no,yes,no,telephone,nov,tue,37.0,1,999,0,nonexistent,no
2652,51,admin.,married,basic.9y,no,no,yes,cellular,nov,tue,515.0,3,999,0,nonexistent,no
2653,29,admin.,single,unknown,no,yes,no,cellular,mar,mon,132.0,1,999,0,nonexistent,yes
2654,46,admin.,divorced,high.school,no,no,no,cellular,nov,tue,91.0,1,999,0,nonexistent,no
2655,45,admin.,married,university.degree,no,yes,yes,cellular,may,tue,826.0,1,999,0,nonexistent,yes
2656,43,blue-collar,married,basic.4y,unknown,no,no,telephone,may,wed,143.0,2,999,0,nonexistent,no
2657,48,management,single,university.degree,no,yes,no,cellular,nov,thu,90.0,2,999,0,nonexistent,no
2658,28,student,single,university.degree,unknown,yes,no,cellular,may,thu,191.0,2,999,0,nonexistent,no
2659,30,admin.,single,university.degree,no,no,no,cellular,aug,tue,312.0,3,999,0,nonexistent,no
2660,53,housemaid,married,basic.4y,no,no,no,telephone,jul,fri,53.0,2,999,0,nonexistent,no
2661,38,services,married,high.school,no,yes,no,cellular,may,fri,324.0,1,999,1,failure,yes
2662,33,admin.,single,high.school,no,no,no,telephone,jun,wed,187.0,2,999,0,nonexistent,no
2663,34,technician,single,university.degree,no,yes,no,cellular,aug,thu,244.0,1,999,0,nonexistent,no
2664,37,blue-collar,married,basic.4y,no,yes,no,telephone,may,mon,59.0,4,999,0,nonexistent,no
2665,33,management,married,university.degree,no,yes,no,cellular,jun,fri,139.0,5,999,0,nonexistent,no
2666,42,entrepreneur,married,university.degree,no,yes,no,cellular,nov,fri,58.0,1,999,1,failure,no
2667,49,admin.,married,high.school,no,no,yes,cellular,jul,fri,204.0,1,999,0,nonexistent,no
2668,27,services,single,high.school,unknown,no,no,cellular,may,fri,54.0,5,999,0,nonexistent,no
2669,28,technician,single,professional.course,unknown,no,no,telephone,jun,thu,492.0,2,999,0,nonexistent,no
2670,48,admin.,single,university.degree,no,yes,no,cellular,apr,fri,237.0,1,999,0,nonexistent,no
2671,65,retired,married,university.degree,no,no,no,cellular,apr,wed,124.0,2,999,0,nonexistent,yes
2672,38,blue-collar,married,basic.4y,no,no,no,cellular,apr,tue,239.0,1,999,0,nonexistent,no
2673,54,technician,divorced,university.degree,no,no,no,cellular,aug,tue,155.0,3,999,0,nonexistent,no
2674,25,unemployed,married,high.school,no,yes,no,cellular,mar,wed,436.0,2,6,1,success,yes
2675,44,blue-collar,married,basic.6y,no,yes,no,cellular,may,wed,278.0,1,999,0,nonexistent,no
2676,28,admin.,single,basic.9y,no,yes,yes,telephone,may,thu,376.0,2,999,0,nonexistent,no
2677,53,entrepreneur,married,unknown,no,no,no,cellular,nov,wed,304.0,2,999,0,nonexistent,no
2678,26,student,single,high.school,no,no,no,cellular,oct,fri,373.0,3,999,0,nonexistent,yes
2679,38,management,married,university.degree,unknown,no,no,telephone,may,thu,277.0,3,999,0,nonexistent,no
2680,46,blue-collar,married,basic.9y,no,yes,no,cellular,aug,mon,378.0,3,999,0,nonexistent,no
2681,32,unemployed,married,university.degree,no,yes,no,cellular,aug,thu,85.0,8,999,0,nonexistent,no
2682,42,admin.,single,high.school,no,yes,no,cellular,may,fri,92.0,1,999,1,failure,no
2683,33,services,single,high.school,no,yes,no,cellular,aug,mon,486.0,1,999,2,failure,no
2684,30,admin.,single,high.school,no,no,no,telephone,may,wed,860.0,2,999,0,nonexistent,yes
2685,59,retired,married,basic.4y,no,no,no,telephone,jul,thu,37.0,27,999,0,nonexistent,no
2686,43,services,married,high.school,no,no,no,cellular,apr,mon,390.0,1,999,0,nonexistent,no
2687,55,blue-collar,divorced,basic.9y,no,no,no,cellular,may,tue,133.0,3,999,1,failure,no
2688,58,housemaid,married,basic.4y,no,no,no,cellular,aug,wed,84.0,3,999,0,nonexistent,no
2689,29,self-employed,married,university.degree,no,no,no,telephone,may,thu,118.0,3,999,0,nonexistent,no
2690,27,student,married,university.degree,no,no,no,cellular,jun,tue,59.0,1,999,1,failure,no
2691,49,admin.,divorced,basic.9y,no,yes,no,telephone,may,wed,164.0,2,999,0,nonexistent,no
2692,35,technician,single,university.degree,no,yes,no,cellular,aug,mon,217.0,1,999,0,nonexistent,no
2693,26,blue-collar,single,basic.6y,no,no,no,telephone,jun,wed,83.0,2,999,0,nonexistent,no
2694,58,blue-collar,single,basic.9y,no,yes,no,cellular,may,wed,127.0,2,999,0,nonexistent,no
2695,34,blue-collar,married,basic.6y,no,no,no,telephone,may,mon,144.0,2,999,0,nonexistent,no
2696,24,admin.,single,university.degree,no,yes,no,cellular,may,wed,140.0,2,999,0,nonexistent,no
2697,35,admin.,married,university.degree,no,yes,no,telephone,sep,wed,7.0,1,999,0,nonexistent,no
2698,28,admin.,single,university.degree,no,yes,no,telephone,may,mon,87.0,2,999,0,nonexistent,no
2699,38,admin.,married,basic.6y,no,yes,no,telephone,jul,thu,39.0,3,999,0,nonexistent,no
2700,42,blue-collar,married,basic.9y,unknown,yes,no,cellular,jul,thu,62.0,2,999,0,nonexistent,no
2701,57,services,married,high.school,no,yes,no,cellular,may,mon,126.0,2,999,0,nonexistent,no
2702,53,admin.,single,high.school,no,no,no,telephone,jun,thu,223.0,1,999,0,nonexistent,no
2703,43,blue-collar,married,basic.4y,unknown,no,no,cellular,may,wed,249.0,2,999,1,failure,no
2704,34,technician,single,university.degree,no,no,no,cellular,may,fri,162.0,2,999,1,failure,no
2705,61,retired,married,basic.9y,no,no,yes,cellular,mar,tue,125.0,2,999,0,nonexistent,no
2706,47,services,divorced,professional.course,no,no,no,cellular,jul,tue,318.0,1,999,0,nonexistent,no
2707,43,technician,married,high.school,no,yes,no,cellular,aug,tue,88.0,1,999,0,nonexistent,no
2708,48,technician,divorced,university.degree,no,yes,yes,cellular,aug,wed,86.0,7,999,0,nonexistent,no
2709,32,admin.,married,high.school,no,no,no,cellular,jul,tue,193.0,14,999,0,nonexistent,no
2710,34,services,married,high.school,no,no,no,telephone,may,mon,962.0,1,999,0,nonexistent,no
2711,31,blue-collar,divorced,high.school,no,no,yes,telephone,jun,mon,27.0,3,999,0,nonexistent,no
2712,46,technician,married,professional.course,no,yes,no,cellular,aug,wed,114.0,3,999,0,nonexistent,no
2713,32,blue-collar,married,basic.9y,no,yes,yes,telephone,jun,tue,118.0,3,999,0,nonexistent,no
2714,34,services,married,high.school,no,yes,no,cellular,nov,thu,640.0,1,999,0,nonexistent,no
2715,53,technician,divorced,high.school,no,no,no,cellular,nov,thu,531.0,1,999,0,nonexistent,yes
2716,32,technician,single,university.degree,no,no,no,cellular,nov,thu,454.0,1,999,0,nonexistent,yes
2717,46,blue-collar,married,basic.9y,unknown,yes,no,cellular,may,thu,386.0,3,999,0,nonexistent,no
2718,33,self-employed,divorced,unknown,no,no,no,telephone,may,wed,1161.0,4,999,0,nonexistent,no
2719,29,services,married,high.school,no,yes,no,telephone,may,wed,121.0,1,999,0,nonexistent,no
2720,53,admin.,married,high.school,no,yes,no,cellular,may,fri,45.0,1,999,0,nonexistent,no
2721,54,blue-collar,divorced,basic.4y,unknown,no,no,cellular,jul,thu,279.0,1,999,0,nonexistent,no
2722,32,blue-collar,married,basic.9y,unknown,no,no,cellular,may,mon,1880.0,2,999,0,nonexistent,no
2723,50,admin.,married,university.degree,unknown,yes,no,telephone,jul,wed,173.0,2,999,0,nonexistent,no
2724,47,management,divorced,basic.6y,unknown,yes,yes,telephone,may,fri,353.0,1,999,0,nonexistent,no
2725,51,blue-collar,single,basic.4y,unknown,no,no,cellular,jul,wed,104.0,1,999,0,nonexistent,no
2726,31,housemaid,married,high.school,no,yes,no,cellular,jul,mon,126.0,6,999,0,nonexistent,no
2727,58,retired,married,professional.course,unknown,no,no,cellular,nov,fri,158.0,3,999,1,failure,no
2728,35,admin.,single,university.degree,no,no,yes,telephone,jul,wed,98.0,1,999,0,nonexistent,no
2729,30,admin.,single,university.degree,no,no,no,telephone,may,tue,266.0,1,999,0,nonexistent,no
2730,26,services,single,high.school,no,yes,no,telephone,may,tue,188.0,1,999,0,nonexistent,no
2731,30,technician,married,professional.course,no,yes,no,cellular,aug,tue,111.0,1,999,0,nonexistent,no
2732,30,technician,single,professional.course,no,no,yes,cellular,aug,wed,443.0,3,999,0,nonexistent,no
2733,42,blue-collar,married,basic.9y,unknown,yes,no,telephone,may,thu,191.0,1,999,0,nonexistent,no
2734,32,technician,single,university.degree,no,yes,no,cellular,apr,thu,293.0,2,999,1,failure,no
2735,45,admin.,married,high.school,unknown,yes,no,cellular,aug,tue,128.0,1,999,0,nonexistent,no
2736,40,blue-collar,single,basic.4y,no,no,no,cellular,jul,tue,59.0,2,999,0,nonexistent,no
2737,51,blue-collar,married,basic.4y,no,yes,no,cellular,jul,tue,279.0,3,999,0,nonexistent,no
2738,35,blue-collar,married,basic.6y,unknown,yes,no,telephone,may,thu,224.0,2,999,0,nonexistent,no
2739,35,blue-collar,single,basic.9y,no,yes,no,cellular,may,mon,265.0,2,3,1,success,yes
2740,49,management,married,university.degree,no,no,no,telephone,may,wed,166.0,3,999,0,nonexistent,no
2741,43,management,single,university.degree,no,yes,no,telephone,may,thu,140.0,2,999,0,nonexistent,no
2742,38,blue-collar,married,basic.6y,no,no,yes,cellular,may,tue,306.0,2,999,0,nonexistent,no
2743,53,entrepreneur,married,unknown,no,yes,no,cellular,nov,wed,21.0,10,999,0,nonexistent,no
2744,43,admin.,divorced,university.degree,no,yes,yes,cellular,aug,wed,95.0,2,999,0,nonexistent,no
2745,39,admin.,married,university.degree,no,yes,yes,telephone,jun,tue,178.0,1,999,0,nonexistent,no
2746,35,management,married,university.degree,no,no,no,telephone,may,mon,349.0,2,999,0,nonexistent,no
2747,25,admin.,single,high.school,no,no,no,cellular,jul,mon,270.0,2,999,0,nonexistent,no
2748,60,retired,married,high.school,no,unknown,unknown,cellular,aug,wed,590.0,2,999,0,nonexistent,no
2749,29,services,single,professional.course,no,yes,no,cellular,nov,thu,766.0,3,999,0,nonexistent,no
2750,49,self-employed,married,basic.9y,no,yes,no,telephone,may,thu,74.0,2,999,0,nonexistent,no
2751,43,services,single,high.school,no,no,no,cellular,jul,mon,385.0,1,999,0,nonexistent,no
2752,47,technician,single,professional.course,unknown,no,no,telephone,may,tue,148.0,5,999,0,nonexistent,no
2753,51,blue-collar,married,basic.6y,unknown,unknown,unknown,telephone,may,mon,167.0,1,999,0,nonexistent,no
2754,58,technician,married,high.school,unknown,no,no,telephone,jun,thu,525.0,1,999,0,nonexistent,no
2755,37,blue-collar,married,basic.4y,no,no,yes,telephone,jun,thu,640.0,3,999,0,nonexistent,no
2756,41,technician,married,professional.course,unknown,yes,no,telephone,may,tue,190.0,1,999,0,nonexistent,no
2757,34,admin.,single,university.degree,no,yes,no,cellular,aug,mon,382.0,3,999,0,nonexistent,no
2758,29,blue-collar,married,basic.9y,no,yes,yes,cellular,nov,wed,133.0,1,999,1,failure,no
2759,43,blue-collar,married,professional.course,no,no,yes,telephone,may,fri,95.0,12,999,0,nonexistent,no
2760,71,retired,married,professional.course,no,yes,no,cellular,apr,thu,236.0,2,999,0,nonexistent,no
2761,57,services,married,professional.course,unknown,no,no,cellular,aug,mon,153.0,2,999,0,nonexistent,no
2762,45,management,married,university.degree,no,yes,no,cellular,aug,fri,334.0,4,999,0,nonexistent,no
2763,35,technician,married,professional.course,no,no,no,cellular,aug,tue,98.0,1,999,0,nonexistent,no
2764,42,services,married,high.school,no,yes,no,cellular,apr,thu,344.0,1,999,0,nonexistent,yes
2765,32,blue-collar,married,basic.6y,no,yes,no,telephone,may,wed,245.0,2,999,0,nonexistent,no
2766,30,admin.,married,high.school,no,no,no,telephone,may,fri,199.0,2,999,0,nonexistent,no
2767,26,blue-collar,single,basic.9y,unknown,no,yes,telephone,jun,fri,175.0,14,999,0,nonexistent,no
2768,38,admin.,divorced,high.school,no,no,no,cellular,jun,wed,65.0,1,999,1,failure,no
2769,55,admin.,married,high.school,unknown,yes,no,cellular,may,fri,41.0,3,999,0,nonexistent,no
2770,38,blue-collar,married,basic.4y,unknown,no,no,telephone,jun,wed,146.0,3,999,0,nonexistent,no
2771,45,entrepreneur,married,university.degree,no,yes,no,telephone,may,tue,1721.0,2,999,0,nonexistent,yes
2772,43,blue-collar,married,basic.9y,no,yes,no,cellular,may,fri,66.0,1,999,1,failure,no
2773,30,admin.,single,high.school,no,yes,no,telephone,jul,tue,249.0,21,999,0,nonexistent,no
2774,46,blue-collar,married,unknown,unknown,no,no,telephone,may,tue,131.0,1,999,0,nonexistent,no
2775,40,admin.,single,professional.course,unknown,no,yes,telephone,jun,fri,36.0,4,999,0,nonexistent,no
2776,45,entrepreneur,married,unknown,no,no,no,telephone,jun,wed,46.0,16,999,0,nonexistent,no
2777,35,technician,married,professional.course,no,no,no,cellular,may,wed,339.0,1,999,1,failure,no
2778,38,blue-collar,married,high.school,no,no,no,telephone,jun,thu,140.0,2,999,0,nonexistent,no
2779,38,blue-collar,married,unknown,no,yes,no,cellular,nov,mon,376.0,1,999,0,nonexistent,no
2780,38,admin.,married,university.degree,no,yes,no,cellular,aug,fri,345.0,1,999,0,nonexistent,no
2781,39,technician,married,professional.course,no,yes,no,telephone,jun,fri,118.0,2,999,0,nonexistent,no
2782,25,admin.,single,high.school,no,yes,no,telephone,jul,thu,532.0,2,999,0,nonexistent,no
2783,31,technician,single,professional.course,no,no,no,telephone,jul,tue,174.0,3,999,0,nonexistent,no
2784,31,blue-collar,married,basic.9y,no,yes,no,telephone,jun,tue,23.0,1,999,0,nonexistent,no
2785,28,blue-collar,single,basic.4y,no,yes,no,cellular,may,thu,182.0,1,999,0,nonexistent,no
2786,42,services,married,high.school,no,no,no,cellular,may,wed,990.0,1,999,0,nonexistent,no
2787,22,student,single,unknown,no,yes,no,cellular,jun,mon,139.0,1,999,0,nonexistent,no
2788,40,admin.,divorced,professional.course,no,yes,no,telephone,may,thu,339.0,2,999,0,nonexistent,no
2789,25,admin.,single,university.degree,no,no,yes,cellular,nov,mon,295.0,1,7,2,success,yes
2790,30,blue-collar,married,basic.9y,no,no,no,cellular,may,tue,52.0,3,999,0,nonexistent,no
2791,40,housemaid,married,basic.6y,unknown,unknown,unknown,cellular,apr,fri,2926.0,2,999,0,nonexistent,yes
2792,38,entrepreneur,married,basic.4y,no,yes,no,cellular,nov,tue,76.0,3,999,0,nonexistent,no
2793,54,management,married,high.school,unknown,no,no,cellular,may,mon,229.0,5,999,1,failure,no
2794,30,services,divorced,basic.9y,no,no,no,telephone,jun,wed,89.0,1,999,0,nonexistent,no
2795,40,blue-collar,divorced,basic.6y,no,no,no,telephone,may,mon,162.0,4,999,0,nonexistent,no
2796,49,admin.,married,high.school,unknown,no,no,telephone,may,wed,139.0,1,999,0,nonexistent,no
2797,23,admin.,single,high.school,no,no,no,cellular,jul,tue,220.0,1,999,0,nonexistent,no
2798,46,self-employed,married,university.degree,no,yes,no,cellular,aug,wed,165.0,3,999,0,nonexistent,no
2799,27,admin.,single,university.degree,no,yes,no,cellular,apr,fri,401.0,1,999,1,failure,no
2800,41,unemployed,married,basic.9y,unknown,yes,yes,telephone,may,mon,895.0,4,999,0,nonexistent,yes
2801,28,blue-collar,single,basic.9y,no,no,no,telephone,may,fri,489.0,2,999,0,nonexistent,no
2802,41,technician,married,professional.course,no,yes,no,cellular,aug,wed,112.0,8,999,0,nonexistent,no
2803,39,services,married,high.school,no,no,no,cellular,may,wed,383.0,5,999,0,nonexistent,no
2804,53,blue-collar,married,basic.9y,no,no,no,telephone,jul,thu,183.0,2,999,0,nonexistent,no
2805,33,admin.,married,high.school,no,yes,yes,cellular,may,mon,56.0,3,999,0,nonexistent,no
2806,37,services,married,high.school,no,no,no,telephone,jun,mon,88.0,1,999,0,nonexistent,no
2807,34,technician,single,university.degree,no,no,no,telephone,jun,thu,90.0,1,999,0,nonexistent,no
2808,18,student,single,unknown,no,unknown,unknown,cellular,sep,thu,72.0,2,999,0,nonexistent,no
2809,38,services,single,unknown,unknown,yes,no,telephone,may,wed,256.0,6,999,0,nonexistent,no
2810,37,admin.,married,basic.9y,no,no,no,telephone,jun,wed,268.0,2,999,0,nonexistent,no
2811,29,blue-collar,married,basic.4y,unknown,no,no,cellular,may,tue,658.0,1,999,1,failure,yes
2812,32,admin.,married,high.school,no,yes,no,cellular,may,thu,132.0,1,999,1,failure,no
2813,32,admin.,single,university.degree,no,unknown,unknown,cellular,aug,tue,40.0,1,999,0,nonexistent,no
2814,35,admin.,married,university.degree,unknown,yes,yes,cellular,aug,wed,156.0,1,999,0,nonexistent,no
2815,33,self-employed,divorced,basic.9y,no,yes,no,telephone,may,tue,355.0,1,999,0,nonexistent,no
2816,27,blue-collar,married,basic.9y,no,yes,yes,cellular,may,fri,58.0,3,999,0,nonexistent,no
2817,42,technician,married,high.school,no,yes,no,cellular,apr,thu,163.0,1,999,0,nonexistent,yes
2818,31,services,single,basic.9y,unknown,yes,no,cellular,nov,fri,232.0,2,999,0,nonexistent,no
2819,31,blue-collar,married,basic.6y,unknown,no,no,cellular,jul,mon,196.0,2,999,0,nonexistent,no
2820,47,blue-collar,married,basic.9y,no,no,yes,cellular,apr,fri,583.0,2,999,1,failure,no
2821,37,student,married,professional.course,unknown,yes,no,cellular,aug,thu,72.0,1,999,0,nonexistent,no
2822,40,services,married,high.school,no,no,no,cellular,apr,thu,161.0,1,999,0,nonexistent,yes
2823,40,admin.,single,university.degree,no,yes,no,cellular,jul,tue,220.0,4,999,0,nonexistent,no
2824,50,blue-collar,married,basic.4y,unknown,no,yes,telephone,jun,tue,676.0,5,999,0,nonexistent,no
2825,59,technician,divorced,basic.9y,no,yes,no,cellular,jul,wed,142.0,1,999,0,nonexistent,no
2826,37,admin.,married,university.degree,no,no,no,telephone,jun,mon,85.0,8,999,0,nonexistent,no
2827,24,technician,married,professional.course,no,yes,no,cellular,may,thu,99.0,4,999,0,nonexistent,no
2828,30,admin.,single,university.degree,no,no,no,cellular,jul,thu,252.0,1,6,2,success,yes
2829,51,technician,married,professional.course,no,yes,no,cellular,aug,thu,81.0,2,999,0,nonexistent,no
2830,23,blue-collar,single,basic.9y,no,yes,no,cellular,may,mon,657.0,1,999,0,nonexistent,yes
2831,34,technician,married,professional.course,no,yes,no,cellular,jul,wed,144.0,5,999,0,nonexistent,no
2832,43,admin.,married,university.degree,no,no,yes,cellular,aug,fri,24.0,9,999,0,nonexistent,no
2833,30,self-employed,married,university.degree,no,yes,no,cellular,jun,mon,661.0,1,999,0,nonexistent,yes
2834,26,admin.,single,high.school,no,yes,no,cellular,may,mon,211.0,2,999,1,failure,no
2835,56,admin.,divorced,university.degree,no,no,no,cellular,nov,fri,149.0,4,999,0,nonexistent,no
2836,43,services,married,basic.4y,no,no,no,cellular,nov,mon,75.0,1,999,1,failure,no
2837,55,admin.,married,university.degree,no,yes,no,telephone,mar,thu,220.0,7,999,0,nonexistent,no
2838,35,technician,married,university.degree,no,unknown,unknown,cellular,aug,tue,117.0,1,999,0,nonexistent,no
2839,45,services,divorced,high.school,unknown,no,no,telephone,jun,thu,691.0,1,999,0,nonexistent,no
2840,34,services,married,high.school,unknown,no,no,cellular,may,tue,245.0,5,999,0,nonexistent,no
2841,42,services,single,basic.6y,no,yes,no,cellular,may,wed,70.0,5,999,0,nonexistent,no
2842,47,blue-collar,married,basic.4y,unknown,yes,no,cellular,may,fri,173.0,1,999,1,failure,no
2843,44,technician,married,university.degree,no,yes,no,cellular,may,fri,662.0,2,2,1,success,yes
2844,29,technician,single,professional.course,no,no,yes,cellular,jul,tue,178.0,2,15,2,failure,yes
2845,45,admin.,married,university.degree,no,yes,no,cellular,sep,fri,64.0,1,999,2,failure,no
2846,47,blue-collar,married,professional.course,unknown,yes,no,telephone,may,wed,131.0,1,999,0,nonexistent,no
2847,29,admin.,single,university.degree,no,yes,yes,cellular,aug,fri,493.0,1,999,0,nonexistent,no
2848,23,technician,single,professional.course,unknown,yes,yes,cellular,jun,tue,421.0,1,4,3,success,no
2849,46,blue-collar,married,basic.9y,no,yes,no,cellular,nov,mon,119.0,1,999,1,failure,no
2850,38,admin.,single,high.school,no,yes,no,cellular,nov,tue,90.0,1,999,0,nonexistent,no
2851,32,admin.,married,university.degree,no,yes,yes,cellular,aug,mon,217.0,1,999,0,nonexistent,no
2852,33,technician,single,professional.course,no,no,no,cellular,aug,thu,103.0,1,999,0,nonexistent,no
2853,37,technician,married,professional.course,no,yes,no,cellular,nov,tue,238.0,3,999,0,nonexistent,no
2854,56,technician,married,professional.course,unknown,no,no,telephone,may,thu,191.0,1,999,0,nonexistent,no
2855,36,management,married,university.degree,no,no,no,telephone,may,wed,90.0,1,999,0,nonexistent,no
2856,29,student,married,high.school,no,no,yes,telephone,jun,tue,136.0,2,999,0,nonexistent,no
2857,47,technician,married,professional.course,no,yes,no,cellular,jul,fri,352.0,5,999,0,nonexistent,no
2858,34,technician,single,university.degree,no,yes,no,cellular,mar,thu,180.0,2,999,0,nonexistent,yes
2859,30,admin.,single,university.degree,no,yes,yes,cellular,aug,tue,29.0,2,999,0,nonexistent,no
2860,47,blue-collar,married,basic.4y,unknown,no,yes,telephone,may,tue,93.0,1,999,0,nonexistent,no
2861,34,services,married,high.school,no,no,no,cellular,nov,wed,89.0,3,999,1,failure,no
2862,55,admin.,married,high.school,no,no,no,telephone,may,tue,239.0,2,999,0,nonexistent,no
2863,48,entrepreneur,divorced,basic.4y,no,no,no,telephone,may,thu,75.0,1,999,0,nonexistent,no
2864,60,blue-collar,married,basic.4y,unknown,yes,no,telephone,may,fri,161.0,1,999,0,nonexistent,no
2865,29,admin.,single,university.degree,no,yes,no,telephone,jun,wed,694.0,2,999,0,nonexistent,no
2866,46,admin.,married,university.degree,no,no,no,telephone,may,thu,351.0,3,999,0,nonexistent,yes
2867,59,entrepreneur,married,unknown,no,no,no,telephone,jun,tue,242.0,2,999,0,nonexistent,no
2868,66,retired,married,professional.course,no,yes,yes,cellular,apr,fri,222.0,4,999,0,nonexistent,no
2869,46,admin.,single,high.school,no,yes,no,cellular,may,mon,522.0,6,999,0,nonexistent,no
2870,56,admin.,married,university.degree,unknown,yes,no,cellular,aug,tue,125.0,2,999,0,nonexistent,no
2871,20,student,single,basic.9y,no,no,no,cellular,aug,wed,98.0,2,999,0,nonexistent,no
2872,24,student,married,university.degree,no,no,no,telephone,may,thu,691.0,1,999,0,nonexistent,no
2873,56,admin.,married,basic.6y,unknown,no,no,cellular,aug,thu,102.0,1,999,0,nonexistent,no
2874,44,management,married,university.degree,unknown,no,yes,telephone,may,wed,245.0,7,999,0,nonexistent,no
2875,33,technician,single,university.degree,no,no,no,telephone,may,wed,127.0,1,999,0,nonexistent,no
2876,36,self-employed,divorced,university.degree,no,yes,yes,telephone,jun,mon,372.0,2,999,0,nonexistent,no
2877,50,blue-collar,married,basic.6y,unknown,no,yes,cellular,nov,mon,120.0,1,999,1,failure,no
2878,38,services,divorced,high.school,no,yes,no,cellular,jul,thu,444.0,4,999,0,nonexistent,no
2879,42,services,married,basic.9y,no,no,no,cellular,may,fri,42.0,2,999,1,failure,no
2880,37,admin.,single,high.school,no,no,yes,cellular,may,fri,71.0,3,999,1,failure,no
2881,35,technician,married,university.degree,no,yes,no,cellular,aug,mon,318.0,3,999,0,nonexistent,no
2882,47,admin.,single,university.degree,no,no,no,cellular,nov,tue,193.0,1,999,0,nonexistent,no
2883,60,retired,married,basic.4y,no,yes,no,cellular,oct,wed,357.0,2,999,1,failure,no
2884,58,retired,married,high.school,no,yes,no,cellular,aug,fri,166.0,1,999,0,nonexistent,no
2885,23,admin.,married,professional.course,no,no,yes,telephone,jun,mon,266.0,3,999,0,nonexistent,no
2886,31,admin.,single,university.degree,no,no,no,cellular,nov,thu,166.0,1,999,0,nonexistent,no
2887,56,housemaid,divorced,basic.4y,unknown,no,no,telephone,jun,mon,123.0,2,999,0,nonexistent,no
2888,36,blue-collar,married,basic.9y,no,no,yes,cellular,jul,fri,118.0,3,999,0,nonexistent,no
2889,25,blue-collar,married,basic.9y,no,no,no,cellular,jul,mon,132.0,3,999,0,nonexistent,no
2890,54,admin.,married,university.degree,no,no,no,telephone,jun,tue,483.0,1,999,0,nonexistent,no
2891,33,admin.,married,university.degree,no,yes,yes,telephone,aug,fri,28.0,2,999,0,nonexistent,no
2892,62,technician,married,unknown,no,no,no,cellular,mar,mon,435.0,3,6,1,success,no
2893,33,admin.,married,university.degree,no,yes,no,telephone,may,fri,576.0,1,999,0,nonexistent,no
2894,42,admin.,single,high.school,no,no,no,cellular,aug,wed,127.0,1,999,0,nonexistent,no
2895,53,entrepreneur,divorced,university.degree,no,no,no,cellular,nov,mon,93.0,1,999,0,nonexistent,no
2896,36,admin.,married,university.degree,no,yes,no,telephone,jun,fri,27.0,3,999,0,nonexistent,no
2897,37,blue-collar,divorced,basic.9y,no,yes,no,cellular,jul,thu,346.0,2,999,0,nonexistent,no
2898,43,admin.,divorced,basic.9y,no,unknown,unknown,telephone,may,tue,178.0,2,999,0,nonexistent,no
2899,43,technician,divorced,university.degree,no,yes,no,cellular,nov,wed,342.0,2,999,0,nonexistent,no
2900,38,blue-collar,married,basic.9y,unknown,no,no,cellular,nov,wed,145.0,3,999,0,nonexistent,no
2901,42,blue-collar,married,basic.9y,no,no,no,telephone,may,wed,92.0,5,999,0,nonexistent,no
2902,32,admin.,single,university.degree,no,yes,yes,cellular,aug,fri,709.0,7,999,0,nonexistent,no
2903,33,admin.,single,university.degree,no,no,no,cellular,aug,wed,64.0,4,999,0,nonexistent,no
2904,56,self-employed,married,professional.course,no,no,yes,telephone,jun,fri,13.0,40,999,0,nonexistent,no
2905,27,admin.,single,high.school,no,no,no,telephone,aug,fri,3785.0,1,999,0,nonexistent,no
2906,32,services,married,basic.9y,no,no,no,telephone,jun,tue,138.0,3,999,0,nonexistent,no
2907,52,admin.,married,high.school,no,yes,no,telephone,jun,fri,84.0,3,999,0,nonexistent,no
2908,38,technician,married,high.school,no,no,no,cellular,aug,tue,197.0,2,999,0,nonexistent,no
2909,45,technician,married,professional.course,unknown,no,no,telephone,may,wed,69.0,1,999,0,nonexistent,no
2910,50,retired,single,university.degree,no,no,no,cellular,nov,fri,51.0,5,999,1,failure,no
2911,34,admin.,single,university.degree,no,no,no,telephone,jun,tue,35.0,32,999,0,nonexistent,no
2912,41,admin.,single,university.degree,no,yes,yes,cellular,nov,fri,45.0,2,999,0,nonexistent,no
2913,43,admin.,single,high.school,no,no,yes,telephone,jun,tue,495.0,2,999,0,nonexistent,no
2914,60,retired,married,high.school,unknown,yes,no,telephone,may,fri,597.0,6,999,0,nonexistent,yes
2915,55,unknown,married,unknown,unknown,yes,no,cellular,aug,fri,103.0,1,999,0,nonexistent,no
2916,31,blue-collar,single,high.school,no,yes,no,cellular,nov,wed,780.0,1,999,0,nonexistent,no
2917,53,self-employed,married,university.degree,no,no,no,cellular,aug,fri,39.0,1,999,0,nonexistent,no
2918,53,admin.,married,university.degree,unknown,no,yes,cellular,jul,wed,122.0,3,999,0,nonexistent,no
2919,34,admin.,married,university.degree,no,no,yes,cellular,jul,tue,51.0,4,999,1,failure,no
2920,37,technician,married,university.degree,no,yes,yes,cellular,aug,thu,180.0,6,999,0,nonexistent,no
2921,29,admin.,single,high.school,no,yes,no,cellular,apr,thu,275.0,1,999,0,nonexistent,no
2922,50,self-employed,married,high.school,no,yes,no,cellular,jul,tue,119.0,6,999,0,nonexistent,no
2923,53,admin.,divorced,university.degree,no,no,no,telephone,jun,fri,1330.0,3,999,0,nonexistent,no
2924,51,admin.,divorced,university.degree,unknown,no,no,cellular,aug,fri,59.0,2,999,0,nonexistent,no
2925,38,technician,married,university.degree,no,yes,yes,cellular,aug,tue,76.0,1,999,0,nonexistent,no
2926,43,admin.,married,university.degree,no,yes,no,telephone,may,thu,493.0,2,999,0,nonexistent,no
2927,39,admin.,married,basic.9y,unknown,yes,no,telephone,may,wed,16.0,6,999,0,nonexistent,no
2928,37,entrepreneur,married,university.degree,no,no,no,telephone,jun,fri,351.0,2,999,0,nonexistent,no
2929,45,blue-collar,married,basic.4y,unknown,no,no,telephone,may,tue,440.0,1,999,0,nonexistent,no
2930,31,admin.,single,university.degree,no,no,no,cellular,jul,thu,128.0,1,999,0,nonexistent,no
2931,32,blue-collar,married,professional.course,unknown,yes,yes,cellular,apr,thu,127.0,3,999,0,nonexistent,no
2932,36,blue-collar,married,basic.9y,unknown,yes,no,telephone,may,wed,588.0,2,999,0,nonexistent,no
2933,32,self-employed,married,high.school,no,yes,no,cellular,aug,thu,151.0,3,999,0,nonexistent,no
2934,59,admin.,divorced,professional.course,no,no,no,telephone,aug,tue,198.0,1,999,0,nonexistent,no
2935,22,services,single,high.school,no,no,no,telephone,jun,wed,156.0,1,999,0,nonexistent,no
2936,28,admin.,single,university.degree,no,yes,no,telephone,may,fri,280.0,1,999,0,nonexistent,no
2937,55,unknown,married,unknown,unknown,yes,no,cellular,aug,thu,16.0,16,999,0,nonexistent,no
2938,31,blue-collar,divorced,unknown,no,yes,no,cellular,jul,fri,320.0,1,999,0,nonexistent,no
2939,45,services,married,basic.9y,no,no,no,telephone,may,tue,255.0,1,999,0,nonexistent,no
2940,52,services,married,high.school,unknown,no,no,cellular,aug,mon,97.0,2,999,0,nonexistent,no
2941,57,retired,single,basic.4y,no,no,no,telephone,jul,fri,102.0,4,999,0,nonexistent,no
2942,36,blue-collar,married,high.school,no,yes,no,cellular,jul,wed,77.0,11,999,0,nonexistent,no
2943,59,services,married,high.school,no,yes,no,cellular,apr,tue,542.0,3,999,1,failure,no
2944,34,services,married,high.school,no,no,yes,telephone,jun,tue,222.0,3,999,0,nonexistent,no
2945,46,management,married,university.degree,no,no,no,cellular,aug,wed,517.0,1,999,0,nonexistent,no
2946,42,technician,married,university.degree,no,yes,yes,cellular,aug,thu,111.0,1,999,0,nonexistent,no
2947,50,technician,married,high.school,unknown,no,no,cellular,aug,tue,679.0,1,999,0,nonexistent,no
2948,47,management,married,basic.4y,unknown,no,no,telephone,may,mon,268.0,6,999,0,nonexistent,no
2949,53,blue-collar,married,basic.4y,unknown,yes,no,telephone,jun,wed,597.0,7,999,0,nonexistent,no
2950,43,entrepreneur,married,basic.4y,no,yes,no,telephone,jun,tue,69.0,2,999,0,nonexistent,no
2951,43,technician,single,professional.course,no,yes,yes,telephone,jul,tue,359.0,1,999,0,nonexistent,no
2952,39,management,married,university.degree,no,no,no,telephone,may,fri,169.0,1,999,0,nonexistent,no
2953,56,blue-collar,married,basic.4y,no,yes,no,telephone,may,thu,242.0,3,999,0,nonexistent,no
2954,33,technician,married,professional.course,unknown,yes,no,cellular,aug,tue,30.0,14,999,0,nonexistent,no
2955,47,admin.,divorced,university.degree,no,no,no,cellular,jul,tue,403.0,3,999,0,nonexistent,no
2956,40,admin.,married,high.school,unknown,yes,no,telephone,jun,fri,85.0,3,999,0,nonexistent,no
2957,24,admin.,single,basic.9y,no,yes,no,telephone,may,fri,12.0,6,999,0,nonexistent,no
2958,33,admin.,divorced,high.school,no,yes,no,telephone,may,fri,290.0,1,999,0,nonexistent,no
2959,35,blue-collar,married,unknown,no,yes,no,telephone,may,thu,76.0,7,999,0,nonexistent,no
2960,47,technician,married,high.school,unknown,yes,yes,cellular,aug,mon,89.0,2,999,0,nonexistent,no
2961,40,blue-collar,married,basic.9y,no,yes,no,cellular,nov,mon,55.0,1,999,0,nonexistent,no
2962,29,services,married,university.degree,no,no,yes,cellular,jun,fri,89.0,2,999,0,nonexistent,no
2963,45,admin.,married,unknown,no,yes,yes,cellular,nov,thu,254.0,2,999,0,nonexistent,no
2964,31,technician,married,professional.course,no,no,no,cellular,may,fri,166.0,2,999,0,nonexistent,no
2965,45,admin.,divorced,basic.6y,no,no,yes,telephone,jul,mon,296.0,1,999,0,nonexistent,no
2966,59,retired,married,unknown,no,yes,yes,cellular,aug,fri,79.0,1,999,0,nonexistent,no
2967,35,management,married,university.degree,no,no,no,cellular,nov,mon,146.0,1,999,0,nonexistent,no
2968,24,student,single,high.school,no,no,yes,cellular,apr,thu,157.0,1,999,0,nonexistent,no
2969,52,blue-collar,divorced,basic.9y,no,yes,no,telephone,jul,wed,138.0,3,999,0,nonexistent,no
2970,25,blue-collar,single,basic.4y,no,yes,yes,telephone,jun,mon,81.0,1,999,0,nonexistent,no
2971,36,technician,married,high.school,no,yes,no,cellular,nov,thu,688.0,2,999,0,nonexistent,no
2972,47,entrepreneur,divorced,university.degree,no,yes,no,telephone,may,fri,354.0,4,999,0,nonexistent,no
2973,35,blue-collar,married,basic.4y,unknown,no,no,telephone,may,fri,25.0,14,999,0,nonexistent,no
2974,57,retired,married,professional.course,no,unknown,unknown,cellular,nov,tue,193.0,1,999,0,nonexistent,no
2975,73,retired,married,unknown,no,yes,no,telephone,mar,mon,659.0,1,999,0,nonexistent,yes
2976,32,unknown,unknown,university.degree,no,yes,yes,telephone,may,tue,40.0,1,999,0,nonexistent,no
2977,33,admin.,married,high.school,unknown,no,no,cellular,may,tue,168.0,1,999,1,failure,no
2978,36,technician,single,professional.course,unknown,no,no,cellular,may,wed,654.0,1,999,0,nonexistent,no
2979,39,blue-collar,married,basic.6y,no,no,no,cellular,aug,thu,320.0,2,3,1,success,yes
2980,45,services,married,basic.9y,unknown,yes,yes,cellular,jul,thu,270.0,1,999,0,nonexistent,no
2981,41,blue-collar,married,basic.9y,no,yes,no,telephone,may,tue,420.0,1,999,0,nonexistent,no
2982,42,admin.,married,university.degree,no,yes,no,cellular,jul,mon,108.0,2,999,0,nonexistent,no
2983,37,housemaid,married,high.school,no,yes,yes,telephone,may,mon,723.0,1,999,0,nonexistent,no
2984,30,blue-collar,single,basic.4y,unknown,yes,yes,cellular,jul,mon,213.0,1,999,0,nonexistent,no
2985,35,blue-collar,married,basic.9y,no,yes,no,cellular,nov,mon,212.0,1,999,2,failure,no
2986,36,technician,divorced,university.degree,no,yes,no,cellular,aug,fri,207.0,1,999,0,nonexistent,no
2987,32,admin.,single,university.degree,unknown,no,yes,telephone,jun,fri,13.0,11,999,0,nonexistent,no
2988,50,admin.,married,university.degree,no,yes,no,cellular,nov,mon,91.0,2,999,0,nonexistent,no
2989,53,blue-collar,married,basic.4y,unknown,no,no,cellular,jul,thu,79.0,1,999,0,nonexistent,no
2990,49,admin.,divorced,high.school,no,yes,no,telephone,may,tue,142.0,1,999,0,nonexistent,no
2991,36,housemaid,single,basic.4y,unknown,no,no,cellular,jul,fri,184.0,3,999,0,nonexistent,no
2992,46,blue-collar,married,basic.9y,no,no,no,cellular,aug,mon,68.0,1,999,0,nonexistent,no
2993,20,student,single,unknown,no,yes,yes,cellular,oct,tue,187.0,1,3,4,success,yes
2994,49,blue-collar,married,basic.9y,no,yes,no,telephone,may,wed,49.0,3,999,0,nonexistent,no
2995,29,admin.,single,university.degree,no,no,yes,cellular,jul,thu,582.0,2,999,0,nonexistent,yes
2996,26,services,single,high.school,no,yes,no,cellular,jul,mon,256.0,1,999,0,nonexistent,no
2997,54,housemaid,married,professional.course,no,no,no,telephone,oct,mon,1745.0,3,999,1,failure,no
2998,52,blue-collar,married,basic.9y,unknown,no,no,cellular,jul,mon,128.0,3,999,0,nonexistent,no
2999,48,admin.,married,university.degree,no,yes,yes,cellular,nov,fri,89.0,1,999,1,failure,no
3000,25,services,single,high.school,no,no,no,cellular,jul,mon,322.0,2,999,0,nonexistent,no
3001,44,admin.,single,basic.6y,unknown,no,no,telephone,jul,wed,383.0,7,999,0,nonexistent,no
3002,29,admin.,single,university.degree,no,yes,no,cellular,aug,thu,435.0,1,999,0,nonexistent,no
3003,66,technician,married,professional.course,no,yes,no,telephone,aug,wed,150.0,2,999,0,nonexistent,no
3004,45,admin.,married,high.school,no,yes,no,telephone,may,tue,190.0,5,999,0,nonexistent,no
3005,36,blue-collar,married,basic.6y,unknown,no,no,telephone,may,fri,378.0,2,999,0,nonexistent,no
3006,43,blue-collar,married,basic.4y,no,yes,no,telephone,may,thu,609.0,2,999,0,nonexistent,no
3007,25,student,single,university.degree,no,no,no,cellular,apr,thu,539.0,1,999,0,nonexistent,no
3008,48,admin.,divorced,high.school,no,no,yes,cellular,apr,fri,2139.0,3,999,0,nonexistent,yes
3009,26,technician,single,professional.course,no,no,no,cellular,jul,wed,83.0,2,999,0,nonexistent,no
3010,27,housemaid,married,basic.6y,no,no,no,cellular,may,mon,608.0,3,999,0,nonexistent,yes
3011,37,admin.,divorced,university.degree,no,no,no,telephone,jun,mon,83.0,1,999,0,nonexistent,no
3012,38,blue-collar,married,high.school,unknown,yes,no,cellular,may,tue,151.0,2,999,1,failure,no
3013,32,blue-collar,married,basic.9y,no,yes,no,telephone,jun,thu,155.0,1,999,0,nonexistent,no
3014,45,blue-collar,married,professional.course,no,yes,no,telephone,may,thu,414.0,1,6,2,success,yes
3015,30,services,married,high.school,unknown,no,no,telephone,may,wed,48.0,1,999,0,nonexistent,no
3016,33,admin.,married,university.degree,unknown,yes,no,cellular,aug,thu,59.0,1,999,0,nonexistent,no
3017,36,management,single,university.degree,no,yes,no,cellular,jun,wed,300.0,2,3,1,success,yes
3018,32,admin.,married,high.school,no,yes,no,cellular,nov,tue,322.0,1,999,0,nonexistent,yes
3019,40,admin.,divorced,university.degree,unknown,yes,no,cellular,aug,wed,111.0,1,999,0,nonexistent,no
3020,49,admin.,married,high.school,no,no,no,cellular,aug,thu,96.0,2,999,0,nonexistent,no
3021,54,management,married,university.degree,no,yes,no,cellular,may,fri,173.0,1,999,0,nonexistent,no
3022,30,self-employed,married,basic.9y,unknown,no,no,cellular,may,fri,73.0,2,999,0,nonexistent,no
3023,35,technician,married,university.degree,no,no,no,cellular,nov,tue,90.0,2,999,1,failure,no
3024,36,unemployed,married,high.school,no,no,no,telephone,oct,thu,130.0,2,999,0,nonexistent,no
3025,30,services,married,high.school,no,yes,no,telephone,jun,wed,138.0,5,999,0,nonexistent,no
3026,47,admin.,married,university.degree,no,yes,yes,cellular,apr,thu,149.0,1,2,1,success,no
3027,36,admin.,married,university.degree,unknown,no,no,cellular,aug,thu,90.0,1,999,0,nonexistent,no
3028,53,blue-collar,married,basic.4y,no,no,no,telephone,jun,fri,223.0,3,999,0,nonexistent,no
3029,57,services,divorced,unknown,no,no,no,cellular,may,fri,144.0,4,999,0,nonexistent,no
3030,33,technician,single,professional.course,unknown,yes,no,telephone,may,fri,613.0,2,999,0,nonexistent,no
3031,31,admin.,single,high.school,no,yes,no,cellular,nov,fri,59.0,1,999,0,nonexistent,no
3032,46,,married,high.school,no,yes,yes,telephone,jun,wed,148.0,10,999,0,nonexistent,no
3033,58,technician,married,professional.course,no,yes,no,telephone,aug,mon,697.0,5,999,0,nonexistent,no
3034,26,admin.,single,university.degree,no,no,no,cellular,jul,thu,184.0,1,999,0,nonexistent,no
3035,38,admin.,divorced,high.school,no,yes,no,cellular,jul,mon,128.0,1,999,0,nonexistent,no
3036,30,blue-collar,married,unknown,no,no,no,cellular,jul,wed,59.0,4,999,0,nonexistent,no
3037,35,admin.,married,university.degree,no,yes,yes,telephone,may,mon,67.0,1,999,0,nonexistent,no
3038,27,admin.,single,university.degree,no,yes,no,cellular,apr,mon,148.0,1,999,0,nonexistent,yes
3039,32,admin.,single,university.degree,no,unknown,unknown,telephone,jun,mon,215.0,1,999,0,nonexistent,no
3040,35,technician,married,university.degree,no,yes,no,telephone,may,tue,,2,999,0,nonexistent,no
3041,39,technician,divorced,professional.course,no,no,yes,cellular,may,wed,445.0,2,999,1,failure,no
3042,35,admin.,married,university.degree,no,yes,no,telephone,may,thu,379.0,4,999,0,nonexistent,no
3043,34,admin.,divorced,university.degree,no,no,yes,cellular,apr,mon,473.0,1,999,1,failure,no
3044,66,retired,married,basic.4y,no,no,yes,cellular,jun,wed,319.0,2,999,0,nonexistent,yes
3045,31,services,single,basic.9y,no,no,no,telephone,may,tue,674.0,1,999,0,nonexistent,no
3046,55,management,married,university.degree,no,no,no,cellular,aug,mon,372.0,3,999,0,nonexistent,yes
3047,41,blue-collar,married,basic.4y,unknown,no,no,telephone,may,thu,513.0,3,999,0,nonexistent,no
3048,34,admin.,married,university.degree,no,no,no,telephone,jun,fri,94.0,7,999,0,nonexistent,no
3049,43,blue-collar,married,basic.4y,unknown,yes,no,telephone,may,tue,124.0,2,999,0,nonexistent,no
3050,29,admin.,married,high.school,no,yes,no,cellular,may,tue,57.0,1,999,1,failure,no
3051,28,student,single,high.school,no,yes,no,telephone,jul,mon,12.0,3,999,0,nonexistent,no
3052,37,admin.,married,university.degree,no,yes,yes,cellular,may,wed,318.0,7,999,0,nonexistent,no
3053,27,blue-collar,married,basic.9y,no,no,no,cellular,may,thu,155.0,2,999,0,nonexistent,no
3054,37,technician,married,professional.course,no,no,yes,telephone,may,thu,44.0,1,999,0,nonexistent,no
3055,30,services,single,high.school,no,yes,no,telephone,may,thu,97.0,2,999,0,nonexistent,no
3056,29,management,single,university.degree,no,yes,no,telephone,may,fri,257.0,2,999,0,nonexistent,no
3057,29,technician,single,university.degree,no,yes,no,telephone,may,tue,1051.0,1,999,0,nonexistent,yes
3058,52,technician,married,basic.9y,no,yes,no,telephone,may,thu,208.0,2,999,0,nonexistent,no
3059,39,blue-collar,married,basic.9y,unknown,no,yes,telephone,jul,thu,74.0,5,999,0,nonexistent,no
3060,33,blue-collar,single,basic.6y,no,no,no,telephone,may,tue,472.0,1,999,0,nonexistent,no
3061,31,housemaid,single,professional.course,unknown,yes,yes,cellular,aug,tue,213.0,1,999,0,nonexistent,no
3062,40,blue-collar,married,professional.course,no,no,yes,cellular,nov,mon,80.0,1,999,1,failure,no
3063,40,admin.,single,high.school,unknown,no,no,telephone,may,wed,261.0,6,999,0,nonexistent,no
3064,33,self-employed,married,basic.9y,no,unknown,unknown,cellular,may,tue,328.0,2,999,0,nonexistent,no
3065,34,technician,single,university.degree,no,yes,no,cellular,aug,thu,385.0,4,999,0,nonexistent,no
3066,42,technician,divorced,high.school,unknown,yes,no,cellular,aug,thu,140.0,7,999,0,nonexistent,no
3067,47,admin.,single,high.school,no,no,no,cellular,may,mon,219.0,1,999,1,failure,no
3068,31,blue-collar,married,basic.9y,unknown,yes,no,telephone,may,thu,140.0,3,999,0,nonexistent,no
3069,37,blue-collar,divorced,basic.4y,no,no,no,cellular,apr,fri,2053.0,2,999,0,nonexistent,no
3070,25,blue-collar,married,basic.9y,no,yes,yes,telephone,jun,mon,60.0,5,999,0,nonexistent,no
3071,36,admin.,married,university.degree,no,no,no,cellular,aug,wed,212.0,7,6,1,success,no
3072,42,entrepreneur,married,basic.9y,no,no,no,cellular,oct,wed,122.0,3,999,0,nonexistent,no
3073,55,admin.,divorced,high.school,no,yes,no,cellular,aug,tue,244.0,2,6,3,success,yes
3074,45,blue-collar,married,basic.9y,unknown,no,yes,telephone,may,wed,145.0,2,999,0,nonexistent,no
3075,33,admin.,married,high.school,no,yes,no,cellular,aug,mon,252.0,1,6,1,success,yes
3076,28,blue-collar,single,basic.9y,no,unknown,unknown,telephone,may,tue,71.0,1,999,0,nonexistent,no
3077,80,retired,divorced,basic.4y,no,no,yes,cellular,dec,fri,720.0,5,999,1,failure,no
3078,45,self-employed,married,basic.6y,no,yes,no,cellular,aug,wed,100.0,1,999,0,nonexistent,no
3079,47,blue-collar,married,basic.4y,no,no,no,telephone,may,fri,283.0,2,999,0,nonexistent,no
3080,50,admin.,married,basic.9y,no,no,no,cellular,aug,fri,215.0,3,999,0,nonexistent,no
3081,34,technician,married,university.degree,no,no,no,cellular,nov,wed,145.0,1,999,0,nonexistent,no
3082,33,self-employed,single,university.degree,no,no,no,telephone,aug,wed,79.0,4,999,0,nonexistent,no
3083,49,blue-collar,married,basic.9y,unknown,no,no,telephone,may,fri,283.0,3,999,0,nonexistent,no
3084,30,management,married,university.degree,no,no,no,cellular,jul,wed,84.0,2,999,0,nonexistent,no
3085,48,blue-collar,married,basic.6y,no,yes,no,cellular,jul,mon,122.0,5,999,0,nonexistent,no
3086,47,housemaid,married,professional.course,no,yes,yes,telephone,jun,mon,132.0,5,999,0,nonexistent,no
3087,35,admin.,single,university.degree,no,yes,no,telephone,aug,thu,338.0,1,999,0,nonexistent,yes
3088,50,admin.,married,basic.6y,no,yes,no,cellular,aug,tue,264.0,1,999,0,nonexistent,no
3089,33,self-employed,married,university.degree,no,yes,no,cellular,aug,mon,112.0,3,999,0,nonexistent,no
3090,59,admin.,married,professional.course,no,yes,no,cellular,aug,fri,34.0,1,999,0,nonexistent,no
3091,36,unemployed,single,high.school,no,yes,no,cellular,jul,wed,148.0,1,999,0,nonexistent,no
3092,25,admin.,single,high.school,no,yes,no,cellular,jul,tue,84.0,5,999,0,nonexistent,no
3093,39,management,married,university.degree,no,no,no,cellular,nov,tue,435.0,1,999,0,nonexistent,no
3094,27,technician,single,professional.course,no,no,no,cellular,jun,tue,130.0,2,3,3,success,no
3095,42,admin.,single,university.degree,no,no,no,telephone,may,thu,236.0,3,999,0,nonexistent,no
3096,37,student,single,unknown,no,yes,no,cellular,jul,tue,661.0,2,999,0,nonexistent,no
3097,29,technician,single,university.degree,no,no,no,cellular,aug,wed,210.0,1,999,0,nonexistent,no
3098,34,,married,university.degree,no,yes,no,telephone,jun,fri,186.0,2,999,0,nonexistent,no
3099,36,blue-collar,married,basic.6y,no,no,no,cellular,nov,wed,299.0,2,999,0,nonexistent,no
3100,38,admin.,married,basic.9y,unknown,yes,no,telephone,may,tue,150.0,1,999,0,nonexistent,no
3101,38,management,divorced,university.degree,no,yes,no,cellular,apr,mon,182.0,2,6,1,success,yes
3102,27,admin.,single,professional.course,no,yes,no,cellular,jul,tue,483.0,2,999,0,nonexistent,no
3103,48,services,divorced,high.school,no,yes,no,cellular,jul,mon,72.0,2,999,0,nonexistent,no
3104,49,services,divorced,high.school,no,no,no,cellular,apr,fri,300.0,3,999,1,failure,no
3105,39,admin.,single,high.school,no,no,no,cellular,jul,thu,9.0,6,999,0,nonexistent,no
3106,44,entrepreneur,married,university.degree,no,no,yes,cellular,nov,wed,67.0,2,999,1,failure,no
3107,58,management,married,university.degree,no,yes,no,telephone,jun,wed,81.0,1,999,0,nonexistent,no
3108,36,technician,divorced,professional.course,no,yes,no,cellular,may,mon,341.0,7,999,0,nonexistent,no
3109,31,technician,single,professional.course,no,yes,no,cellular,apr,mon,199.0,6,999,0,nonexistent,no
3110,49,technician,divorced,high.school,no,no,no,cellular,aug,tue,109.0,2,999,0,nonexistent,no
3111,43,housemaid,divorced,basic.6y,unknown,no,yes,cellular,jul,thu,53.0,1,999,0,nonexistent,no
3112,40,services,married,high.school,no,yes,no,cellular,apr,mon,72.0,1,999,1,failure,no
3113,22,management,single,university.degree,no,yes,no,cellular,apr,wed,179.0,2,999,0,nonexistent,no
3114,20,technician,single,university.degree,no,no,no,cellular,may,mon,237.0,5,999,0,nonexistent,yes
3115,35,technician,single,high.school,no,yes,no,telephone,jun,mon,92.0,2,999,0,nonexistent,no
3116,34,services,divorced,high.school,no,no,yes,cellular,jul,tue,101.0,2,999,0,nonexistent,no
3117,28,services,married,high.school,no,no,yes,cellular,jul,tue,378.0,1,999,0,nonexistent,no
3118,36,blue-collar,single,basic.9y,unknown,no,no,telephone,may,tue,440.0,1,999,0,nonexistent,no
3119,29,blue-collar,single,professional.course,no,yes,no,telephone,may,thu,182.0,2,999,0,nonexistent,no
3120,40,blue-collar,married,basic.9y,no,yes,no,cellular,may,thu,308.0,2,999,0,nonexistent,no
3121,46,admin.,married,university.degree,no,yes,no,cellular,aug,thu,445.0,3,999,0,nonexistent,yes
3122,37,technician,single,university.degree,no,no,no,cellular,aug,thu,146.0,2,999,0,nonexistent,no
3123,45,services,divorced,high.school,no,no,no,cellular,jul,mon,295.0,1,999,0,nonexistent,no
3124,56,retired,married,university.degree,no,no,no,cellular,aug,tue,331.0,1,999,0,nonexistent,no
3125,74,retired,married,high.school,no,no,no,cellular,aug,thu,174.0,1,999,0,nonexistent,no
3126,38,admin.,married,university.degree,no,yes,no,cellular,nov,wed,223.0,2,999,0,nonexistent,no
3127,26,technician,married,professional.course,no,no,no,telephone,may,tue,205.0,3,999,0,nonexistent,no
3128,45,blue-collar,married,basic.9y,unknown,yes,no,telephone,may,fri,104.0,5,999,0,nonexistent,no
3129,38,entrepreneur,married,basic.9y,no,no,no,cellular,nov,thu,166.0,3,999,0,nonexistent,no
3130,44,admin.,single,university.degree,no,no,yes,telephone,jun,tue,143.0,1,999,0,nonexistent,no
3131,34,admin.,single,university.degree,no,yes,no,cellular,jul,wed,11.0,6,999,0,nonexistent,no
3132,42,technician,single,high.school,unknown,no,no,cellular,aug,mon,135.0,3,999,0,nonexistent,no
3133,26,entrepreneur,married,unknown,no,no,no,telephone,may,fri,194.0,3,999,0,nonexistent,no
3134,57,management,married,basic.4y,unknown,yes,no,cellular,may,fri,10.0,5,999,1,failure,no
3135,45,technician,divorced,university.degree,no,no,yes,telephone,apr,wed,101.0,1,999,0,nonexistent,no
3136,32,services,married,high.school,unknown,no,yes,telephone,may,tue,535.0,2,999,0,nonexistent,no
3137,34,admin.,married,high.school,no,no,no,telephone,jun,mon,540.0,1,999,0,nonexistent,no
3138,26,student,single,high.school,no,yes,no,cellular,may,mon,113.0,2,999,0,nonexistent,no
3139,34,technician,married,professional.course,no,yes,yes,telephone,jun,mon,191.0,1,999,0,nonexistent,no
3140,29,technician,single,professional.course,no,no,no,cellular,aug,mon,356.0,1,999,0,nonexistent,no
3141,34,services,married,basic.9y,no,yes,no,telephone,jun,mon,274.0,2,999,0,nonexistent,no
3142,56,admin.,married,high.school,unknown,yes,no,cellular,nov,tue,105.0,1,999,0,nonexistent,no
3143,53,self-employed,married,university.degree,no,yes,no,telephone,may,wed,382.0,10,999,0,nonexistent,no
3144,36,admin.,married,high.school,no,yes,no,telephone,may,thu,389.0,2,999,0,nonexistent,no
3145,34,unemployed,married,high.school,no,no,no,cellular,jul,thu,284.0,2,999,0,nonexistent,no
3146,50,services,married,basic.9y,unknown,yes,yes,cellular,aug,mon,256.0,3,999,0,nonexistent,no
3147,31,admin.,married,high.school,unknown,no,no,telephone,may,tue,233.0,1,999,0,nonexistent,no
3148,37,unemployed,single,university.degree,no,yes,no,cellular,nov,fri,230.0,3,999,0,nonexistent,no
3149,58,retired,married,university.degree,no,yes,no,cellular,nov,tue,90.0,1,999,0,nonexistent,no
3150,35,blue-collar,single,unknown,no,no,no,telephone,may,thu,104.0,1,999,0,nonexistent,no
3151,28,technician,divorced,university.degree,no,yes,no,cellular,jul,wed,136.0,1,999,0,nonexistent,no
3152,33,blue-collar,married,basic.9y,unknown,no,no,cellular,may,wed,1309.0,2,999,0,nonexistent,no
3153,37,technician,single,professional.course,unknown,yes,no,cellular,aug,tue,971.0,1,999,0,nonexistent,yes
3154,30,admin.,single,high.school,no,yes,no,cellular,may,thu,29.0,8,999,1,failure,no
3155,28,services,single,high.school,no,no,no,telephone,may,thu,32.0,2,999,0,nonexistent,no
3156,31,management,single,university.degree,no,yes,no,cellular,may,fri,268.0,1,999,0,nonexistent,no
3157,35,student,single,university.degree,unknown,yes,no,telephone,jun,mon,178.0,4,999,0,nonexistent,no
3158,36,self-employed,married,high.school,unknown,yes,no,cellular,aug,mon,130.0,3,999,0,nonexistent,no
3159,23,student,single,high.school,no,no,no,cellular,oct,wed,409.0,1,3,1,success,no
3160,36,entrepreneur,married,university.degree,no,no,no,cellular,apr,thu,211.0,2,999,0,nonexistent,no
3161,42,blue-collar,married,basic.9y,unknown,no,no,telephone,may,mon,208.0,1,999,0,nonexistent,no
3162,43,technician,divorced,professional.course,no,yes,no,telephone,may,fri,201.0,1,999,0,nonexistent,no
3163,34,management,married,university.degree,no,yes,yes,cellular,apr,mon,107.0,1,999,0,nonexistent,yes
3164,70,retired,married,basic.4y,unknown,no,no,cellular,oct,thu,122.0,1,14,3,failure,no
3165,31,technician,married,university.degree,no,no,no,cellular,aug,fri,52.0,3,999,0,nonexistent,no
3166,27,admin.,single,unknown,no,yes,no,cellular,mar,mon,247.0,3,6,2,success,yes
3167,36,housemaid,single,university.degree,no,no,yes,cellular,aug,wed,127.0,2,999,0,nonexistent,no
3168,33,services,single,high.school,no,yes,no,cellular,oct,tue,189.0,2,999,0,nonexistent,no
3169,38,technician,married,professional.course,no,yes,no,telephone,jun,mon,952.0,2,999,0,nonexistent,yes
3170,66,retired,married,basic.4y,no,yes,no,cellular,apr,tue,63.0,1,999,1,failure,no
3171,39,housemaid,divorced,basic.9y,no,yes,no,cellular,jul,thu,105.0,1,999,0,nonexistent,no
3172,31,unemployed,single,high.school,no,yes,no,cellular,jun,thu,167.0,3,999,0,nonexistent,no
3173,39,admin.,married,university.degree,unknown,no,no,cellular,aug,thu,144.0,10,999,0,nonexistent,no
3174,33,unemployed,single,university.degree,no,yes,no,telephone,aug,fri,145.0,1,999,0,nonexistent,no
3175,57,retired,married,basic.6y,no,no,no,cellular,may,thu,873.0,1,999,1,failure,no
3176,41,blue-collar,single,basic.9y,no,no,yes,cellular,may,wed,540.0,1,999,0,nonexistent,yes
3177,43,blue-collar,married,basic.4y,no,yes,no,telephone,may,mon,155.0,6,999,0,nonexistent,no
3178,34,management,married,university.degree,no,yes,no,telephone,may,wed,155.0,1,999,0,nonexistent,no
3179,40,admin.,single,high.school,no,no,no,telephone,jun,fri,97.0,1,999,0,nonexistent,no
3180,40,blue-collar,married,basic.4y,unknown,no,no,telephone,may,wed,267.0,7,999,0,nonexistent,no
3181,36,blue-collar,married,basic.9y,unknown,yes,no,cellular,jul,thu,53.0,2,999,0,nonexistent,no
3182,33,blue-collar,single,high.school,no,yes,no,cellular,nov,thu,294.0,2,999,0,nonexistent,no
3183,57,blue-collar,married,basic.9y,unknown,yes,no,cellular,nov,fri,57.0,7,999,1,failure,no
3184,56,admin.,divorced,university.degree,no,yes,no,cellular,jul,tue,86.0,3,999,0,nonexistent,no
3185,42,blue-collar,married,basic.9y,unknown,no,no,telephone,jun,wed,141.0,6,999,0,nonexistent,no
3186,43,blue-collar,single,basic.9y,no,yes,no,telephone,may,fri,551.0,2,999,0,nonexistent,no
3187,37,admin.,married,high.school,unknown,yes,no,cellular,jul,mon,204.0,3,999,0,nonexistent,no
3188,41,blue-collar,married,basic.4y,no,yes,no,telephone,may,tue,1529.0,2,999,0,nonexistent,no
3189,35,technician,divorced,professional.course,no,yes,no,cellular,apr,wed,405.0,1,999,0,nonexistent,no
3190,41,admin.,single,university.degree,no,yes,yes,telephone,jun,wed,88.0,5,999,0,nonexistent,no
3191,45,admin.,married,high.school,unknown,yes,yes,cellular,aug,fri,111.0,1,999,0,nonexistent,no
3192,76,retired,married,basic.4y,no,no,no,cellular,aug,wed,331.0,2,999,0,nonexistent,no
3193,35,admin.,married,high.school,no,yes,yes,cellular,jun,tue,444.0,1,999,1,failure,no
3194,46,blue-collar,married,basic.9y,unknown,yes,yes,cellular,jul,mon,194.0,3,999,0,nonexistent,no
3195,50,unemployed,married,professional.course,no,yes,no,cellular,nov,fri,58.0,1,999,1,failure,no
3196,40,blue-collar,married,basic.6y,unknown,no,no,cellular,may,fri,182.0,2,999,0,nonexistent,no
3197,27,blue-collar,single,basic.6y,no,no,no,cellular,jul,tue,1508.0,1,999,0,nonexistent,yes
3198,39,technician,married,professional.course,no,no,no,telephone,may,wed,151.0,2,999,0,nonexistent,no
3199,46,entrepreneur,divorced,high.school,no,no,no,telephone,jun,fri,485.0,3,999,0,nonexistent,no
3200,53,admin.,divorced,university.degree,no,yes,no,cellular,aug,fri,61.0,2,999,0,nonexistent,no
3201,39,blue-collar,married,basic.6y,no,yes,no,telephone,jun,tue,108.0,1,999,0,nonexistent,no
3202,57,retired,married,basic.4y,unknown,no,yes,telephone,jun,mon,302.0,1,999,0,nonexistent,no
3203,38,services,married,high.school,no,yes,no,cellular,apr,wed,484.0,2,999,0,nonexistent,no
3204,59,technician,married,unknown,no,no,no,telephone,may,fri,464.0,2,999,0,nonexistent,no
3205,40,entrepreneur,married,professional.course,unknown,no,no,telephone,jun,mon,66.0,6,999,0,nonexistent,no
3206,78,retired,divorced,basic.4y,no,yes,no,cellular,nov,fri,182.0,2,3,1,success,yes
3207,31,services,married,high.school,no,no,no,telephone,may,wed,636.0,6,999,0,nonexistent,no
3208,35,services,married,high.school,no,no,no,telephone,may,thu,86.0,4,999,0,nonexistent,no
3209,47,management,married,university.degree,no,no,no,cellular,jun,mon,210.0,1,999,0,nonexistent,no
3210,42,blue-collar,married,high.school,no,yes,no,cellular,apr,mon,360.0,1,999,0,nonexistent,no
3211,47,retired,married,basic.4y,no,unknown,unknown,telephone,nov,mon,70.0,1,999,0,nonexistent,no
3212,33,services,married,professional.course,no,yes,yes,cellular,aug,thu,331.0,1,999,0,nonexistent,no
3213,51,unemployed,married,professional.course,unknown,yes,yes,cellular,jul,thu,901.0,1,999,0,nonexistent,yes
3214,32,admin.,single,university.degree,unknown,yes,no,cellular,aug,wed,459.0,3,999,0,nonexistent,no
3215,40,technician,single,professional.course,no,no,no,cellular,aug,wed,113.0,2,999,0,nonexistent,no
3216,35,technician,married,university.degree,no,no,no,cellular,apr,thu,270.0,2,999,0,nonexistent,yes
3217,51,admin.,divorced,professional.course,no,yes,no,cellular,jul,tue,408.0,4,999,0,nonexistent,no
3218,24,technician,single,professional.course,no,yes,no,telephone,mar,thu,165.0,3,999,0,nonexistent,no
3219,32,blue-collar,single,university.degree,no,no,no,cellular,nov,mon,242.0,2,999,0,nonexistent,no
3220,55,admin.,divorced,university.degree,no,yes,no,cellular,apr,wed,952.0,1,999,0,nonexistent,yes
3221,35,services,single,high.school,unknown,no,no,cellular,jul,tue,65.0,1,999,0,nonexistent,no
3222,38,admin.,married,high.school,unknown,no,no,telephone,may,mon,165.0,2,999,0,nonexistent,no
3223,50,unemployed,married,high.school,no,no,yes,telephone,may,wed,38.0,12,999,0,nonexistent,no
3224,40,blue-collar,married,basic.6y,no,yes,no,cellular,may,thu,123.0,1,999,0,nonexistent,no
3225,39,technician,single,high.school,no,no,no,cellular,aug,mon,177.0,3,999,0,nonexistent,no
3226,36,admin.,married,professional.course,no,yes,no,telephone,jun,tue,129.0,1,999,0,nonexistent,no
3227,31,technician,married,professional.course,no,no,no,cellular,aug,thu,87.0,1,999,0,nonexistent,no
3228,42,admin.,divorced,high.school,no,no,no,cellular,apr,thu,380.0,3,999,0,nonexistent,no
3229,33,admin.,single,high.school,no,no,no,cellular,jun,tue,53.0,1,999,1,failure,no
3230,32,admin.,single,university.degree,unknown,yes,yes,cellular,aug,mon,128.0,2,999,0,nonexistent,no
3231,28,blue-collar,single,basic.9y,no,yes,yes,cellular,jul,fri,132.0,5,999,0,nonexistent,no
3232,31,technician,divorced,high.school,no,no,no,cellular,aug,fri,101.0,4,999,0,nonexistent,no
3233,36,technician,divorced,professional.course,no,no,no,telephone,may,wed,446.0,1,999,0,nonexistent,no
3234,26,student,single,basic.9y,no,no,no,telephone,aug,wed,127.0,1,999,0,nonexistent,no
3235,43,admin.,single,university.degree,no,no,no,cellular,may,tue,107.0,1,999,0,nonexistent,no
3236,44,management,married,basic.9y,no,yes,no,cellular,aug,wed,260.0,1,999,0,nonexistent,no
3237,43,technician,single,professional.course,no,no,no,telephone,jul,wed,44.0,2,999,0,nonexistent,no
3238,27,services,single,high.school,no,no,no,cellular,jul,tue,232.0,4,999,0,nonexistent,no
3239,25,blue-collar,married,basic.9y,no,no,no,telephone,may,tue,90.0,1,999,0,nonexistent,no
3240,26,technician,divorced,professional.course,no,no,yes,cellular,jul,tue,500.0,1,999,0,nonexistent,yes
3241,56,entrepreneur,married,university.degree,unknown,yes,no,telephone,may,wed,159.0,2,999,0,nonexistent,no
3242,29,blue-collar,single,basic.9y,no,no,no,cellular,may,wed,364.0,2,999,1,failure,no
3243,30,technician,married,professional.course,no,yes,no,cellular,aug,mon,254.0,4,999,0,nonexistent,no
3244,58,blue-collar,married,basic.4y,unknown,no,no,telephone,jun,fri,326.0,1,999,0,nonexistent,no
3245,47,admin.,married,basic.9y,no,yes,no,cellular,nov,wed,126.0,1,999,0,nonexistent,no
3246,57,retired,married,professional.course,no,yes,no,cellular,aug,wed,156.0,4,999,0,nonexistent,no
3247,34,blue-collar,married,basic.6y,no,no,no,telephone,may,wed,20.0,8,999,0,nonexistent,no
3248,43,blue-collar,married,basic.4y,unknown,yes,no,telephone,may,wed,227.0,1,999,0,nonexistent,no
3249,26,management,single,university.degree,no,yes,yes,cellular,may,thu,161.0,1,999,1,failure,no
3250,32,admin.,single,university.degree,no,yes,no,cellular,aug,thu,65.0,2,999,0,nonexistent,no
3251,47,blue-collar,married,unknown,unknown,yes,no,telephone,may,thu,461.0,1,999,0,nonexistent,no
3252,65,retired,married,professional.course,no,yes,no,cellular,aug,tue,261.0,1,6,3,success,yes
3253,37,services,married,high.school,no,no,no,cellular,aug,tue,249.0,3,999,0,nonexistent,no
3254,29,admin.,single,high.school,no,no,no,cellular,may,fri,138.0,2,999,1,failure,no
3255,43,blue-collar,married,basic.9y,unknown,yes,no,cellular,may,tue,180.0,1,999,0,nonexistent,no
3256,25,entrepreneur,single,university.degree,no,yes,no,cellular,may,thu,415.0,3,999,0,nonexistent,no
3257,51,admin.,married,university.degree,no,yes,no,cellular,jun,mon,281.0,3,10,3,success,yes
3258,39,blue-collar,married,basic.9y,unknown,yes,no,cellular,apr,wed,213.0,4,999,0,nonexistent,no
3259,37,technician,divorced,professional.course,no,yes,no,cellular,apr,thu,464.0,1,999,0,nonexistent,no
3260,34,blue-collar,married,basic.9y,no,yes,no,cellular,may,mon,178.0,1,999,0,nonexistent,no
3261,29,blue-collar,single,high.school,no,yes,no,cellular,jul,fri,90.0,1,999,0,nonexistent,no
3262,52,admin.,single,unknown,unknown,no,no,cellular,may,wed,321.0,1,999,0,nonexistent,no
3263,44,services,married,high.school,no,yes,no,cellular,may,mon,144.0,3,999,0,nonexistent,no
3264,35,services,divorced,high.school,no,no,yes,telephone,may,wed,176.0,2,999,0,nonexistent,no
3265,36,blue-collar,married,unknown,unknown,yes,yes,telephone,may,wed,161.0,3,999,0,nonexistent,no
3266,31,management,married,university.degree,no,no,no,cellular,aug,fri,58.0,3,999,0,nonexistent,no
3267,32,blue-collar,married,professional.course,no,yes,no,cellular,may,fri,160.0,2,999,0,nonexistent,no
3268,25,blue-collar,married,basic.6y,unknown,no,no,cellular,jul,thu,201.0,3,999,0,nonexistent,no
3269,35,unknown,single,basic.4y,unknown,no,no,telephone,may,thu,82.0,1,999,0,nonexistent,no
3270,48,admin.,divorced,university.degree,no,no,no,telephone,may,tue,355.0,5,999,1,failure,no
3271,29,admin.,single,basic.9y,unknown,no,no,cellular,may,thu,460.0,2,999,0,nonexistent,yes
3272,32,admin.,single,university.degree,no,no,no,cellular,aug,wed,352.0,2,999,0,nonexistent,no
3273,37,unemployed,single,university.degree,no,yes,no,cellular,nov,thu,145.0,1,999,0,nonexistent,no
3274,37,admin.,single,university.degree,no,yes,no,cellular,nov,wed,250.0,1,999,0,nonexistent,no
3275,46,admin.,divorced,university.degree,unknown,no,no,telephone,may,tue,245.0,1,999,0,nonexistent,no
3276,40,admin.,married,university.degree,no,no,no,telephone,nov,mon,52.0,1,999,0,nonexistent,no
3277,34,management,married,university.degree,no,yes,no,cellular,nov,wed,96.0,1,999,0,nonexistent,no
3278,46,housemaid,married,basic.4y,no,no,yes,telephone,may,tue,149.0,1,999,0,nonexistent,no
3279,31,technician,single,professional.course,no,no,no,cellular,may,wed,546.0,3,999,0,nonexistent,yes
3280,35,admin.,married,high.school,unknown,no,no,cellular,jul,fri,114.0,1,999,0,nonexistent,no
3281,29,self-employed,married,university.degree,no,no,no,telephone,may,thu,116.0,1,999,0,nonexistent,no
3282,55,blue-collar,married,basic.4y,unknown,yes,no,cellular,jul,mon,108.0,1,999,0,nonexistent,no
3283,56,blue-collar,married,unknown,unknown,yes,yes,cellular,jul,mon,210.0,1,999,0,nonexistent,no
3284,53,services,divorced,university.degree,no,yes,yes,cellular,nov,tue,105.0,1,999,0,nonexistent,no
3285,32,services,single,basic.6y,no,no,no,telephone,may,fri,361.0,1,999,0,nonexistent,no
3286,31,admin.,single,university.degree,no,yes,no,cellular,aug,thu,202.0,2,999,0,nonexistent,no
3287,37,unemployed,married,university.degree,no,yes,no,cellular,oct,thu,249.0,2,999,1,failure,yes
3288,61,retired,divorced,university.degree,no,no,no,cellular,apr,thu,949.0,2,999,0,nonexistent,yes
3289,39,admin.,divorced,high.school,no,yes,yes,cellular,apr,thu,433.0,2,999,0,nonexistent,no
3290,29,blue-collar,married,basic.4y,unknown,yes,no,telephone,jun,mon,166.0,1,999,0,nonexistent,no
3291,34,blue-collar,married,basic.9y,unknown,yes,yes,telephone,may,mon,100.0,3,999,0,nonexistent,no
3292,57,services,divorced,high.school,unknown,no,no,cellular,aug,wed,71.0,1,999,0,nonexistent,no
3293,29,technician,married,university.degree,no,yes,no,telephone,may,mon,90.0,4,999,0,nonexistent,no
3294,38,blue-collar,married,basic.9y,no,yes,no,cellular,apr,fri,612.0,1,999,1,failure,no
3295,21,student,single,unknown,no,no,no,telephone,jul,thu,250.0,1,12,1,success,yes
3296,37,entrepreneur,divorced,university.degree,no,yes,no,cellular,may,thu,294.0,2,999,1,failure,no
3297,35,housemaid,married,high.school,no,yes,no,telephone,may,fri,82.0,7,999,0,nonexistent,no
3298,34,blue-collar,married,basic.9y,unknown,yes,no,cellular,jul,fri,913.0,4,999,0,nonexistent,yes
3299,72,admin.,married,university.degree,no,yes,no,cellular,jun,mon,134.0,1,999,0,nonexistent,no
3300,38,blue-collar,married,basic.6y,no,unknown,unknown,cellular,jul,thu,226.0,1,999,0,nonexistent,no
3301,36,admin.,married,professional.course,no,yes,yes,cellular,aug,fri,153.0,4,999,0,nonexistent,no
3302,34,services,married,high.school,unknown,no,no,telephone,may,tue,198.0,2,999,0,nonexistent,no
3303,56,retired,divorced,high.school,no,yes,no,telephone,jul,fri,9.0,1,999,0,nonexistent,no
3304,35,blue-collar,married,basic.9y,unknown,yes,yes,telephone,jun,thu,122.0,6,999,0,nonexistent,no
3305,52,technician,married,professional.course,no,yes,no,cellular,nov,fri,64.0,1,999,1,failure,no
3306,46,housemaid,married,high.school,no,yes,no,cellular,aug,fri,258.0,1,999,0,nonexistent,no
3307,59,technician,married,unknown,unknown,unknown,unknown,telephone,jun,thu,247.0,2,999,0,nonexistent,no
3308,32,admin.,single,university.degree,no,yes,no,cellular,aug,tue,202.0,1,999,0,nonexistent,no
3309,36,technician,married,university.degree,no,no,no,telephone,may,wed,146.0,2,999,0,nonexistent,no
3310,47,services,married,high.school,unknown,yes,no,telephone,jun,fri,177.0,3,999,0,nonexistent,no
3311,38,services,married,high.school,no,yes,no,telephone,may,mon,347.0,3,999,0,nonexistent,no
3312,39,admin.,married,university.degree,no,no,no,telephone,may,mon,744.0,6,999,0,nonexistent,yes
3313,29,admin.,single,high.school,no,no,no,cellular,may,fri,167.0,4,999,0,nonexistent,no
3314,35,technician,married,professional.course,no,no,no,cellular,aug,tue,441.0,1,999,0,nonexistent,yes
3315,34,blue-collar,married,basic.9y,no,yes,no,telephone,may,mon,513.0,1,999,0,nonexistent,no
3316,26,student,single,high.school,no,no,no,cellular,may,mon,123.0,1,999,0,nonexistent,no
3317,49,entrepreneur,married,professional.course,unknown,no,no,cellular,nov,tue,132.0,3,999,0,nonexistent,no
3318,30,blue-collar,married,basic.9y,no,yes,no,telephone,may,fri,79.0,4,999,0,nonexistent,no
3319,36,technician,divorced,professional.course,no,yes,no,cellular,may,thu,135.0,2,999,0,nonexistent,no
3320,28,self-employed,single,basic.9y,no,no,no,telephone,may,mon,174.0,2,999,0,nonexistent,no
3321,29,admin.,single,high.school,no,yes,no,telephone,may,thu,36.0,6,999,0,nonexistent,no
3322,62,admin.,married,university.degree,no,yes,yes,cellular,aug,fri,64.0,1,999,0,nonexistent,no
3323,24,admin.,single,high.school,unknown,no,no,telephone,may,tue,748.0,6,999,1,failure,no
3324,32,admin.,single,high.school,unknown,no,yes,cellular,jul,mon,169.0,4,999,0,nonexistent,no
3325,48,admin.,single,university.degree,no,no,no,cellular,jul,tue,196.0,4,999,0,nonexistent,no
3326,50,blue-collar,divorced,basic.9y,no,unknown,unknown,cellular,jul,fri,93.0,2,999,0,nonexistent,no
3327,31,admin.,single,university.degree,no,yes,no,cellular,nov,thu,230.0,1,999,0,nonexistent,no
3328,48,services,married,basic.4y,unknown,no,no,cellular,aug,thu,88.0,1,999,0,nonexistent,no
3329,49,blue-collar,married,basic.4y,unknown,yes,no,telephone,may,thu,282.0,1,999,0,nonexistent,no
3330,47,services,married,high.school,no,yes,no,cellular,aug,mon,140.0,2,999,0,nonexistent,no
3331,51,admin.,married,university.degree,no,yes,yes,cellular,oct,thu,236.0,3,3,1,success,yes
3332,37,services,married,high.school,no,yes,yes,telephone,may,wed,521.0,3,999,0,nonexistent,yes
3333,49,unknown,married,unknown,unknown,yes,no,telephone,may,tue,288.0,1,999,0,nonexistent,no
3334,30,technician,single,university.degree,no,no,no,cellular,aug,thu,110.0,3,999,0,nonexistent,no
3335,43,management,single,university.degree,no,unknown,unknown,cellular,may,thu,274.0,3,999,1,failure,no
3336,51,admin.,divorced,university.degree,no,unknown,unknown,telephone,may,wed,160.0,2,999,0,nonexistent,no
3337,54,technician,married,professional.course,no,yes,no,telephone,may,wed,150.0,3,999,0,nonexistent,no
3338,33,blue-collar,married,basic.6y,no,no,no,telephone,may,thu,112.0,1,999,0,nonexistent,no
3339,35,technician,married,university.degree,no,no,no,cellular,jul,fri,187.0,1,999,0,nonexistent,no
3340,60,retired,married,university.degree,unknown,yes,no,cellular,aug,mon,368.0,2,999,0,nonexistent,no
3341,32,blue-collar,married,high.school,no,no,no,cellular,may,fri,319.0,1,999,1,failure,no
3342,48,admin.,single,university.degree,no,unknown,unknown,cellular,aug,fri,371.0,2,999,0,nonexistent,no
3343,24,student,single,high.school,no,yes,no,cellular,jul,tue,153.0,1,999,0,nonexistent,no
3344,46,admin.,married,basic.9y,unknown,no,no,cellular,may,tue,349.0,2,999,1,failure,no
3345,46,admin.,married,high.school,no,yes,no,telephone,may,tue,723.0,2,999,0,nonexistent,no
3346,48,retired,married,basic.4y,unknown,no,no,cellular,jul,tue,32.0,4,999,0,nonexistent,no
3347,57,admin.,single,high.school,no,unknown,unknown,telephone,may,mon,102.0,7,999,0,nonexistent,no
3348,46,services,married,university.degree,no,no,no,cellular,aug,tue,106.0,1,999,0,nonexistent,no
3349,30,admin.,married,university.degree,no,yes,no,cellular,aug,thu,136.0,1,999,0,nonexistent,no
3350,33,management,married,high.school,no,no,yes,telephone,jun,mon,117.0,1,999,0,nonexistent,no
3351,32,technician,single,professional.course,no,no,no,telephone,jul,fri,566.0,3,999,0,nonexistent,no
3352,24,blue-collar,married,basic.9y,unknown,no,no,telephone,jun,mon,607.0,2,999,0,nonexistent,no
3353,29,technician,single,high.school,no,no,no,telephone,jun,wed,112.0,3,999,0,nonexistent,no
3354,51,blue-collar,married,basic.4y,unknown,no,no,cellular,jul,wed,227.0,1,999,0,nonexistent,no
3355,42,technician,married,university.degree,no,no,no,cellular,jul,wed,130.0,3,999,0,nonexistent,no
3356,30,admin.,single,basic.9y,no,no,no,cellular,may,tue,17.0,1,999,0,nonexistent,no
3357,49,services,divorced,high.school,no,yes,no,cellular,jul,tue,155.0,2,999,0,nonexistent,no
3358,26,admin.,single,basic.9y,unknown,yes,yes,cellular,may,thu,161.0,2,999,0,nonexistent,no
3359,36,blue-collar,single,basic.9y,no,no,no,telephone,jun,tue,145.0,1,999,0,nonexistent,no
3360,46,unknown,married,basic.4y,unknown,yes,no,telephone,jun,thu,110.0,3,999,0,nonexistent,no
3361,34,admin.,single,high.school,no,no,no,cellular,sep,thu,204.0,1,12,1,success,yes
3362,50,entrepreneur,married,university.degree,no,yes,no,cellular,nov,wed,185.0,2,999,1,failure,no
3363,49,services,divorced,basic.6y,unknown,no,no,telephone,jul,fri,744.0,4,999,0,nonexistent,no
3364,47,technician,married,university.degree,no,yes,no,cellular,aug,thu,13.0,8,999,0,nonexistent,no
3365,26,technician,single,high.school,no,yes,no,cellular,jul,mon,538.0,1,999,0,nonexistent,no
3366,55,entrepreneur,divorced,university.degree,no,no,yes,telephone,jul,tue,119.0,7,999,0,nonexistent,no
3367,31,blue-collar,single,high.school,no,yes,no,cellular,may,wed,291.0,1,999,0,nonexistent,no
3368,30,blue-collar,single,high.school,no,unknown,unknown,cellular,nov,mon,235.0,5,999,0,nonexistent,yes
3369,30,services,single,high.school,no,yes,yes,cellular,may,mon,405.0,1,999,2,failure,no
3370,30,admin.,married,university.degree,no,no,no,cellular,may,tue,285.0,3,999,1,failure,no
3371,36,admin.,single,high.school,no,yes,no,telephone,may,thu,193.0,6,999,0,nonexistent,no
3372,25,admin.,single,university.degree,no,no,yes,cellular,apr,mon,120.0,1,999,0,nonexistent,yes
3373,33,management,single,unknown,no,yes,no,telephone,may,wed,371.0,2,999,0,nonexistent,no
3374,33,admin.,married,high.school,no,yes,no,telephone,may,thu,764.0,2,999,0,nonexistent,no
3375,45,blue-collar,married,basic.9y,no,no,yes,telephone,jun,fri,124.0,1,999,0,nonexistent,no
3376,41,technician,married,high.school,no,no,no,telephone,may,fri,257.0,6,999,0,nonexistent,no
3377,60,admin.,divorced,high.school,unknown,yes,no,cellular,may,fri,99.0,1,999,1,failure,no
3378,49,blue-collar,married,basic.6y,no,yes,no,cellular,aug,tue,195.0,4,999,0,nonexistent,no
3379,25,blue-collar,single,basic.4y,no,yes,no,telephone,may,fri,247.0,1,999,0,nonexistent,no
3380,44,admin.,married,basic.9y,unknown,yes,yes,cellular,aug,tue,86.0,5,999,0,nonexistent,no
3381,29,admin.,married,high.school,no,yes,no,telephone,may,mon,27.0,10,999,0,nonexistent,no
3382,32,technician,single,professional.course,no,yes,yes,cellular,aug,wed,952.0,1,999,0,nonexistent,yes
3383,28,admin.,single,high.school,no,yes,no,telephone,may,tue,42.0,3,999,0,nonexistent,no
3384,30,blue-collar,married,basic.9y,no,yes,no,cellular,jul,thu,58.0,1,999,0,nonexistent,no
3385,44,blue-collar,married,basic.6y,no,no,no,cellular,nov,wed,312.0,3,999,0,nonexistent,no
3386,39,blue-collar,married,basic.6y,no,no,no,telephone,may,wed,413.0,2,999,0,nonexistent,no
3387,35,admin.,single,basic.9y,no,yes,no,cellular,jul,fri,431.0,3,999,0,nonexistent,no
3388,46,technician,married,university.degree,no,yes,no,cellular,may,mon,231.0,1,999,1,failure,no
3389,40,blue-collar,divorced,basic.9y,no,yes,no,cellular,nov,fri,1182.0,1,999,0,nonexistent,no
3390,69,retired,married,basic.4y,no,yes,yes,cellular,oct,fri,257.0,3,999,0,nonexistent,yes
3391,42,services,divorced,basic.6y,no,no,no,telephone,jun,mon,71.0,2,999,0,nonexistent,no
3392,28,blue-collar,single,basic.6y,no,no,no,telephone,jul,tue,117.0,1,999,0,nonexistent,no
3393,37,admin.,married,university.degree,no,yes,no,cellular,aug,thu,54.0,5,999,0,nonexistent,no
3394,25,admin.,divorced,university.degree,no,no,no,cellular,jun,mon,143.0,2,999,0,nonexistent,no
3395,46,admin.,married,basic.9y,unknown,yes,no,telephone,jun,wed,16.0,14,999,0,nonexistent,no
3396,27,entrepreneur,divorced,university.degree,unknown,no,no,telephone,may,thu,9.0,5,999,1,failure,no
3397,30,blue-collar,single,basic.4y,no,no,no,telephone,jun,mon,187.0,9,999,0,nonexistent,no
3398,29,self-employed,single,university.degree,no,no,no,telephone,jun,mon,221.0,10,999,0,nonexistent,no
3399,52,unemployed,married,university.degree,no,no,no,cellular,nov,fri,115.0,1,999,1,failure,no
3400,37,blue-collar,married,professional.course,unknown,no,no,telephone,may,tue,128.0,2,999,0,nonexistent,no
3401,59,self-employed,married,professional.course,no,unknown,unknown,cellular,apr,mon,69.0,3,999,0,nonexistent,no
3402,35,management,married,high.school,no,yes,no,cellular,aug,thu,448.0,3,999,0,nonexistent,no
3403,25,admin.,married,high.school,no,no,yes,cellular,jul,mon,64.0,1,999,0,nonexistent,no
3404,55,retired,divorced,professional.course,no,no,no,telephone,jun,thu,416.0,3,999,0,nonexistent,no
3405,36,blue-collar,married,basic.6y,no,yes,no,cellular,nov,wed,800.0,6,999,0,nonexistent,no
3406,45,blue-collar,married,basic.9y,no,no,no,cellular,nov,thu,73.0,1,999,0,nonexistent,no
3407,30,technician,single,professional.course,no,yes,no,cellular,aug,fri,126.0,1,999,0,nonexistent,no
3408,31,admin.,divorced,university.degree,no,yes,yes,cellular,mar,mon,174.0,2,999,1,failure,yes
3409,52,services,married,high.school,unknown,yes,no,cellular,may,mon,930.0,1,999,0,nonexistent,yes
3410,34,technician,married,professional.course,no,no,no,cellular,aug,mon,123.0,1,999,0,nonexistent,no
3411,29,admin.,single,high.school,no,yes,no,cellular,aug,thu,788.0,3,999,0,nonexistent,yes
3412,33,technician,single,high.school,no,yes,yes,cellular,aug,mon,102.0,2,999,0,nonexistent,no
3413,42,housemaid,married,high.school,no,yes,no,cellular,aug,tue,176.0,1,999,0,nonexistent,no
3414,70,retired,married,unknown,no,yes,no,cellular,apr,thu,346.0,2,999,0,nonexistent,yes
3415,35,blue-collar,married,basic.9y,no,no,no,telephone,jun,fri,311.0,3,999,0,nonexistent,no
3416,54,unemployed,married,high.school,unknown,yes,no,cellular,jul,fri,83.0,2,999,0,nonexistent,no
3417,33,admin.,single,high.school,no,yes,no,cellular,nov,wed,222.0,1,999,0,nonexistent,no
3418,40,technician,married,professional.course,unknown,no,no,telephone,jun,mon,21.0,1,999,0,nonexistent,no
3419,41,technician,divorced,basic.4y,no,yes,no,telephone,may,tue,270.0,1,999,0,nonexistent,no
3420,40,housemaid,single,university.degree,no,no,no,telephone,may,thu,71.0,2,999,0,nonexistent,no
3421,50,blue-collar,married,basic.9y,no,yes,yes,cellular,nov,fri,5.0,7,999,0,nonexistent,no
3422,56,blue-collar,married,basic.4y,no,no,no,telephone,jun,fri,11.0,5,999,0,nonexistent,no
3423,31,technician,married,university.degree,no,yes,no,cellular,aug,thu,515.0,1,999,0,nonexistent,no
3424,46,services,married,high.school,no,yes,no,cellular,jul,wed,194.0,1,999,0,nonexistent,no
3425,58,retired,married,basic.4y,unknown,no,no,telephone,may,mon,159.0,3,999,0,nonexistent,no
3426,36,admin.,single,university.degree,no,no,yes,telephone,may,tue,138.0,1,999,0,nonexistent,no
3427,49,blue-collar,married,basic.4y,unknown,yes,no,cellular,jul,wed,495.0,1,999,0,nonexistent,no
3428,30,blue-collar,married,basic.9y,no,yes,no,cellular,jul,mon,214.0,3,999,0,nonexistent,no
3429,38,technician,single,professional.course,no,yes,no,telephone,may,tue,94.0,2,999,0,nonexistent,no
3430,37,technician,single,professional.course,no,yes,no,telephone,may,fri,391.0,1,999,0,nonexistent,no
3431,25,technician,single,high.school,no,no,no,cellular,jul,thu,27.0,16,999,0,nonexistent,no
3432,46,technician,married,professional.course,no,yes,no,telephone,nov,tue,103.0,2,999,0,nonexistent,no
3433,30,admin.,single,university.degree,no,yes,no,cellular,aug,wed,237.0,2,999,0,nonexistent,no
3434,40,unemployed,single,basic.4y,no,no,no,cellular,jun,tue,459.0,2,999,0,nonexistent,no
3435,50,self-employed,married,basic.4y,unknown,no,no,telephone,may,thu,23.0,1,999,0,nonexistent,no
3436,43,admin.,married,high.school,no,no,no,telephone,may,tue,132.0,6,999,0,nonexistent,no
3437,48,blue-collar,married,basic.4y,no,yes,no,cellular,aug,fri,669.0,6,999,0,nonexistent,no
3438,36,self-employed,single,university.degree,no,no,yes,cellular,apr,tue,104.0,2,999,0,nonexistent,no
3439,58,admin.,married,high.school,no,no,yes,telephone,may,wed,152.0,2,999,0,nonexistent,no
3440,45,admin.,married,high.school,no,no,no,telephone,may,wed,272.0,2,999,0,nonexistent,no
3441,56,management,married,university.degree,no,no,no,telephone,jun,thu,403.0,5,999,0,nonexistent,no
3442,41,entrepreneur,married,university.degree,unknown,yes,no,telephone,may,thu,126.0,1,999,0,nonexistent,no
3443,33,admin.,married,university.degree,no,yes,no,cellular,aug,thu,59.0,1,999,0,nonexistent,no
3444,21,admin.,single,high.school,no,no,no,cellular,jun,mon,173.0,1,999,0,nonexistent,yes
3445,45,blue-collar,divorced,basic.9y,no,yes,no,telephone,jun,thu,542.0,3,999,0,nonexistent,no
3446,52,housemaid,married,basic.4y,unknown,no,no,cellular,aug,mon,585.0,2,999,0,nonexistent,no
3447,32,admin.,single,university.degree,no,yes,no,cellular,aug,mon,255.0,2,999,0,nonexistent,no
3448,44,blue-collar,married,basic.4y,no,yes,no,telephone,may,wed,786.0,1,999,0,nonexistent,yes
3449,30,admin.,single,high.school,no,no,yes,cellular,jul,wed,233.0,3,999,0,nonexistent,no
3450,34,admin.,married,university.degree,no,no,no,cellular,jul,wed,781.0,2,999,0,nonexistent,yes
3451,42,blue-collar,divorced,basic.4y,no,no,no,telephone,may,wed,93.0,1,999,0,nonexistent,no
3452,32,technician,single,university.degree,no,no,no,cellular,apr,wed,59.0,3,999,0,nonexistent,no
3453,41,blue-collar,single,basic.9y,no,no,no,cellular,nov,thu,120.0,4,999,1,failure,no
3454,37,technician,married,professional.course,no,yes,no,telephone,may,thu,238.0,3,999,0,nonexistent,no
3455,24,blue-collar,single,basic.9y,no,no,no,cellular,oct,mon,485.0,1,6,1,success,no
3456,27,self-employed,married,professional.course,no,no,no,telephone,nov,wed,669.0,1,999,0,nonexistent,yes
3457,54,self-employed,married,high.school,no,yes,no,cellular,aug,thu,136.0,3,999,0,nonexistent,no
3458,47,blue-collar,married,basic.4y,unknown,yes,yes,cellular,jul,mon,140.0,4,999,0,nonexistent,no
3459,29,housemaid,single,university.degree,no,no,no,cellular,nov,mon,257.0,1,999,0,nonexistent,no
3460,38,blue-collar,married,basic.9y,no,yes,no,telephone,nov,thu,733.0,1,999,0,nonexistent,no
3461,44,management,married,university.degree,no,yes,no,telephone,may,tue,143.0,1,999,0,nonexistent,no
3462,45,admin.,single,professional.course,no,yes,no,cellular,jul,wed,77.0,1,999,0,nonexistent,no
3463,41,admin.,married,high.school,no,yes,yes,cellular,may,mon,217.0,1,999,0,nonexistent,no
3464,28,admin.,married,high.school,no,unknown,unknown,telephone,may,mon,367.0,4,999,0,nonexistent,no
3465,26,blue-collar,single,high.school,no,no,no,cellular,jul,mon,124.0,3,999,0,nonexistent,no
3466,32,admin.,single,university.degree,no,no,no,telephone,may,fri,588.0,3,999,0,nonexistent,yes
3467,40,admin.,single,unknown,unknown,yes,no,telephone,may,thu,177.0,1,999,0,nonexistent,no
3468,52,self-employed,married,professional.course,unknown,no,yes,telephone,jun,wed,56.0,1,999,0,nonexistent,no
3469,36,admin.,married,basic.9y,no,yes,no,telephone,jun,thu,622.0,4,999,0,nonexistent,no
3470,31,technician,single,unknown,no,no,no,telephone,jun,wed,46.0,1,999,0,nonexistent,no
3471,29,admin.,married,high.school,no,no,no,cellular,jul,thu,48.0,7,999,0,nonexistent,no
3472,47,blue-collar,married,basic.4y,unknown,no,no,cellular,may,thu,14.0,3,999,0,nonexistent,no
3473,40,admin.,single,high.school,no,yes,no,telephone,nov,thu,119.0,2,999,0,nonexistent,no
3474,31,blue-collar,married,basic.9y,no,no,no,telephone,may,tue,204.0,1,999,0,nonexistent,no
3475,31,services,married,high.school,no,yes,no,cellular,may,wed,611.0,1,999,1,failure,yes
3476,32,admin.,divorced,university.degree,no,no,no,cellular,aug,fri,63.0,1,999,0,nonexistent,no
3477,45,services,married,high.school,no,no,no,cellular,may,mon,166.0,2,999,1,failure,no
3478,34,technician,married,university.degree,no,no,no,telephone,may,tue,116.0,2,999,0,nonexistent,no
3479,36,admin.,married,basic.6y,no,no,no,telephone,may,thu,114.0,1,999,0,nonexistent,no
3480,34,blue-collar,married,basic.6y,no,yes,no,cellular,may,tue,137.0,1,999,0,nonexistent,no
3481,41,management,married,high.school,no,no,no,telephone,may,thu,77.0,1,999,0,nonexistent,no
3482,37,admin.,married,university.degree,no,yes,no,cellular,aug,tue,148.0,1,999,2,failure,yes
3483,26,technician,single,high.school,no,yes,no,telephone,may,mon,252.0,1,999,0,nonexistent,no
3484,35,services,married,high.school,no,yes,no,telephone,may,mon,88.0,5,999,0,nonexistent,no
3485,49,blue-collar,divorced,basic.9y,no,no,no,cellular,nov,wed,277.0,1,999,0,nonexistent,no
3486,59,retired,married,professional.course,no,no,no,cellular,nov,thu,117.0,1,999,0,nonexistent,no
3487,29,admin.,single,basic.9y,no,yes,no,cellular,may,mon,258.0,4,999,1,failure,no
3488,52,technician,married,professional.course,no,no,no,cellular,jul,thu,71.0,1,999,0,nonexistent,no
3489,29,admin.,single,university.degree,no,no,yes,cellular,aug,mon,146.0,2,999,0,nonexistent,no
3490,37,management,married,university.degree,no,yes,no,telephone,may,tue,211.0,1,999,0,nonexistent,no
3491,33,admin.,married,high.school,no,no,no,cellular,nov,thu,133.0,4,999,0,nonexistent,no
3492,42,technician,married,professional.course,no,no,no,cellular,aug,mon,271.0,4,999,0,nonexistent,no
3493,54,admin.,divorced,university.degree,no,no,no,cellular,aug,fri,86.0,2,999,0,nonexistent,no
3494,40,blue-collar,married,basic.9y,no,yes,no,telephone,may,fri,76.0,2,999,0,nonexistent,no
3495,24,management,married,basic.9y,no,no,no,telephone,jul,wed,127.0,11,999,0,nonexistent,no
3496,23,admin.,single,professional.course,no,no,no,cellular,may,fri,564.0,3,999,0,nonexistent,no
3497,53,services,married,basic.6y,no,no,no,cellular,may,fri,101.0,1,999,1,failure,no
3498,44,blue-collar,single,high.school,unknown,no,no,telephone,jul,mon,193.0,2,999,0,nonexistent,no
3499,38,technician,married,professional.course,no,yes,yes,cellular,mar,thu,63.0,2,999,0,nonexistent,yes
3500,58,entrepreneur,married,basic.4y,no,no,no,telephone,jun,thu,147.0,1,999,0,nonexistent,no
3501,36,entrepreneur,married,university.degree,no,no,no,cellular,jul,wed,187.0,4,999,0,nonexistent,no
3502,38,admin.,married,high.school,no,yes,no,cellular,may,fri,6.0,5,999,1,failure,no
3503,34,technician,single,university.degree,no,yes,no,cellular,nov,tue,82.0,1,999,1,failure,no
3504,54,blue-collar,married,high.school,no,yes,yes,cellular,may,wed,184.0,1,999,0,nonexistent,no
3505,51,admin.,divorced,university.degree,unknown,unknown,unknown,cellular,jul,mon,178.0,4,999,0,nonexistent,no
3506,41,blue-collar,married,unknown,no,no,yes,cellular,jul,tue,161.0,1,999,0,nonexistent,no
3507,27,admin.,single,university.degree,no,no,no,cellular,jun,fri,398.0,2,999,0,nonexistent,no
3508,53,admin.,married,university.degree,no,yes,no,cellular,aug,mon,81.0,1,999,2,failure,no
3509,36,technician,single,university.degree,no,yes,no,cellular,jun,mon,287.0,1,999,0,nonexistent,yes
3510,39,blue-collar,married,basic.9y,no,yes,yes,telephone,jul,fri,99.0,5,999,0,nonexistent,no
3511,36,blue-collar,married,basic.9y,no,no,no,cellular,nov,thu,768.0,3,999,0,nonexistent,yes
3512,38,admin.,divorced,university.degree,no,no,no,cellular,aug,wed,145.0,3,999,0,nonexistent,no
3513,53,blue-collar,married,unknown,no,no,yes,cellular,jul,thu,821.0,1,999,0,nonexistent,no
3514,46,management,married,university.degree,unknown,no,no,cellular,apr,fri,79.0,1,999,0,nonexistent,no
3515,36,technician,married,professional.course,unknown,yes,no,telephone,may,wed,260.0,2,999,0,nonexistent,no
3516,37,blue-collar,married,basic.9y,no,no,no,cellular,aug,mon,213.0,1,999,0,nonexistent,yes
3517,33,technician,single,unknown,no,no,no,cellular,nov,wed,313.0,1,999,0,nonexistent,no
3518,40,services,single,high.school,no,yes,no,cellular,apr,thu,91.0,2,999,1,failure,no
3519,36,blue-collar,single,basic.9y,no,no,no,telephone,may,fri,522.0,1,999,0,nonexistent,no
3520,38,blue-collar,married,professional.course,no,no,no,telephone,may,mon,393.0,1,999,0,nonexistent,no
3521,40,technician,married,professional.course,no,yes,no,cellular,aug,wed,609.0,8,999,0,nonexistent,yes
3522,29,admin.,single,high.school,no,no,no,telephone,may,tue,110.0,2,999,0,nonexistent,no
3523,34,technician,divorced,professional.course,no,yes,no,cellular,apr,fri,172.0,1,999,0,nonexistent,no
3524,33,admin.,married,university.degree,no,yes,yes,cellular,nov,wed,54.0,7,999,0,nonexistent,no
3525,46,admin.,divorced,basic.9y,unknown,no,no,telephone,may,wed,423.0,1,999,0,nonexistent,no
3526,33,admin.,divorced,university.degree,no,no,no,cellular,aug,thu,49.0,1,999,0,nonexistent,no
3527,54,management,divorced,university.degree,no,yes,no,telephone,may,tue,62.0,3,999,0,nonexistent,no
3528,58,admin.,single,university.degree,no,no,no,cellular,aug,wed,113.0,5,999,0,nonexistent,no
3529,31,blue-collar,married,basic.9y,no,yes,no,telephone,jun,thu,278.0,2,999,0,nonexistent,no
3530,37,admin.,married,high.school,no,no,no,telephone,may,tue,185.0,1,999,0,nonexistent,no
3531,34,services,married,professional.course,no,yes,no,cellular,aug,tue,126.0,2,999,0,nonexistent,no
3532,25,unemployed,single,university.degree,no,yes,no,cellular,apr,thu,260.0,2,999,0,nonexistent,yes
3533,42,services,married,high.school,unknown,no,yes,telephone,jul,wed,198.0,1,999,0,nonexistent,no
3534,35,blue-collar,married,professional.course,no,yes,yes,telephone,may,fri,710.0,1,999,0,nonexistent,yes
3535,24,admin.,single,high.school,no,yes,yes,cellular,jul,wed,100.0,3,999,0,nonexistent,no
3536,53,admin.,divorced,high.school,no,yes,no,cellular,aug,tue,159.0,2,3,1,success,no
3537,39,blue-collar,married,basic.6y,no,no,no,cellular,jul,thu,298.0,1,999,0,nonexistent,no
3538,32,services,married,high.school,no,yes,no,cellular,nov,tue,105.0,1,999,1,failure,no
3539,40,admin.,married,high.school,no,yes,no,telephone,aug,thu,173.0,6,999,1,failure,no
3540,28,unemployed,single,high.school,no,no,yes,cellular,may,tue,58.0,1,3,1,success,no
3541,46,blue-collar,married,basic.9y,no,no,no,telephone,jun,wed,91.0,2,999,0,nonexistent,no
3542,40,admin.,divorced,university.degree,no,no,no,cellular,nov,tue,88.0,2,999,2,failure,no
3543,34,technician,divorced,professional.course,no,yes,no,cellular,nov,tue,83.0,2,999,1,failure,no
3544,32,blue-collar,married,basic.4y,unknown,no,yes,telephone,jul,wed,990.0,1,999,0,nonexistent,yes
3545,47,housemaid,married,basic.9y,no,yes,no,cellular,dec,thu,155.0,1,999,1,failure,no
3546,53,blue-collar,married,basic.9y,no,no,no,cellular,nov,fri,395.0,2,999,0,nonexistent,no
3547,19,student,single,unknown,no,unknown,unknown,cellular,apr,mon,213.0,3,999,0,nonexistent,yes
3548,26,unemployed,single,high.school,no,yes,no,telephone,jun,thu,22.0,1,999,0,nonexistent,no
3549,34,services,married,basic.9y,unknown,no,no,cellular,jul,mon,112.0,1,999,0,nonexistent,no
3550,26,self-employed,married,university.degree,no,yes,no,cellular,jul,tue,146.0,2,999,0,nonexistent,no
3551,43,blue-collar,married,basic.9y,no,no,no,cellular,jul,fri,377.0,1,999,0,nonexistent,no
3552,34,admin.,married,university.degree,no,yes,yes,telephone,jun,tue,72.0,1,999,0,nonexistent,no
3553,45,technician,married,university.degree,unknown,no,yes,telephone,jun,tue,1336.0,4,999,0,nonexistent,yes
3554,76,retired,married,university.degree,no,no,no,cellular,aug,thu,126.0,1,999,1,failure,no
3555,38,admin.,married,university.degree,no,yes,yes,cellular,aug,mon,153.0,3,999,0,nonexistent,no
3556,49,housemaid,married,basic.4y,unknown,yes,no,cellular,aug,wed,311.0,1,999,0,nonexistent,no
3557,42,management,married,university.degree,no,no,no,cellular,nov,thu,316.0,1,999,0,nonexistent,no
3558,31,admin.,married,university.degree,no,yes,no,cellular,aug,thu,113.0,1,999,0,nonexistent,no
3559,36,blue-collar,married,basic.9y,no,no,no,telephone,may,thu,294.0,2,999,0,nonexistent,no
3560,50,blue-collar,divorced,basic.4y,no,yes,no,cellular,may,tue,703.0,4,999,0,nonexistent,yes
3561,24,services,single,basic.9y,no,yes,no,telephone,jul,wed,108.0,2,999,0,nonexistent,no
3562,36,management,divorced,high.school,no,no,yes,cellular,nov,wed,709.0,2,999,0,nonexistent,yes
3563,34,admin.,single,university.degree,no,no,yes,cellular,aug,fri,78.0,3,999,0,nonexistent,no
3564,30,technician,single,university.degree,unknown,yes,no,cellular,aug,wed,60.0,1,999,0,nonexistent,no
3565,35,admin.,married,high.school,no,yes,no,cellular,nov,thu,125.0,2,999,0,nonexistent,no
3566,39,technician,single,professional.course,no,no,no,cellular,may,wed,940.0,3,999,0,nonexistent,no
3567,43,blue-collar,married,basic.6y,no,no,no,cellular,apr,wed,623.0,2,999,2,failure,no
3568,42,admin.,married,professional.course,unknown,no,yes,cellular,aug,thu,36.0,1,999,0,nonexistent,no
3569,32,blue-collar,single,high.school,no,no,no,telephone,jul,tue,480.0,8,999,0,nonexistent,no
3570,39,admin.,married,university.degree,no,no,no,cellular,nov,tue,108.0,1,999,0,nonexistent,no
3571,24,student,single,high.school,no,yes,no,cellular,jun,thu,530.0,1,999,0,nonexistent,no
3572,30,blue-collar,married,basic.4y,no,yes,no,telephone,may,tue,170.0,1,999,0,nonexistent,no
3573,31,blue-collar,married,basic.9y,no,yes,no,cellular,jul,mon,250.0,5,999,0,nonexistent,no
3574,52,blue-collar,married,basic.4y,no,yes,no,cellular,jul,thu,92.0,1,999,0,nonexistent,no
3575,36,management,married,university.degree,no,no,no,cellular,aug,tue,231.0,2,999,0,nonexistent,no
3576,26,services,single,university.degree,no,yes,no,telephone,may,tue,139.0,4,999,0,nonexistent,no
3577,40,blue-collar,married,basic.9y,no,no,no,telephone,jun,fri,46.0,4,999,0,nonexistent,no
3578,50,unemployed,unknown,university.degree,no,no,no,cellular,mar,fri,166.0,2,999,0,nonexistent,no
3579,50,entrepreneur,married,university.degree,no,yes,no,cellular,jul,mon,1165.0,2,999,0,nonexistent,no
3580,31,admin.,single,university.degree,no,yes,no,cellular,apr,thu,87.0,1,999,0,nonexistent,no
3581,53,services,married,high.school,unknown,yes,no,telephone,may,mon,107.0,1,999,0,nonexistent,no
3582,29,admin.,single,university.degree,no,yes,no,cellular,jun,mon,154.0,1,999,0,nonexistent,no
3583,37,technician,single,basic.9y,unknown,no,yes,telephone,may,tue,93.0,1,999,0,nonexistent,no
3584,34,entrepreneur,married,high.school,unknown,no,no,cellular,jul,tue,924.0,4,999,0,nonexistent,no
3585,38,technician,married,professional.course,no,no,no,telephone,may,wed,216.0,1,999,0,nonexistent,no
3586,27,blue-collar,divorced,unknown,no,no,no,cellular,jul,thu,193.0,2,999,0,nonexistent,no
3587,44,blue-collar,divorced,basic.4y,no,no,no,cellular,may,wed,154.0,2,999,0,nonexistent,no
3588,41,admin.,married,university.degree,no,yes,no,cellular,sep,mon,97.0,1,999,0,nonexistent,no
3589,52,blue-collar,married,high.school,no,no,no,cellular,aug,fri,161.0,4,999,0,nonexistent,no
3590,39,admin.,married,university.degree,unknown,yes,no,cellular,aug,thu,200.0,1,999,1,failure,no
3591,53,admin.,married,high.school,no,yes,no,telephone,may,tue,520.0,1,999,0,nonexistent,no
3592,53,blue-collar,married,basic.9y,no,yes,no,cellular,aug,tue,241.0,1,999,0,nonexistent,no
3593,26,blue-collar,single,basic.9y,no,yes,no,cellular,jul,thu,275.0,17,999,0,nonexistent,no
3594,36,blue-collar,married,basic.9y,no,no,no,telephone,may,thu,620.0,1,999,0,nonexistent,no
3595,32,blue-collar,single,high.school,no,no,no,cellular,apr,fri,151.0,4,999,1,failure,no
3596,32,blue-collar,divorced,basic.4y,unknown,no,no,telephone,jun,mon,23.0,2,999,0,nonexistent,no
3597,67,retired,married,unknown,no,no,no,cellular,oct,thu,140.0,2,999,0,nonexistent,no
3598,33,blue-collar,single,basic.6y,no,yes,no,cellular,may,tue,22.0,8,999,0,nonexistent,no
3599,35,admin.,single,university.degree,no,no,no,cellular,aug,tue,199.0,2,999,0,nonexistent,no
3600,29,admin.,single,high.school,no,no,no,cellular,jul,tue,195.0,2,3,3,success,yes
3601,33,unemployed,married,university.degree,no,no,no,cellular,aug,fri,115.0,1,999,0,nonexistent,no
3602,56,blue-collar,married,basic.9y,unknown,yes,no,cellular,jul,fri,560.0,1,999,0,nonexistent,no
3603,54,management,married,basic.4y,unknown,yes,no,telephone,may,mon,230.0,1,999,0,nonexistent,no
3604,43,blue-collar,married,basic.4y,unknown,yes,yes,telephone,jun,wed,204.0,1,999,0,nonexistent,no
3605,52,technician,married,professional.course,no,no,no,cellular,aug,thu,126.0,6,999,0,nonexistent,no
3606,35,services,married,high.school,no,yes,no,cellular,apr,thu,412.0,1,5,1,success,yes
3607,43,admin.,married,professional.course,unknown,no,no,cellular,jul,thu,127.0,3,999,0,nonexistent,no
3608,38,student,divorced,unknown,no,yes,no,cellular,may,tue,268.0,3,999,0,nonexistent,no
3609,31,student,single,unknown,unknown,yes,no,telephone,may,thu,267.0,5,999,0,nonexistent,no
3610,34,admin.,married,professional.course,no,no,yes,telephone,mar,thu,364.0,2,999,1,failure,no
3611,41,blue-collar,married,basic.9y,unknown,yes,no,telephone,jun,fri,513.0,3,999,0,nonexistent,no
3612,30,blue-collar,married,basic.9y,no,no,no,cellular,may,wed,129.0,1,999,0,nonexistent,no
3613,41,unemployed,married,basic.9y,unknown,no,no,telephone,may,tue,111.0,2,999,0,nonexistent,no
3614,31,housemaid,married,basic.4y,no,no,no,cellular,aug,fri,172.0,5,999,0,nonexistent,no
3615,29,technician,married,university.degree,no,no,no,cellular,aug,wed,183.0,1,999,0,nonexistent,no
3616,25,student,single,high.school,no,yes,no,cellular,may,mon,432.0,3,999,0,nonexistent,no
3617,32,admin.,married,university.degree,unknown,yes,no,telephone,jun,mon,718.0,3,999,0,nonexistent,no
3618,56,admin.,divorced,unknown,unknown,yes,no,telephone,may,thu,719.0,1,999,0,nonexistent,no
3619,34,services,divorced,basic.9y,unknown,no,no,telephone,jun,thu,73.0,2,999,0,nonexistent,no
3620,34,services,married,high.school,unknown,no,no,telephone,jun,fri,453.0,2,999,0,nonexistent,no
3621,37,services,married,basic.6y,no,yes,no,cellular,jul,tue,165.0,1,999,0,nonexistent,no
3622,52,admin.,divorced,university.degree,unknown,no,no,cellular,jul,tue,323.0,2,999,0,nonexistent,no
3623,51,management,married,university.degree,no,yes,no,cellular,aug,tue,138.0,1,999,0,nonexistent,no
3624,39,services,married,high.school,no,no,no,cellular,jul,wed,356.0,4,999,0,nonexistent,yes
3625,32,services,divorced,high.school,no,yes,no,telephone,may,fri,228.0,2,999,0,nonexistent,no
3626,38,admin.,single,high.school,unknown,yes,no,telephone,jun,mon,287.0,2,999,0,nonexistent,no
3627,40,services,married,high.school,unknown,no,no,telephone,may,thu,473.0,3,999,0,nonexistent,no
3628,35,unemployed,married,university.degree,no,yes,no,cellular,oct,thu,391.0,2,999,0,nonexistent,no
3629,40,housemaid,divorced,high.school,unknown,no,yes,telephone,jul,thu,265.0,2,999,0,nonexistent,no
3630,20,student,single,high.school,no,yes,no,cellular,nov,wed,166.0,1,7,1,success,yes
3631,30,student,single,high.school,no,yes,no,cellular,may,wed,156.0,4,3,1,success,no
3632,70,retired,divorced,basic.9y,no,no,no,telephone,dec,wed,220.0,2,999,0,nonexistent,no
3633,30,technician,single,university.degree,no,no,yes,cellular,aug,fri,81.0,2,999,0,nonexistent,no
3634,41,admin.,married,university.degree,no,no,no,cellular,aug,tue,151.0,5,999,0,nonexistent,no
3635,36,technician,married,professional.course,no,no,no,cellular,may,wed,127.0,1,999,0,nonexistent,no
3636,41,technician,married,university.degree,no,yes,no,cellular,aug,mon,227.0,1,999,0,nonexistent,no
3637,36,management,married,professional.course,no,no,no,cellular,nov,tue,68.0,1,999,0,nonexistent,no
3638,38,admin.,married,university.degree,no,yes,no,cellular,aug,fri,113.0,1,999,0,nonexistent,no
3639,65,retired,married,basic.4y,no,unknown,unknown,cellular,apr,tue,106.0,1,999,0,nonexistent,yes
3640,31,student,single,high.school,no,yes,yes,cellular,nov,tue,107.0,1,999,0,nonexistent,no
3641,32,entrepreneur,married,basic.9y,no,no,no,cellular,may,mon,184.0,4,999,0,nonexistent,no
3642,24,student,single,high.school,unknown,yes,no,cellular,jul,tue,154.0,2,999,0,nonexistent,no
3643,27,management,single,university.degree,no,yes,no,cellular,sep,tue,137.0,2,4,2,success,no
3644,37,admin.,married,high.school,no,yes,no,telephone,may,mon,172.0,1,999,0,nonexistent,no
3645,24,admin.,married,high.school,no,yes,no,cellular,may,thu,118.0,4,999,1,failure,no
3646,31,admin.,single,high.school,no,no,no,cellular,may,fri,80.0,4,999,0,nonexistent,no
3647,32,admin.,single,university.degree,no,yes,no,cellular,may,fri,18.0,8,999,1,failure,no
3648,47,blue-collar,married,basic.4y,no,yes,no,telephone,jun,thu,130.0,3,999,0,nonexistent,no
3649,49,blue-collar,married,unknown,unknown,unknown,unknown,cellular,jul,mon,375.0,3,999,0,nonexistent,no
3650,41,blue-collar,married,basic.4y,unknown,yes,no,telephone,jun,fri,174.0,3,999,0,nonexistent,no
3651,33,admin.,single,university.degree,no,yes,no,cellular,nov,thu,73.0,1,999,0,nonexistent,no
3652,26,admin.,married,high.school,no,no,no,cellular,jul,thu,544.0,1,999,0,nonexistent,no
3653,56,unemployed,married,high.school,unknown,no,no,telephone,jun,tue,197.0,3,999,0,nonexistent,no
3654,56,technician,married,professional.course,no,no,no,cellular,nov,fri,157.0,5,999,0,nonexistent,no
3655,42,blue-collar,married,basic.9y,no,no,no,cellular,jul,fri,143.0,2,999,0,nonexistent,no
3656,31,management,single,university.degree,no,yes,no,cellular,may,wed,294.0,1,999,1,failure,no
3657,62,retired,married,university.degree,unknown,no,no,cellular,oct,fri,717.0,2,999,0,nonexistent,yes
3658,33,services,single,basic.6y,unknown,yes,yes,telephone,may,wed,19.0,8,999,1,failure,no
3659,55,admin.,married,university.degree,no,no,no,cellular,nov,tue,71.0,3,999,0,nonexistent,no
3660,65,retired,married,university.degree,no,no,no,cellular,nov,fri,226.0,1,3,3,success,yes
3661,29,admin.,divorced,university.degree,no,yes,yes,cellular,aug,thu,120.0,1,999,0,nonexistent,no
3662,54,retired,single,basic.4y,no,yes,no,cellular,jul,thu,392.0,4,999,0,nonexistent,no
3663,33,unemployed,married,basic.9y,no,yes,yes,telephone,may,fri,691.0,1,999,0,nonexistent,no
3664,49,entrepreneur,divorced,basic.9y,no,no,no,cellular,may,fri,166.0,1,999,0,nonexistent,no
3665,33,admin.,married,university.degree,no,no,no,cellular,aug,thu,137.0,5,999,0,nonexistent,no
3666,28,blue-collar,married,basic.4y,no,no,no,cellular,may,mon,505.0,2,999,0,nonexistent,no
3667,35,admin.,divorced,high.school,no,yes,no,cellular,may,wed,99.0,1,999,0,nonexistent,no
3668,33,blue-collar,single,basic.9y,unknown,yes,no,cellular,nov,wed,25.0,1,999,0,nonexistent,no
3669,31,technician,single,professional.course,no,no,no,cellular,aug,thu,500.0,1,999,0,nonexistent,no
3670,29,admin.,single,university.degree,no,unknown,unknown,telephone,jul,fri,212.0,1,999,0,nonexistent,no
3671,52,technician,married,professional.course,no,no,no,telephone,may,fri,145.0,1,999,0,nonexistent,no
3672,32,technician,single,university.degree,no,yes,no,telephone,jun,tue,45.0,2,999,0,nonexistent,no
3673,43,management,married,university.degree,no,no,no,telephone,jun,fri,13.0,5,999,0,nonexistent,no
3674,35,admin.,divorced,university.degree,no,no,no,telephone,jun,tue,51.0,8,999,0,nonexistent,no
3675,22,blue-collar,married,basic.9y,no,no,no,cellular,jul,fri,102.0,2,999,0,nonexistent,no
3676,45,admin.,divorced,basic.9y,no,yes,no,telephone,jun,fri,261.0,2,999,0,nonexistent,no
3677,37,blue-collar,single,basic.4y,no,yes,yes,cellular,jul,wed,156.0,1,999,0,nonexistent,no
3678,51,admin.,divorced,university.degree,no,yes,no,telephone,may,thu,213.0,1,999,0,nonexistent,no
3679,37,management,married,high.school,no,yes,no,cellular,apr,fri,445.0,1,999,2,failure,no
3680,39,services,single,high.school,no,yes,no,cellular,aug,fri,308.0,6,999,0,nonexistent,yes
3681,37,services,divorced,basic.4y,no,no,no,cellular,may,fri,17.0,8,999,0,nonexistent,no
3682,49,management,married,high.school,no,no,no,telephone,jul,thu,258.0,2,999,0,nonexistent,no
3683,44,technician,divorced,university.degree,unknown,no,no,cellular,jul,mon,154.0,1,999,0,nonexistent,no
3684,45,unknown,married,unknown,unknown,no,no,telephone,jun,wed,113.0,1,999,0,nonexistent,no
3685,33,admin.,single,unknown,no,no,yes,cellular,jul,wed,186.0,4,999,0,nonexistent,no
3686,32,blue-collar,married,basic.9y,no,yes,no,cellular,may,thu,413.0,1,999,0,nonexistent,no
3687,52,admin.,divorced,university.degree,unknown,no,no,cellular,jul,tue,210.0,2,999,0,nonexistent,no
3688,28,self-employed,single,university.degree,no,yes,no,telephone,may,thu,226.0,1,999,0,nonexistent,no
3689,29,admin.,single,university.degree,no,yes,no,cellular,mar,mon,215.0,1,999,0,nonexistent,yes
3690,36,admin.,married,high.school,no,yes,no,cellular,nov,thu,59.0,3,999,0,nonexistent,no
3691,49,blue-collar,divorced,basic.9y,no,yes,no,cellular,jul,wed,364.0,2,999,0,nonexistent,no
3692,46,management,married,university.degree,no,no,no,telephone,may,tue,407.0,2,999,0,nonexistent,no
3693,55,admin.,married,high.school,no,yes,no,cellular,jul,mon,170.0,3,999,0,nonexistent,no
3694,54,unemployed,married,basic.9y,no,no,no,telephone,may,wed,108.0,1,999,0,nonexistent,no
3695,31,technician,married,professional.course,no,yes,yes,cellular,aug,fri,143.0,4,999,0,nonexistent,no
3696,43,entrepreneur,married,basic.4y,no,no,no,cellular,jul,mon,25.0,30,999,0,nonexistent,no
3697,59,retired,married,basic.4y,unknown,no,yes,telephone,jun,fri,62.0,3,999,0,nonexistent,no
3698,32,blue-collar,unknown,basic.9y,no,yes,no,cellular,jun,mon,314.0,1,999,0,nonexistent,yes
3699,34,management,single,high.school,no,yes,no,cellular,nov,wed,175.0,1,999,0,nonexistent,no
3700,39,entrepreneur,divorced,basic.4y,no,no,no,cellular,jul,wed,174.0,1,999,0,nonexistent,no
3701,55,entrepreneur,married,professional.course,no,yes,no,telephone,oct,mon,323.0,2,999,0,nonexistent,no
3702,38,admin.,married,high.school,no,no,no,telephone,may,tue,112.0,4,999,0,nonexistent,no
3703,29,management,single,university.degree,no,yes,no,telephone,may,fri,174.0,1,999,0,nonexistent,no
3704,54,self-employed,married,professional.course,unknown,no,no,telephone,may,fri,235.0,1,999,0,nonexistent,no
3705,50,technician,married,university.degree,no,yes,no,cellular,nov,fri,175.0,4,999,0,nonexistent,no
3706,36,admin.,married,high.school,no,no,no,telephone,may,tue,369.0,1,999,0,nonexistent,no
3707,19,student,single,basic.6y,no,yes,yes,cellular,sep,thu,452.0,5,13,1,success,yes
3708,57,admin.,single,university.degree,unknown,yes,no,cellular,aug,wed,404.0,4,999,0,nonexistent,yes
3709,48,blue-collar,married,basic.6y,unknown,yes,yes,cellular,aug,thu,45.0,3,999,0,nonexistent,no
3710,49,unemployed,married,basic.6y,unknown,no,no,cellular,apr,mon,68.0,5,999,1,failure,no
3711,37,entrepreneur,married,university.degree,no,no,no,telephone,nov,wed,202.0,2,999,1,failure,no
3712,28,blue-collar,married,professional.course,unknown,yes,no,cellular,may,wed,573.0,7,999,1,failure,no
3713,30,technician,single,professional.course,no,yes,no,cellular,aug,thu,16.0,12,999,0,nonexistent,no
3714,35,services,single,high.school,unknown,yes,no,cellular,jul,tue,150.0,1,999,0,nonexistent,no
3715,23,admin.,single,high.school,no,yes,no,cellular,jul,mon,34.0,3,999,0,nonexistent,no
3716,32,student,married,high.school,no,yes,no,telephone,dec,wed,87.0,5,999,0,nonexistent,no
3717,26,student,single,high.school,no,yes,no,cellular,jul,tue,432.0,1,999,0,nonexistent,no
3718,53,admin.,married,high.school,unknown,no,no,cellular,jul,thu,61.0,1,999,0,nonexistent,no
3719,33,management,single,university.degree,no,unknown,unknown,telephone,may,thu,131.0,1,999,0,nonexistent,no
3720,38,entrepreneur,married,basic.9y,no,no,no,telephone,may,wed,157.0,3,999,0,nonexistent,no
3721,29,services,married,basic.9y,no,no,no,cellular,may,tue,212.0,1,999,1,failure,no
3722,27,self-employed,single,university.degree,no,no,no,cellular,may,thu,367.0,2,999,0,nonexistent,no
3723,48,technician,married,professional.course,no,yes,no,telephone,may,mon,41.0,2,999,0,nonexistent,no
3724,58,blue-collar,married,basic.9y,no,yes,no,cellular,aug,mon,190.0,3,999,0,nonexistent,no
3725,35,blue-collar,married,basic.6y,no,no,no,telephone,jun,tue,92.0,1,999,0,nonexistent,no
3726,70,retired,married,university.degree,no,yes,no,cellular,oct,mon,837.0,2,999,1,failure,no
3727,26,services,single,basic.9y,no,yes,no,cellular,jul,wed,294.0,2,999,0,nonexistent,no
3728,31,student,single,high.school,unknown,no,no,cellular,jul,fri,175.0,2,999,0,nonexistent,no
3729,32,blue-collar,married,basic.9y,no,no,no,cellular,apr,fri,342.0,3,999,0,nonexistent,no
3730,35,blue-collar,married,high.school,no,no,yes,cellular,jul,mon,149.0,4,999,0,nonexistent,no
3731,37,management,single,basic.9y,no,yes,no,cellular,may,mon,189.0,1,999,0,nonexistent,no
3732,51,technician,married,professional.course,no,no,yes,telephone,may,thu,193.0,1,999,0,nonexistent,no
3733,33,technician,divorced,high.school,no,no,no,telephone,may,tue,207.0,1,999,0,nonexistent,no
3734,51,blue-collar,married,basic.9y,no,no,no,telephone,may,thu,552.0,11,999,0,nonexistent,no
3735,46,admin.,married,basic.9y,no,no,no,cellular,apr,mon,405.0,2,999,0,nonexistent,no
3736,49,retired,single,basic.4y,unknown,no,no,cellular,jul,fri,802.0,1,999,0,nonexistent,no
3737,33,self-employed,divorced,university.degree,no,yes,no,cellular,may,thu,130.0,1,999,0,nonexistent,no
3738,28,admin.,single,university.degree,no,yes,yes,cellular,dec,fri,454.0,6,999,1,failure,no
3739,36,blue-collar,single,basic.9y,no,no,yes,telephone,may,thu,465.0,3,999,0,nonexistent,no
3740,20,student,single,high.school,no,yes,no,telephone,apr,thu,80.0,1,999,0,nonexistent,no
3741,37,admin.,single,high.school,unknown,yes,no,cellular,nov,mon,433.0,1,999,0,nonexistent,no
3742,28,services,married,basic.9y,unknown,no,no,telephone,may,thu,11.0,2,999,0,nonexistent,no
3743,39,admin.,married,university.degree,unknown,no,no,telephone,may,fri,302.0,1,999,0,nonexistent,no
3744,36,technician,divorced,professional.course,no,yes,no,cellular,aug,mon,282.0,1,999,0,nonexistent,no
3745,41,blue-collar,married,basic.9y,unknown,no,no,telephone,may,mon,62.0,1,999,0,nonexistent,no
3746,27,student,single,professional.course,no,no,no,telephone,nov,thu,72.0,1,999,0,nonexistent,no
3747,49,unemployed,married,high.school,no,no,no,cellular,sep,wed,292.0,1,999,0,nonexistent,yes
3748,48,blue-collar,married,basic.4y,no,yes,no,cellular,jul,wed,126.0,1,999,0,nonexistent,no
3749,43,management,married,unknown,no,no,yes,cellular,jul,mon,86.0,2,999,0,nonexistent,no
3750,28,unemployed,single,university.degree,no,no,yes,cellular,aug,thu,74.0,2,999,0,nonexistent,no
3751,36,admin.,married,university.degree,no,yes,no,telephone,jun,mon,80.0,3,999,0,nonexistent,no
3752,33,blue-collar,single,high.school,no,no,no,telephone,may,fri,164.0,5,999,0,nonexistent,no
3753,48,admin.,married,basic.9y,no,no,no,cellular,may,fri,253.0,3,999,0,nonexistent,no
3754,53,unemployed,married,basic.9y,no,yes,no,cellular,nov,wed,248.0,2,999,0,nonexistent,no
3755,18,student,single,unknown,no,no,no,cellular,sep,thu,385.0,1,3,1,success,yes
3756,36,admin.,married,basic.6y,no,yes,no,cellular,nov,fri,72.0,1,999,0,nonexistent,no
3757,57,retired,married,basic.6y,no,no,yes,cellular,may,thu,93.0,1,999,1,failure,no
3758,29,admin.,single,university.degree,no,yes,yes,telephone,jun,wed,252.0,2,999,0,nonexistent,no
3759,38,blue-collar,married,basic.9y,no,no,no,cellular,nov,tue,180.0,2,999,1,failure,no
3760,50,admin.,single,university.degree,no,no,no,cellular,jul,wed,102.0,1,999,0,nonexistent,no
3761,41,blue-collar,married,basic.9y,no,no,no,telephone,jun,wed,378.0,2,999,0,nonexistent,no
3762,38,management,married,professional.course,no,yes,no,cellular,nov,thu,124.0,1,999,0,nonexistent,no
3763,35,technician,single,university.degree,no,yes,yes,cellular,aug,mon,176.0,3,999,0,nonexistent,no
3764,28,blue-collar,single,basic.9y,no,yes,no,telephone,may,mon,120.0,1,999,0,nonexistent,no
3765,40,admin.,married,high.school,no,no,yes,telephone,jul,tue,289.0,2,999,0,nonexistent,no
3766,52,management,married,high.school,no,no,no,cellular,aug,tue,408.0,1,999,0,nonexistent,yes
3767,60,unemployed,married,high.school,no,yes,no,cellular,apr,thu,1260.0,2,2,1,success,yes
3768,32,entrepreneur,married,high.school,unknown,yes,no,telephone,may,mon,109.0,1,999,0,nonexistent,no
3769,56,admin.,married,basic.9y,no,yes,no,cellular,apr,thu,299.0,2,999,0,nonexistent,yes
3770,36,admin.,married,university.degree,no,yes,yes,cellular,jul,mon,230.0,2,999,0,nonexistent,no
3771,28,admin.,married,high.school,no,yes,no,cellular,may,wed,1073.0,1,999,0,nonexistent,yes
3772,61,blue-collar,married,basic.6y,no,yes,yes,cellular,may,fri,403.0,1,3,2,success,yes
3773,41,blue-collar,married,unknown,no,yes,no,telephone,jul,tue,460.0,1,999,0,nonexistent,no
3774,43,technician,married,high.school,no,yes,yes,cellular,sep,thu,167.0,1,3,2,success,no
3775,31,student,single,unknown,no,yes,no,cellular,aug,mon,868.0,3,18,3,failure,yes
3776,57,self-employed,married,university.degree,no,no,yes,cellular,jul,thu,1441.0,2,999,0,nonexistent,yes
3777,37,services,married,high.school,unknown,yes,no,telephone,may,tue,194.0,2,999,0,nonexistent,no
3778,46,blue-collar,divorced,basic.4y,unknown,no,no,telephone,may,tue,152.0,3,999,0,nonexistent,no
3779,53,admin.,divorced,university.degree,no,yes,yes,cellular,mar,thu,431.0,1,999,1,failure,no
3780,56,blue-collar,married,basic.4y,unknown,yes,yes,telephone,may,mon,115.0,2,999,0,nonexistent,no
3781,34,blue-collar,married,basic.9y,no,no,yes,telephone,jun,mon,18.0,30,999,0,nonexistent,no
3782,33,technician,married,professional.course,no,no,yes,cellular,jul,fri,414.0,6,999,0,nonexistent,no
3783,33,admin.,married,university.degree,no,no,no,cellular,apr,thu,179.0,1,999,0,nonexistent,no
3784,34,technician,single,university.degree,no,yes,yes,cellular,mar,thu,221.0,3,3,2,success,yes
3785,29,entrepreneur,married,professional.course,no,yes,no,telephone,jun,mon,930.0,1,999,0,nonexistent,no
3786,58,admin.,divorced,basic.9y,unknown,yes,no,telephone,may,fri,38.0,2,999,0,nonexistent,no
3787,46,technician,divorced,professional.course,no,no,no,cellular,aug,wed,101.0,2,999,0,nonexistent,no
3788,31,technician,married,university.degree,no,yes,yes,cellular,aug,wed,158.0,2,999,0,nonexistent,no
3789,32,blue-collar,married,basic.6y,no,yes,yes,cellular,may,mon,101.0,2,999,0,nonexistent,no
3790,57,blue-collar,married,basic.4y,no,no,no,cellular,aug,thu,134.0,9,999,0,nonexistent,no
3791,34,blue-collar,married,basic.4y,no,yes,yes,telephone,jun,fri,426.0,2,999,0,nonexistent,no
3792,45,technician,married,university.degree,no,yes,no,cellular,jul,fri,115.0,1,999,0,nonexistent,no
3793,29,unemployed,single,basic.4y,no,no,yes,cellular,jun,wed,243.0,3,3,2,success,yes
3794,50,technician,divorced,professional.course,no,no,no,telephone,may,mon,173.0,3,999,0,nonexistent,no
3795,36,technician,married,professional.course,unknown,yes,no,cellular,aug,fri,314.0,2,999,0,nonexistent,no
3796,66,retired,divorced,basic.4y,no,yes,no,cellular,apr,wed,476.0,1,999,0,nonexistent,yes
3797,30,technician,divorced,professional.course,no,yes,no,telephone,may,thu,366.0,1,999,0,nonexistent,no
3798,33,services,married,high.school,no,no,no,telephone,may,mon,146.0,2,999,0,nonexistent,no
3799,38,management,married,university.degree,no,no,no,cellular,sep,wed,149.0,2,999,1,failure,no
3800,58,housemaid,single,professional.course,no,no,no,cellular,apr,mon,147.0,1,6,1,success,no
3801,39,management,married,university.degree,no,yes,no,telephone,nov,wed,204.0,1,999,0,nonexistent,yes
3802,18,student,single,unknown,no,yes,no,cellular,aug,wed,253.0,2,6,1,success,yes
3803,57,blue-collar,married,basic.4y,unknown,no,yes,telephone,may,tue,500.0,2,999,0,nonexistent,no
3804,31,blue-collar,single,high.school,no,yes,no,telephone,jun,mon,750.0,2,999,0,nonexistent,yes
3805,31,technician,married,university.degree,no,yes,no,cellular,aug,thu,197.0,2,999,0,nonexistent,no
3806,85,housemaid,married,basic.4y,unknown,yes,no,cellular,apr,tue,167.0,1,6,2,success,yes
3807,33,services,married,basic.6y,no,yes,yes,cellular,may,tue,95.0,4,999,1,failure,no
3808,25,admin.,married,university.degree,no,no,no,telephone,may,fri,56.0,1,999,0,nonexistent,no
3809,26,admin.,married,high.school,no,yes,yes,cellular,jun,wed,275.0,2,999,1,failure,yes
3810,35,admin.,single,high.school,no,yes,yes,cellular,aug,mon,107.0,4,2,3,success,no
3811,34,technician,married,university.degree,unknown,no,yes,cellular,aug,thu,101.0,1,999,0,nonexistent,no
3812,36,admin.,married,university.degree,no,yes,no,cellular,may,wed,7.0,6,999,0,nonexistent,no
3813,37,blue-collar,married,basic.6y,unknown,yes,no,cellular,jul,wed,345.0,10,999,0,nonexistent,no
3814,81,unknown,divorced,unknown,unknown,yes,no,cellular,nov,mon,161.0,1,999,1,failure,yes
3815,36,admin.,married,university.degree,no,yes,yes,telephone,may,wed,362.0,5,999,0,nonexistent,no
3816,26,housemaid,single,unknown,no,yes,yes,cellular,may,fri,140.0,3,999,1,failure,no
3817,36,technician,single,professional.course,no,yes,no,cellular,jun,fri,126.0,2,3,1,success,yes
3818,53,management,married,university.degree,no,yes,no,cellular,nov,tue,244.0,2,999,0,nonexistent,no
3819,52,admin.,married,university.degree,no,yes,no,cellular,jun,fri,333.0,1,999,0,nonexistent,no
3820,59,retired,married,basic.4y,no,yes,no,cellular,aug,mon,67.0,6,999,0,nonexistent,no
3821,33,technician,married,basic.9y,no,no,no,telephone,jun,mon,76.0,1,999,0,nonexistent,no
3822,32,technician,single,professional.course,no,no,no,cellular,nov,wed,295.0,1,999,1,failure,no
3823,43,services,married,high.school,no,no,no,cellular,may,thu,57.0,2,999,2,failure,no
3824,32,blue-collar,single,basic.4y,no,yes,yes,cellular,may,wed,1805.0,4,999,0,nonexistent,no
3825,60,retired,married,basic.4y,unknown,yes,no,cellular,apr,fri,314.0,2,999,0,nonexistent,yes
3826,30,housemaid,married,high.school,unknown,no,no,telephone,jun,wed,484.0,5,999,0,nonexistent,no
3827,31,blue-collar,married,high.school,no,yes,no,cellular,jul,mon,317.0,3,999,0,nonexistent,no
3828,47,blue-collar,married,high.school,no,yes,no,cellular,may,fri,58.0,1,999,1,failure,no
3829,30,technician,single,university.degree,no,yes,no,telephone,apr,wed,169.0,8,999,0,nonexistent,no
3830,41,blue-collar,married,basic.9y,unknown,yes,no,cellular,apr,fri,1038.0,2,999,0,nonexistent,no
3831,39,unemployed,married,university.degree,no,no,no,telephone,may,wed,191.0,1,999,0,nonexistent,no
3832,34,admin.,single,university.degree,no,yes,no,cellular,aug,wed,100.0,1,999,0,nonexistent,no
3833,49,management,married,university.degree,no,yes,no,cellular,jul,tue,604.0,1,999,0,nonexistent,no
3834,43,admin.,married,high.school,no,yes,no,cellular,may,tue,152.0,3,999,1,failure,no
3835,47,blue-collar,married,basic.9y,unknown,no,no,telephone,jun,wed,47.0,7,999,0,nonexistent,no
3836,52,blue-collar,married,high.school,no,yes,no,cellular,may,tue,131.0,1,999,0,nonexistent,no
3837,56,blue-collar,married,basic.9y,unknown,no,no,telephone,jul,mon,86.0,4,999,0,nonexistent,no
3838,40,admin.,married,high.school,no,unknown,unknown,telephone,jun,tue,43.0,6,999,0,nonexistent,no
3839,57,management,married,university.degree,unknown,no,no,cellular,aug,wed,338.0,2,999,0,nonexistent,no
3840,32,admin.,married,high.school,no,yes,no,telephone,jul,mon,19.0,1,999,0,nonexistent,no
3841,51,services,married,unknown,unknown,no,no,telephone,may,tue,141.0,1,999,0,nonexistent,no
3842,46,technician,divorced,university.degree,no,yes,no,cellular,jul,thu,223.0,2,999,0,nonexistent,no
3843,32,technician,divorced,university.degree,no,yes,no,cellular,jun,mon,532.0,2,999,0,nonexistent,yes
3844,31,admin.,single,university.degree,no,no,yes,cellular,aug,thu,173.0,3,999,0,nonexistent,no
3845,45,admin.,married,professional.course,no,no,no,cellular,jul,fri,1106.0,1,999,0,nonexistent,no
3846,38,services,married,basic.9y,no,unknown,unknown,telephone,jun,fri,17.0,3,999,0,nonexistent,no
3847,38,admin.,married,basic.9y,no,no,yes,telephone,jun,tue,404.0,4,999,0,nonexistent,no
3848,37,admin.,married,high.school,no,no,no,cellular,apr,mon,131.0,3,999,0,nonexistent,no
3849,30,technician,single,university.degree,no,yes,no,cellular,may,mon,177.0,1,999,0,nonexistent,no
3850,28,blue-collar,married,basic.9y,no,yes,no,cellular,may,fri,115.0,5,999,0,nonexistent,no
3851,35,admin.,single,high.school,no,yes,yes,cellular,may,tue,200.0,4,999,1,failure,no
3852,31,blue-collar,single,basic.9y,unknown,yes,no,telephone,may,wed,165.0,2,999,0,nonexistent,no
3853,20,student,single,high.school,no,no,yes,cellular,oct,mon,169.0,1,999,0,nonexistent,no
3854,35,admin.,married,professional.course,no,no,no,cellular,jul,tue,214.0,1,999,0,nonexistent,no
3855,27,student,single,university.degree,no,yes,no,telephone,may,tue,154.0,1,999,0,nonexistent,no
3856,48,technician,married,high.school,unknown,yes,no,telephone,may,fri,42.0,3,999,0,nonexistent,no
3857,42,management,married,university.degree,no,no,no,telephone,jun,tue,236.0,7,999,0,nonexistent,no
3858,27,services,single,high.school,no,no,no,telephone,may,fri,144.0,2,999,0,nonexistent,no
3859,48,unemployed,married,basic.4y,unknown,yes,no,cellular,jul,thu,172.0,3,999,0,nonexistent,no
3860,41,self-employed,married,university.degree,no,yes,yes,cellular,aug,mon,377.0,5,999,0,nonexistent,no
3861,36,technician,married,professional.course,no,yes,no,cellular,aug,tue,92.0,1,999,0,nonexistent,no
3862,31,technician,single,university.degree,no,yes,no,cellular,may,fri,1313.0,7,999,1,failure,yes
3863,37,blue-collar,married,high.school,no,no,no,telephone,jun,tue,138.0,3,999,0,nonexistent,no
3864,32,admin.,married,university.degree,no,yes,no,cellular,nov,wed,236.0,3,999,0,nonexistent,no
3865,34,technician,married,professional.course,unknown,yes,no,cellular,jul,wed,64.0,4,999,0,nonexistent,no
3866,37,management,married,high.school,no,yes,no,cellular,jul,mon,599.0,1,999,0,nonexistent,yes
3867,36,blue-collar,single,basic.4y,no,yes,no,cellular,may,thu,279.0,1,999,1,failure,no
3868,50,technician,single,university.degree,no,no,no,cellular,jul,tue,179.0,3,999,0,nonexistent,no
3869,35,blue-collar,divorced,basic.9y,no,no,no,telephone,jun,mon,138.0,4,999,0,nonexistent,no
3870,57,technician,married,professional.course,unknown,no,no,cellular,aug,fri,199.0,4,999,0,nonexistent,no
3871,46,management,married,university.degree,no,yes,no,cellular,nov,thu,205.0,6,999,0,nonexistent,no
3872,29,services,single,high.school,no,yes,no,cellular,jul,wed,112.0,3,999,0,nonexistent,no
3873,33,technician,married,high.school,no,yes,yes,cellular,aug,wed,45.0,4,999,0,nonexistent,no
3874,55,blue-collar,single,basic.9y,unknown,no,yes,cellular,jul,tue,194.0,3,999,0,nonexistent,no
3875,60,admin.,married,university.degree,unknown,yes,no,telephone,jun,mon,62.0,2,999,0,nonexistent,no
3876,32,admin.,single,university.degree,no,yes,yes,cellular,aug,thu,153.0,3,999,0,nonexistent,no
3877,47,technician,married,professional.course,no,no,no,telephone,may,tue,79.0,4,999,0,nonexistent,no
3878,47,blue-collar,married,basic.9y,no,no,no,cellular,jul,tue,134.0,2,999,0,nonexistent,no
3879,50,technician,married,high.school,no,yes,no,telephone,nov,thu,75.0,2,999,1,failure,no
3880,54,blue-collar,divorced,basic.4y,unknown,yes,yes,cellular,jul,thu,80.0,1,999,0,nonexistent,no
3881,47,blue-collar,married,basic.4y,no,unknown,unknown,telephone,jul,thu,175.0,1,999,0,nonexistent,no
3882,37,admin.,single,high.school,no,yes,no,telephone,may,fri,26.0,6,999,1,failure,no
3883,57,blue-collar,divorced,unknown,unknown,yes,no,telephone,may,mon,518.0,1,999,0,nonexistent,no
3884,48,technician,married,high.school,no,no,no,telephone,may,fri,251.0,3,999,0,nonexistent,no
3885,32,services,married,high.school,no,yes,yes,telephone,may,wed,383.0,2,999,0,nonexistent,no
3886,25,technician,single,basic.9y,no,yes,no,cellular,may,fri,14.0,4,999,0,nonexistent,no
3887,42,management,married,university.degree,no,no,yes,cellular,aug,tue,130.0,3,999,0,nonexistent,no
3888,45,blue-collar,married,basic.9y,no,unknown,unknown,cellular,jul,thu,151.0,10,999,0,nonexistent,no
3889,33,technician,single,professional.course,no,no,no,cellular,apr,mon,69.0,3,999,0,nonexistent,no
3890,56,blue-collar,married,basic.9y,no,yes,no,cellular,aug,thu,89.0,2,999,0,nonexistent,no
3891,52,services,married,high.school,unknown,yes,no,cellular,aug,mon,99.0,1,999,0,nonexistent,no
3892,25,technician,married,high.school,no,yes,no,telephone,may,wed,153.0,3,999,0,nonexistent,no
3893,31,admin.,single,university.degree,no,yes,no,cellular,aug,tue,83.0,1,999,0,nonexistent,no
3894,29,admin.,single,high.school,no,yes,no,cellular,nov,thu,23.0,2,999,1,failure,no
3895,36,services,single,high.school,no,yes,no,telephone,may,tue,246.0,2,999,0,nonexistent,no
3896,54,management,married,university.degree,unknown,yes,no,cellular,aug,fri,339.0,1,999,0,nonexistent,no
3897,54,housemaid,married,high.school,no,yes,no,cellular,apr,thu,41.0,1,999,0,nonexistent,no
3898,53,blue-collar,divorced,basic.4y,no,yes,no,cellular,nov,wed,206.0,5,999,0,nonexistent,no
3899,28,technician,married,professional.course,no,no,no,cellular,jul,thu,53.0,1,999,0,nonexistent,no
3900,35,technician,married,professional.course,no,no,no,cellular,aug,mon,192.0,1,999,0,nonexistent,no
3901,37,blue-collar,divorced,basic.9y,unknown,yes,no,cellular,jul,thu,194.0,1,999,0,nonexistent,no
3902,78,unknown,married,unknown,no,yes,no,cellular,sep,wed,95.0,1,999,0,nonexistent,no
3903,34,technician,divorced,professional.course,no,yes,no,cellular,aug,tue,278.0,1,999,0,nonexistent,no
3904,39,services,married,high.school,no,no,yes,telephone,may,tue,793.0,2,999,0,nonexistent,no
3905,35,admin.,single,university.degree,no,no,no,cellular,may,wed,261.0,2,999,0,nonexistent,no
3906,36,admin.,single,high.school,no,yes,no,cellular,oct,mon,113.0,1,6,1,success,no
3907,46,blue-collar,married,basic.6y,no,no,no,telephone,may,fri,230.0,1,999,0,nonexistent,no
3908,63,admin.,married,university.degree,no,yes,yes,cellular,oct,thu,133.0,2,999,0,nonexistent,no
3909,58,admin.,married,university.degree,no,yes,no,cellular,aug,fri,76.0,5,999,0,nonexistent,no
3910,47,blue-collar,married,basic.4y,unknown,no,no,cellular,may,mon,1001.0,4,999,0,nonexistent,no
3911,39,self-employed,married,basic.9y,unknown,no,no,telephone,jun,mon,79.0,1,999,0,nonexistent,no
3912,39,blue-collar,divorced,basic.9y,unknown,no,no,telephone,may,tue,304.0,2,999,0,nonexistent,no
3913,33,self-employed,single,high.school,no,yes,no,cellular,may,tue,337.0,1,999,1,failure,no
3914,51,blue-collar,married,basic.4y,unknown,yes,no,cellular,aug,fri,174.0,1,999,0,nonexistent,no
3915,24,services,single,high.school,no,yes,yes,cellular,may,fri,20.0,5,999,0,nonexistent,no
3916,41,blue-collar,single,basic.9y,unknown,no,no,telephone,jun,mon,245.0,1,999,0,nonexistent,no
3917,44,housemaid,married,basic.9y,no,no,no,telephone,may,fri,98.0,1,999,0,nonexistent,no
3918,29,admin.,married,university.degree,no,yes,no,cellular,jul,tue,88.0,1,999,2,failure,no
3919,29,blue-collar,married,basic.9y,no,yes,no,cellular,apr,thu,1042.0,2,999,0,nonexistent,yes
3920,55,entrepreneur,married,professional.course,no,yes,no,cellular,nov,thu,45.0,2,999,1,failure,no
3921,34,admin.,divorced,university.degree,no,no,no,cellular,may,wed,207.0,1,999,1,failure,no
3922,33,admin.,married,university.degree,no,no,no,telephone,may,wed,55.0,1,999,0,nonexistent,no
3923,46,admin.,married,professional.course,no,yes,no,cellular,apr,tue,62.0,1,999,0,nonexistent,no
3924,33,blue-collar,single,high.school,no,yes,yes,telephone,may,thu,33.0,7,999,1,failure,no
3925,44,blue-collar,married,basic.9y,unknown,yes,no,cellular,jul,mon,369.0,1,999,0,nonexistent,no
3926,30,technician,single,professional.course,no,yes,yes,cellular,aug,tue,207.0,5,999,0,nonexistent,no
3927,38,blue-collar,married,basic.9y,unknown,yes,no,telephone,jun,wed,41.0,1,999,0,nonexistent,no
3928,33,self-employed,married,university.degree,no,yes,no,telephone,may,fri,215.0,3,999,0,nonexistent,no
3929,58,admin.,divorced,university.degree,no,yes,no,cellular,nov,mon,70.0,1,999,0,nonexistent,no
3930,35,admin.,married,high.school,no,no,no,telephone,jun,thu,193.0,1,999,0,nonexistent,no
3931,54,retired,divorced,basic.4y,no,no,no,telephone,jun,mon,157.0,3,999,0,nonexistent,no
3932,38,blue-collar,married,basic.9y,unknown,yes,no,cellular,jul,mon,317.0,6,999,0,nonexistent,no
3933,36,blue-collar,married,basic.9y,no,no,no,telephone,jul,thu,414.0,1,999,0,nonexistent,no
3934,38,blue-collar,married,high.school,unknown,yes,no,cellular,may,wed,839.0,2,7,1,success,yes
3935,45,management,married,unknown,no,yes,no,cellular,jul,fri,121.0,2,999,0,nonexistent,no
3936,41,housemaid,married,university.degree,unknown,no,no,telephone,jun,fri,235.0,3,999,0,nonexistent,no
3937,48,services,married,basic.9y,unknown,yes,no,cellular,nov,mon,301.0,1,999,0,nonexistent,no
3938,28,management,single,university.degree,no,yes,no,cellular,sep,tue,76.0,1,999,0,nonexistent,no
3939,40,blue-collar,single,basic.6y,unknown,no,yes,cellular,apr,fri,266.0,2,999,0,nonexistent,no
3940,33,admin.,married,unknown,no,yes,no,telephone,may,wed,108.0,4,999,0,nonexistent,no
3941,26,blue-collar,married,basic.6y,unknown,yes,yes,telephone,may,fri,353.0,2,999,0,nonexistent,no
3942,34,admin.,single,university.degree,no,no,no,telephone,jul,tue,232.0,4,999,0,nonexistent,no
3943,32,admin.,married,basic.9y,no,no,no,cellular,jul,mon,77.0,2,999,0,nonexistent,no
3944,39,management,single,university.degree,no,yes,no,cellular,apr,mon,48.0,3,999,0,nonexistent,no
3945,38,entrepreneur,married,professional.course,no,yes,yes,cellular,apr,mon,278.0,2,999,1,failure,no
3946,29,technician,single,professional.course,no,yes,no,cellular,apr,mon,740.0,3,999,0,nonexistent,yes
3947,53,management,married,university.degree,unknown,no,no,cellular,jul,wed,184.0,2,999,0,nonexistent,no
3948,34,technician,married,professional.course,no,no,no,cellular,mar,mon,83.0,13,999,0,nonexistent,no
3949,39,entrepreneur,married,university.degree,no,yes,no,telephone,jun,fri,513.0,2,999,0,nonexistent,no
3950,35,technician,married,professional.course,no,yes,yes,cellular,aug,thu,122.0,3,999,0,nonexistent,no
3951,30,admin.,single,university.degree,no,yes,no,cellular,aug,mon,374.0,12,999,0,nonexistent,no
3952,47,services,married,high.school,no,yes,no,cellular,nov,wed,311.0,1,999,0,nonexistent,no
3953,46,entrepreneur,married,unknown,no,yes,yes,cellular,apr,mon,207.0,2,999,0,nonexistent,no
3954,41,entrepreneur,married,basic.4y,no,yes,no,telephone,jun,wed,95.0,2,999,0,nonexistent,no
3955,42,technician,married,professional.course,no,yes,yes,telephone,nov,mon,215.0,3,999,0,nonexistent,no
3956,43,entrepreneur,married,university.degree,unknown,yes,no,cellular,jul,tue,261.0,1,999,0,nonexistent,no
3957,36,blue-collar,married,basic.9y,no,yes,no,cellular,may,fri,207.0,2,999,0,nonexistent,no
3958,48,blue-collar,married,basic.4y,no,yes,no,cellular,jul,wed,74.0,1,999,0,nonexistent,no
3959,30,blue-collar,married,basic.4y,no,yes,no,telephone,jun,wed,213.0,3,999,0,nonexistent,no
3960,56,services,divorced,high.school,unknown,yes,no,cellular,jul,mon,247.0,2,999,0,nonexistent,no
3961,34,management,married,university.degree,no,no,yes,cellular,aug,thu,82.0,2,999,0,nonexistent,no
3962,28,unknown,single,basic.9y,unknown,yes,no,telephone,may,fri,252.0,5,999,0,nonexistent,no
3963,35,entrepreneur,divorced,university.degree,no,yes,no,cellular,jun,mon,92.0,2,999,1,failure,no
3964,29,admin.,divorced,basic.9y,no,yes,no,cellular,apr,fri,321.0,2,999,0,nonexistent,no
3965,46,blue-collar,single,basic.4y,no,unknown,unknown,cellular,apr,fri,163.0,2,999,1,failure,no
3966,30,blue-collar,married,professional.course,no,no,no,telephone,jun,mon,758.0,3,999,0,nonexistent,no
3967,36,admin.,married,basic.9y,no,no,yes,telephone,jun,fri,75.0,3,999,0,nonexistent,no
3968,30,services,married,unknown,no,yes,yes,telephone,may,wed,83.0,4,999,0,nonexistent,no
3969,53,blue-collar,married,basic.4y,unknown,yes,yes,cellular,nov,fri,98.0,1,999,0,nonexistent,no
3970,32,self-employed,married,professional.course,no,no,no,telephone,jun,tue,129.0,1,999,0,nonexistent,no
3971,35,admin.,single,high.school,no,yes,no,cellular,may,fri,7.0,5,999,0,nonexistent,no
3972,42,entrepreneur,married,university.degree,unknown,yes,no,telephone,jun,thu,135.0,3,999,0,nonexistent,no
3973,34,blue-collar,married,high.school,no,yes,no,cellular,aug,wed,115.0,2,999,1,failure,no
3974,48,services,married,high.school,no,yes,no,cellular,aug,wed,132.0,1,999,0,nonexistent,no
3975,43,services,divorced,basic.6y,no,yes,no,telephone,aug,wed,813.0,2,999,0,nonexistent,no
3976,34,unemployed,single,university.degree,no,no,no,cellular,nov,fri,464.0,5,999,1,failure,yes
3977,45,technician,single,professional.course,no,yes,no,telephone,may,tue,121.0,4,999,0,nonexistent,no
3978,32,technician,married,professional.course,no,yes,no,telephone,jun,tue,220.0,2,999,0,nonexistent,no
3979,44,technician,divorced,professional.course,no,no,no,cellular,apr,tue,208.0,1,999,0,nonexistent,no
3980,57,retired,married,basic.6y,no,yes,no,cellular,may,thu,189.0,1,6,2,success,no
3981,30,technician,single,university.degree,unknown,no,no,telephone,may,wed,187.0,4,999,0,nonexistent,no
3982,35,admin.,married,high.school,no,yes,no,cellular,jul,tue,992.0,2,999,0,nonexistent,yes
3983,71,retired,married,high.school,no,yes,no,cellular,apr,wed,162.0,2,999,0,nonexistent,no
3984,47,retired,married,university.degree,no,no,no,telephone,jul,tue,863.0,10,999,0,nonexistent,no
3985,43,entrepreneur,married,basic.9y,unknown,yes,no,cellular,jul,mon,174.0,1,999,0,nonexistent,no
3986,31,admin.,married,high.school,no,no,no,cellular,apr,fri,246.0,2,999,0,nonexistent,no
3987,37,services,single,university.degree,no,no,no,telephone,jun,fri,160.0,1,999,0,nonexistent,no
3988,24,services,single,high.school,no,yes,no,telephone,apr,tue,104.0,1,999,1,failure,no
3989,51,technician,married,professional.course,no,yes,yes,cellular,apr,thu,200.0,1,999,0,nonexistent,yes
3990,38,technician,married,professional.course,unknown,yes,no,telephone,may,mon,210.0,1,999,0,nonexistent,no
3991,47,management,married,university.degree,no,no,no,telephone,may,wed,550.0,3,999,0,nonexistent,no
3992,41,admin.,divorced,high.school,no,yes,no,telephone,jun,wed,199.0,1,999,0,nonexistent,no
3993,31,technician,married,basic.6y,no,yes,yes,cellular,nov,thu,194.0,4,999,0,nonexistent,no
3994,40,admin.,married,high.school,no,yes,yes,cellular,oct,wed,73.0,1,999,0,nonexistent,no
3995,46,admin.,single,university.degree,no,yes,no,telephone,jun,mon,24.0,1,999,0,nonexistent,no
3996,36,management,married,university.degree,no,yes,no,cellular,aug,fri,100.0,1,999,0,nonexistent,no
3997,49,blue-collar,married,basic.9y,unknown,no,yes,telephone,may,wed,667.0,3,999,0,nonexistent,no
3998,29,services,single,high.school,no,yes,no,cellular,jul,mon,113.0,4,999,0,nonexistent,no
3999,33,admin.,married,university.degree,no,yes,no,cellular,aug,wed,117.0,2,999,0,nonexistent,no
4000,35,technician,married,university.degree,no,yes,no,cellular,may,mon,262.0,3,999,0,nonexistent,no
4001,59,housemaid,married,basic.4y,unknown,no,no,cellular,jul,tue,121.0,2,999,0,nonexistent,no
4002,25,student,single,high.school,no,no,no,cellular,jun,mon,485.0,2,999,0,nonexistent,yes
4003,36,housemaid,married,basic.4y,no,no,no,cellular,nov,tue,242.0,1,999,1,failure,no
4004,37,admin.,married,university.degree,no,yes,no,cellular,jul,tue,75.0,3,999,0,nonexistent,no
4005,45,services,married,basic.9y,no,no,no,cellular,jul,thu,50.0,1,999,0,nonexistent,no
4006,26,admin.,married,high.school,no,yes,yes,cellular,jun,tue,142.0,1,999,0,nonexistent,no
4007,41,services,divorced,high.school,no,yes,yes,telephone,jun,mon,273.0,1,999,0,nonexistent,no
4008,27,admin.,single,high.school,no,no,no,cellular,jun,tue,586.0,2,999,0,nonexistent,yes
4009,38,technician,married,university.degree,no,yes,no,cellular,aug,wed,220.0,5,999,0,nonexistent,no
4010,34,admin.,married,high.school,unknown,yes,no,cellular,aug,fri,96.0,1,999,0,nonexistent,no
4011,36,blue-collar,single,high.school,unknown,no,no,telephone,may,mon,90.0,2,999,0,nonexistent,no
4012,57,blue-collar,married,basic.4y,unknown,yes,no,telephone,jun,tue,43.0,5,999,0,nonexistent,no
4013,26,admin.,single,university.degree,no,no,no,cellular,oct,fri,133.0,2,999,1,failure,no
4014,49,blue-collar,married,basic.4y,unknown,yes,no,telephone,may,wed,61.0,1,999,0,nonexistent,no
4015,44,blue-collar,married,basic.6y,no,yes,yes,cellular,aug,tue,222.0,2,999,0,nonexistent,no
4016,35,entrepreneur,married,high.school,no,yes,no,cellular,may,mon,508.0,3,999,2,failure,no
4017,35,technician,single,professional.course,no,no,no,telephone,jun,wed,394.0,3,999,0,nonexistent,no
4018,25,admin.,married,high.school,no,no,no,cellular,jul,thu,298.0,1,999,0,nonexistent,no
4019,33,services,married,high.school,unknown,no,no,telephone,may,tue,131.0,1,999,0,nonexistent,no
4020,44,admin.,divorced,high.school,no,no,no,cellular,oct,thu,634.0,1,999,0,nonexistent,no
4021,36,services,married,high.school,no,no,no,cellular,jul,thu,211.0,1,999,0,nonexistent,no
4022,35,housemaid,married,basic.4y,no,yes,no,cellular,jul,tue,38.0,1,999,0,nonexistent,no
4023,37,management,married,unknown,no,yes,no,cellular,jul,tue,70.0,9,999,0,nonexistent,no
4024,42,blue-collar,single,basic.9y,no,no,no,telephone,jun,mon,306.0,5,999,0,nonexistent,no
4025,36,management,divorced,university.degree,no,yes,no,cellular,jul,tue,233.0,1,999,0,nonexistent,no
4026,32,housemaid,married,university.degree,no,yes,yes,cellular,aug,wed,73.0,1,999,0,nonexistent,no
4027,50,technician,married,professional.course,no,yes,no,telephone,may,fri,1003.0,1,999,0,nonexistent,no
4028,40,admin.,divorced,university.degree,no,yes,no,telephone,may,tue,380.0,1,999,0,nonexistent,no
4029,71,retired,married,basic.4y,no,no,no,cellular,apr,mon,328.0,2,4,1,success,yes
4030,25,technician,unknown,university.degree,no,yes,yes,cellular,may,mon,150.0,1,999,0,nonexistent,no
4031,55,management,married,unknown,no,yes,yes,telephone,may,wed,77.0,2,999,0,nonexistent,no
4032,57,blue-collar,married,basic.9y,no,yes,no,cellular,aug,mon,88.0,2,999,0,nonexistent,no
4033,33,management,single,university.degree,no,yes,no,cellular,jul,mon,400.0,3,999,0,nonexistent,no
4034,43,blue-collar,married,basic.9y,no,yes,no,telephone,may,wed,141.0,2,999,0,nonexistent,no
4035,56,entrepreneur,married,university.degree,no,no,no,cellular,apr,thu,196.0,1,2,1,success,no
4036,55,blue-collar,married,basic.4y,unknown,yes,no,telephone,may,thu,186.0,5,999,0,nonexistent,no
4037,39,blue-collar,married,basic.9y,no,no,no,telephone,may,tue,218.0,1,999,0,nonexistent,no
4038,50,technician,married,high.school,no,yes,no,cellular,jul,thu,196.0,2,999,0,nonexistent,no
4039,41,blue-collar,married,basic.4y,no,yes,no,cellular,may,tue,234.0,1,999,2,failure,no
4040,58,technician,divorced,professional.course,unknown,no,no,cellular,aug,wed,36.0,6,999,0,nonexistent,no
4041,44,blue-collar,married,basic.4y,no,yes,no,cellular,aug,tue,294.0,3,999,0,nonexistent,no
4042,31,technician,married,professional.course,unknown,yes,yes,cellular,aug,thu,49.0,1,999,0,nonexistent,no
4043,64,retired,married,basic.4y,no,unknown,unknown,telephone,aug,fri,245.0,3,999,0,nonexistent,yes
4044,64,unknown,married,unknown,no,no,no,cellular,nov,mon,78.0,1,3,3,success,no
4045,55,retired,divorced,high.school,no,no,no,cellular,jul,mon,609.0,6,999,0,nonexistent,no
4046,36,blue-collar,single,professional.course,unknown,yes,yes,telephone,apr,mon,73.0,3,999,1,failure,no
4047,45,admin.,married,university.degree,no,yes,no,cellular,aug,mon,226.0,1,999,0,nonexistent,no
4048,34,admin.,married,high.school,no,yes,yes,cellular,may,mon,528.0,1,999,0,nonexistent,no
4049,37,blue-collar,single,basic.6y,no,yes,no,cellular,may,fri,76.0,2,999,0,nonexistent,no
4050,39,self-employed,married,university.degree,no,no,no,cellular,nov,tue,115.0,2,999,0,nonexistent,no
4051,37,blue-collar,divorced,basic.9y,no,yes,no,telephone,may,thu,604.0,4,999,0,nonexistent,yes
4052,58,admin.,married,university.degree,no,no,no,cellular,aug,tue,373.0,4,999,0,nonexistent,no
4053,57,blue-collar,married,basic.9y,no,yes,no,telephone,jul,wed,106.0,1,999,0,nonexistent,no
4054,40,technician,single,university.degree,no,yes,no,cellular,aug,fri,117.0,2,999,0,nonexistent,no
4055,37,services,married,high.school,no,yes,no,telephone,may,fri,26.0,1,999,1,failure,no
4056,52,services,divorced,high.school,unknown,yes,yes,cellular,nov,mon,652.0,2,999,1,failure,yes
4057,38,admin.,married,university.degree,no,no,no,telephone,nov,thu,71.0,1,13,1,success,yes
4058,34,technician,single,university.degree,no,no,no,cellular,mar,thu,251.0,1,999,2,failure,yes
4059,37,admin.,single,university.degree,no,no,no,cellular,oct,fri,416.0,2,999,0,nonexistent,yes
4060,41,housemaid,married,basic.4y,unknown,no,no,cellular,aug,thu,107.0,1,999,0,nonexistent,no
4061,52,admin.,divorced,university.degree,unknown,yes,no,cellular,aug,fri,172.0,1,999,0,nonexistent,no
4062,47,blue-collar,married,unknown,unknown,no,no,telephone,may,thu,361.0,1,999,0,nonexistent,no
4063,33,management,married,basic.4y,no,yes,yes,telephone,may,tue,568.0,4,999,0,nonexistent,yes
4064,67,admin.,married,basic.4y,unknown,no,no,cellular,oct,thu,299.0,2,2,2,success,yes
4065,50,services,married,high.school,no,yes,no,cellular,aug,mon,54.0,15,999,0,nonexistent,no
4066,37,services,married,high.school,no,no,no,telephone,may,fri,680.0,3,999,0,nonexistent,no
4067,39,admin.,married,university.degree,no,yes,no,cellular,may,fri,45.0,1,999,0,nonexistent,no
4068,34,blue-collar,married,basic.9y,no,no,yes,telephone,may,tue,100.0,2,999,0,nonexistent,no
4069,25,blue-collar,single,basic.6y,no,no,no,cellular,jul,wed,123.0,2,999,0,nonexistent,no
4070,33,technician,single,university.degree,no,no,yes,cellular,may,wed,118.0,2,999,0,nonexistent,no
4071,25,student,single,high.school,no,yes,no,cellular,may,thu,959.0,3,999,1,failure,yes
4072,34,technician,married,unknown,no,yes,no,cellular,nov,tue,138.0,1,1,4,success,no
4073,56,blue-collar,married,basic.4y,unknown,no,no,telephone,may,fri,1097.0,15,999,0,nonexistent,yes
4074,34,technician,married,university.degree,no,yes,yes,cellular,aug,wed,83.0,3,999,0,nonexistent,no
4075,38,blue-collar,married,basic.6y,unknown,yes,no,cellular,jul,thu,396.0,1,999,0,nonexistent,no
4076,47,admin.,married,university.degree,unknown,no,no,telephone,may,tue,262.0,1,999,0,nonexistent,no
4077,53,entrepreneur,married,basic.9y,no,yes,no,cellular,nov,tue,146.0,2,999,1,failure,no
4078,35,blue-collar,married,basic.4y,no,yes,no,cellular,apr,fri,119.0,1,999,0,nonexistent,no
4079,26,admin.,single,high.school,no,yes,no,telephone,may,thu,918.0,1,999,0,nonexistent,no
4080,30,management,married,university.degree,no,yes,no,cellular,jul,wed,217.0,2,999,0,nonexistent,no
4081,30,blue-collar,single,high.school,no,yes,yes,cellular,may,fri,86.0,2,999,1,failure,no
4082,36,management,married,university.degree,no,yes,no,cellular,nov,wed,157.0,4,999,0,nonexistent,no
4083,37,management,divorced,university.degree,no,yes,no,cellular,nov,thu,256.0,4,999,0,nonexistent,no
4084,42,technician,married,professional.course,no,yes,yes,cellular,may,thu,50.0,2,999,0,nonexistent,no
4085,52,retired,married,university.degree,no,yes,yes,telephone,nov,mon,215.0,3,999,0,nonexistent,no
4086,52,blue-collar,divorced,basic.4y,no,no,no,cellular,apr,thu,474.0,2,999,0,nonexistent,no
4087,33,technician,single,professional.course,no,yes,no,cellular,jul,tue,312.0,1,999,0,nonexistent,no
4088,36,admin.,divorced,university.degree,no,yes,no,telephone,may,wed,95.0,3,999,0,nonexistent,no
4089,42,technician,married,professional.course,unknown,yes,no,telephone,nov,mon,1606.0,1,999,0,nonexistent,no
4090,29,technician,single,unknown,no,no,no,telephone,jun,mon,193.0,4,999,0,nonexistent,no
4091,35,technician,married,university.degree,no,yes,no,cellular,aug,tue,425.0,2,999,1,failure,no
4092,48,blue-collar,married,professional.course,no,no,no,cellular,may,thu,146.0,2,999,2,failure,no
4093,51,admin.,married,basic.9y,no,no,yes,cellular,nov,tue,110.0,5,999,0,nonexistent,no
4094,33,technician,married,high.school,no,yes,no,cellular,may,thu,90.0,5,999,0,nonexistent,no
4095,39,services,single,high.school,unknown,yes,no,telephone,may,tue,62.0,2,999,0,nonexistent,no
4096,52,admin.,divorced,university.degree,unknown,no,no,cellular,jul,tue,188.0,1,999,0,nonexistent,no
4097,30,management,married,university.degree,no,yes,no,telephone,may,thu,117.0,2,999,0,nonexistent,no
4098,38,technician,married,university.degree,no,no,no,cellular,nov,thu,204.0,1,999,0,nonexistent,no
4099,43,technician,married,professional.course,no,yes,no,telephone,may,wed,747.0,3,999,0,nonexistent,no
4100,49,blue-collar,divorced,basic.6y,unknown,yes,no,cellular,jul,thu,188.0,3,999,0,nonexistent,no
4101,31,blue-collar,married,basic.9y,no,no,no,telephone,jun,mon,195.0,2,999,0,nonexistent,no
4102,48,admin.,married,university.degree,no,no,no,cellular,nov,fri,218.0,1,999,0,nonexistent,no
4103,57,technician,married,university.degree,no,no,no,cellular,may,mon,200.0,6,999,1,failure,no
4104,26,blue-collar,single,high.school,no,no,no,telephone,may,fri,203.0,1,999,0,nonexistent,no
4105,58,unknown,married,basic.4y,no,yes,no,telephone,may,wed,210.0,1,999,0,nonexistent,no
4106,54,retired,married,professional.course,no,yes,no,telephone,jun,fri,40.0,2,999,0,nonexistent,no
4107,31,blue-collar,married,basic.9y,no,yes,no,cellular,nov,wed,167.0,3,999,0,nonexistent,no
4108,32,management,single,university.degree,no,yes,no,cellular,mar,mon,116.0,1,999,0,nonexistent,yes
4109,66,unknown,divorced,unknown,unknown,yes,no,cellular,may,wed,82.0,2,999,1,failure,no
4110,52,admin.,married,university.degree,unknown,yes,no,telephone,jun,wed,272.0,3,999,0,nonexistent,no
4111,47,technician,married,professional.course,no,no,no,cellular,nov,tue,233.0,1,999,1,failure,no
4112,46,management,married,high.school,unknown,no,no,cellular,may,tue,692.0,4,999,1,failure,no
4113,26,blue-collar,single,basic.9y,no,yes,yes,cellular,may,fri,245.0,9,999,1,failure,no
4114,47,admin.,divorced,university.degree,no,yes,no,telephone,may,mon,256.0,4,999,0,nonexistent,no
4115,33,blue-collar,single,high.school,no,no,no,cellular,may,mon,599.0,2,999,0,nonexistent,no
4116,44,technician,divorced,professional.course,no,no,no,cellular,jul,mon,250.0,2,999,0,nonexistent,no
4117,35,services,married,basic.9y,no,yes,yes,cellular,jul,wed,252.0,6,999,0,nonexistent,no
4118,35,management,single,university.degree,no,unknown,unknown,cellular,may,mon,246.0,1,999,0,nonexistent,no
4119,55,admin.,married,university.degree,no,yes,yes,cellular,apr,mon,204.0,3,999,0,nonexistent,no
4120,56,admin.,divorced,high.school,no,yes,no,cellular,nov,fri,176.0,2,999,0,nonexistent,no
4121,24,services,married,high.school,no,no,no,cellular,may,thu,177.0,2,999,0,nonexistent,no
4122,57,self-employed,married,basic.4y,no,yes,yes,cellular,jul,thu,164.0,2,999,0,nonexistent,no
4123,51,self-employed,married,university.degree,no,yes,yes,cellular,nov,thu,310.0,3,999,0,nonexistent,no
4124,38,blue-collar,single,high.school,unknown,no,no,telephone,jun,thu,277.0,1,999,0,nonexistent,no
4125,35,admin.,married,university.degree,no,no,yes,cellular,aug,wed,65.0,5,999,0,nonexistent,no
4126,58,housemaid,single,professional.course,no,yes,no,cellular,apr,mon,284.0,1,6,1,success,no
4127,59,unemployed,married,basic.4y,no,yes,no,cellular,jun,mon,614.0,1,6,2,success,yes
4128,33,admin.,single,high.school,no,no,no,cellular,apr,fri,405.0,2,999,0,nonexistent,no
4129,40,admin.,married,university.degree,no,yes,no,telephone,jun,tue,370.0,2,999,0,nonexistent,no
4130,36,entrepreneur,married,high.school,no,no,yes,cellular,nov,mon,41.0,1,999,0,nonexistent,no
4131,46,technician,married,university.degree,no,yes,no,cellular,aug,thu,13.0,14,999,0,nonexistent,no
4132,56,services,single,high.school,no,no,yes,cellular,aug,tue,555.0,3,999,0,nonexistent,yes
4133,39,blue-collar,single,basic.9y,no,no,no,cellular,may,mon,264.0,3,999,0,nonexistent,no
4134,61,retired,married,basic.9y,no,yes,yes,cellular,sep,fri,104.0,2,999,0,nonexistent,no
4135,46,blue-collar,married,high.school,unknown,yes,no,cellular,jul,thu,497.0,2,999,0,nonexistent,no
4136,35,technician,married,professional.course,no,no,no,cellular,jul,mon,80.0,3,999,0,nonexistent,no
4137,32,blue-collar,married,basic.9y,no,yes,yes,cellular,may,thu,252.0,2,999,0,nonexistent,no
4138,58,admin.,married,high.school,no,yes,no,telephone,may,mon,574.0,3,999,0,nonexistent,no
4139,45,blue-collar,married,unknown,no,yes,no,cellular,apr,fri,666.0,3,999,1,failure,no
4140,83,retired,married,basic.9y,no,no,no,cellular,oct,fri,138.0,2,999,0,nonexistent,no
4141,55,admin.,single,university.degree,unknown,no,no,cellular,nov,mon,142.0,1,999,0,nonexistent,no
4142,29,admin.,single,high.school,no,yes,no,telephone,jun,wed,184.0,2,999,0,nonexistent,no
4143,63,technician,married,professional.course,no,no,no,cellular,oct,tue,157.0,1,999,0,nonexistent,no
4144,36,blue-collar,married,basic.9y,no,yes,no,cellular,jul,thu,181.0,2,999,0,nonexistent,no
4145,27,admin.,single,university.degree,no,no,yes,cellular,jul,thu,242.0,1,999,0,nonexistent,no
4146,40,admin.,married,basic.9y,unknown,yes,yes,telephone,may,mon,184.0,4,999,0,nonexistent,no
4147,52,entrepreneur,married,university.degree,unknown,yes,no,cellular,jul,tue,167.0,3,999,0,nonexistent,no
4148,40,services,divorced,high.school,no,yes,no,telephone,jun,fri,685.0,3,999,0,nonexistent,yes
4149,30,admin.,divorced,university.degree,no,yes,no,cellular,may,fri,1598.0,4,999,1,failure,yes
4150,33,technician,married,basic.9y,no,no,no,telephone,may,mon,493.0,1,999,0,nonexistent,no
4151,33,blue-collar,married,basic.9y,no,yes,no,cellular,may,mon,457.0,1,999,0,nonexistent,no
4152,29,blue-collar,single,basic.6y,no,yes,no,telephone,jul,tue,151.0,1,999,0,nonexistent,no
4153,31,admin.,married,university.degree,no,no,no,cellular,aug,tue,336.0,6,999,0,nonexistent,no
4154,58,services,married,basic.4y,no,yes,no,telephone,jun,wed,279.0,1,999,0,nonexistent,no
4155,48,admin.,married,university.degree,no,yes,no,cellular,aug,wed,113.0,2,999,0,nonexistent,no
4156,41,blue-collar,married,basic.6y,no,yes,yes,telephone,jul,wed,47.0,1,999,0,nonexistent,no
4157,54,admin.,married,high.school,no,no,no,telephone,jun,thu,361.0,1,999,0,nonexistent,no
4158,35,unemployed,divorced,high.school,unknown,yes,no,telephone,jun,mon,51.0,1,999,0,nonexistent,no
4159,26,blue-collar,married,high.school,no,yes,no,cellular,jul,thu,49.0,1,999,0,nonexistent,no
4160,36,technician,divorced,basic.9y,no,no,no,telephone,jul,wed,372.0,1,999,0,nonexistent,no
4161,80,retired,married,basic.4y,no,no,no,telephone,jul,thu,552.0,2,999,0,nonexistent,yes
4162,32,services,married,professional.course,no,yes,no,cellular,may,tue,146.0,3,999,1,failure,no
4163,55,unknown,married,unknown,unknown,yes,no,cellular,aug,thu,60.0,4,999,0,nonexistent,no
4164,40,technician,married,professional.course,no,yes,no,telephone,nov,tue,33.0,4,999,0,nonexistent,no
4165,34,technician,single,university.degree,no,yes,no,telephone,jul,thu,202.0,5,999,0,nonexistent,no
4166,31,housemaid,married,professional.course,no,yes,no,telephone,jun,wed,36.0,1,999,0,nonexistent,no
4167,40,management,married,university.degree,no,no,no,cellular,nov,fri,132.0,1,999,0,nonexistent,no
4168,35,self-employed,single,university.degree,no,no,no,cellular,jul,wed,157.0,1,999,0,nonexistent,no
4169,33,admin.,married,university.degree,no,yes,no,cellular,may,fri,180.0,1,999,0,nonexistent,no
4170,41,management,married,unknown,no,no,no,telephone,may,wed,345.0,2,999,0,nonexistent,no
4171,39,blue-collar,married,basic.6y,no,no,yes,cellular,may,wed,223.0,2,999,1,failure,no
4172,59,retired,married,high.school,unknown,yes,no,cellular,jul,wed,81.0,1,999,0,nonexistent,no
4173,41,technician,married,university.degree,no,yes,no,cellular,aug,thu,511.0,2,999,0,nonexistent,no
4174,37,blue-collar,married,basic.9y,unknown,no,no,telephone,may,tue,258.0,5,999,0,nonexistent,no
4175,45,services,married,basic.6y,no,no,no,cellular,may,tue,58.0,1,999,0,nonexistent,no
4176,29,admin.,single,university.degree,no,yes,no,cellular,apr,wed,145.0,1,999,0,nonexistent,yes
4177,43,admin.,married,high.school,no,yes,no,cellular,jul,mon,24.0,28,999,0,nonexistent,no
4178,37,blue-collar,married,basic.9y,unknown,no,no,cellular,jul,fri,106.0,2,999,0,nonexistent,no
4179,37,blue-collar,married,basic.6y,unknown,no,no,cellular,may,thu,635.0,2,999,0,nonexistent,no
4180,44,management,single,university.degree,unknown,yes,no,telephone,may,mon,745.0,4,999,0,nonexistent,yes
4181,45,technician,married,professional.course,no,no,no,telephone,nov,thu,35.0,2,999,0,nonexistent,no
4182,31,blue-collar,married,basic.9y,no,yes,no,telephone,may,fri,127.0,1,999,0,nonexistent,no
4183,52,admin.,married,unknown,no,no,no,cellular,aug,tue,91.0,1,999,0,nonexistent,no
4184,32,services,divorced,high.school,no,yes,no,cellular,jul,thu,207.0,1,999,0,nonexistent,no
4185,39,admin.,married,university.degree,no,yes,no,cellular,nov,mon,44.0,1,999,1,failure,no
4186,36,admin.,single,high.school,no,yes,no,cellular,aug,tue,320.0,1,999,0,nonexistent,no
4187,25,admin.,married,university.degree,no,yes,no,cellular,apr,mon,137.0,1,999,1,failure,no
4188,56,technician,married,professional.course,unknown,no,no,cellular,apr,mon,136.0,3,999,0,nonexistent,no
4189,40,technician,married,professional.course,no,yes,no,cellular,aug,mon,100.0,2,999,0,nonexistent,no
4190,52,entrepreneur,married,university.degree,unknown,no,yes,telephone,jun,fri,60.0,3,999,0,nonexistent,no
4191,36,management,divorced,university.degree,no,yes,no,cellular,jun,mon,422.0,1,3,4,success,yes
4192,38,unemployed,divorced,university.degree,no,yes,no,telephone,may,wed,152.0,3,999,0,nonexistent,no
4193,35,technician,married,university.degree,unknown,no,no,cellular,nov,wed,698.0,1,999,0,nonexistent,no
4194,25,student,single,high.school,no,yes,no,cellular,oct,fri,234.0,1,3,1,success,yes
4195,32,services,married,basic.4y,unknown,no,no,cellular,jul,mon,891.0,4,999,0,nonexistent,yes
4196,36,admin.,single,university.degree,no,yes,no,telephone,nov,thu,42.0,1,999,0,nonexistent,no
4197,38,services,married,basic.9y,no,yes,no,cellular,apr,thu,220.0,1,999,1,failure,no
4198,54,blue-collar,married,basic.4y,no,no,yes,cellular,aug,tue,299.0,1,999,0,nonexistent,no
4199,39,blue-collar,married,basic.6y,no,yes,yes,cellular,may,tue,225.0,1,999,0,nonexistent,no
4200,32,admin.,married,university.degree,no,yes,no,cellular,jul,thu,144.0,1,999,0,nonexistent,no
4201,33,services,married,basic.9y,no,no,no,cellular,may,thu,225.0,3,999,1,failure,no
4202,36,services,married,high.school,no,yes,yes,cellular,aug,thu,227.0,2,999,1,failure,yes
4203,36,management,married,university.degree,no,no,no,cellular,jun,tue,265.0,1,999,1,failure,yes
4204,29,admin.,married,basic.9y,no,yes,no,cellular,jul,fri,273.0,3,999,0,nonexistent,no
4205,21,services,single,high.school,no,yes,no,cellular,apr,thu,374.0,3,999,0,nonexistent,no
4206,37,management,single,university.degree,no,no,no,telephone,jun,wed,76.0,3,999,0,nonexistent,no
4207,41,blue-collar,married,basic.4y,unknown,no,no,cellular,jul,mon,103.0,3,999,0,nonexistent,no
4208,46,technician,married,basic.9y,unknown,yes,no,cellular,jul,tue,267.0,1,999,0,nonexistent,no
4209,40,admin.,married,high.school,no,yes,no,cellular,nov,wed,570.0,1,999,0,nonexistent,no
4210,39,technician,married,university.degree,no,no,no,cellular,oct,fri,170.0,1,6,1,success,yes
4211,44,blue-collar,married,basic.9y,no,no,no,cellular,may,thu,556.0,3,999,0,nonexistent,no
4212,29,services,single,basic.9y,no,yes,no,cellular,may,fri,79.0,2,999,1,failure,no
4213,27,blue-collar,single,high.school,no,no,no,cellular,oct,tue,253.0,1,999,2,failure,yes
4214,37,unemployed,married,professional.course,no,no,no,cellular,nov,wed,144.0,1,999,0,nonexistent,no
4215,28,technician,single,professional.course,no,yes,yes,cellular,may,wed,196.0,1,999,0,nonexistent,no
4216,31,technician,married,university.degree,no,yes,no,cellular,may,mon,15.0,8,999,0,nonexistent,no
4217,37,blue-collar,divorced,basic.9y,no,yes,no,cellular,apr,mon,23.0,4,999,0,nonexistent,no
4218,33,technician,married,professional.course,no,yes,no,telephone,may,mon,307.0,4,999,0,nonexistent,no
4219,57,blue-collar,married,basic.4y,unknown,no,yes,cellular,aug,wed,203.0,1,999,0,nonexistent,no
4220,36,technician,married,professional.course,no,unknown,unknown,telephone,may,tue,155.0,2,999,0,nonexistent,no
4221,37,admin.,divorced,university.degree,no,yes,no,telephone,may,wed,72.0,1,999,0,nonexistent,no
4222,42,blue-collar,married,basic.4y,unknown,no,no,telephone,may,wed,332.0,2,999,0,nonexistent,no
4223,41,blue-collar,married,basic.6y,no,no,no,telephone,may,tue,592.0,1,999,0,nonexistent,no
4224,50,blue-collar,divorced,basic.9y,unknown,no,no,telephone,may,wed,832.0,2,999,0,nonexistent,no
4225,53,services,divorced,high.school,unknown,no,yes,cellular,apr,thu,653.0,1,999,0,nonexistent,no
4226,27,services,single,basic.9y,no,no,no,telephone,jul,wed,120.0,4,999,0,nonexistent,no
4227,55,retired,married,basic.9y,no,yes,no,cellular,aug,fri,96.0,2,999,0,nonexistent,no
4228,61,admin.,married,high.school,no,no,no,telephone,nov,wed,508.0,4,999,0,nonexistent,no
4229,59,admin.,married,professional.course,no,no,no,telephone,may,mon,139.0,1,999,0,nonexistent,no
4230,43,management,married,university.degree,unknown,no,no,cellular,apr,fri,121.0,2,999,0,nonexistent,no
4231,38,blue-collar,married,basic.9y,unknown,no,no,cellular,jul,tue,283.0,2,999,0,nonexistent,no
4232,34,management,married,university.degree,no,no,no,cellular,apr,fri,433.0,1,999,0,nonexistent,no
4233,26,services,single,high.school,no,yes,no,telephone,jul,fri,200.0,3,999,0,nonexistent,no
4234,46,blue-collar,married,basic.4y,unknown,no,no,telephone,jun,thu,446.0,1,999,0,nonexistent,no
4235,46,admin.,single,university.degree,no,yes,no,telephone,jun,tue,198.0,1,999,0,nonexistent,no
4236,29,admin.,divorced,university.degree,no,no,no,telephone,may,thu,101.0,2,999,0,nonexistent,no
4237,37,admin.,divorced,high.school,unknown,yes,yes,telephone,may,wed,354.0,5,999,0,nonexistent,no
4238,34,technician,married,high.school,no,yes,no,cellular,aug,fri,107.0,1,999,0,nonexistent,no
4239,30,technician,single,professional.course,unknown,yes,yes,cellular,aug,mon,74.0,2,999,0,nonexistent,no
4240,36,entrepreneur,single,university.degree,no,no,no,telephone,jun,tue,140.0,2,999,0,nonexistent,no
4241,29,services,single,high.school,no,yes,no,cellular,may,thu,332.0,2,999,1,failure,no
4242,50,self-employed,married,basic.9y,unknown,no,no,cellular,may,thu,291.0,1,999,0,nonexistent,no
4243,29,blue-collar,single,professional.course,no,yes,no,telephone,may,mon,57.0,7,999,0,nonexistent,no
4244,54,retired,married,basic.9y,unknown,no,no,telephone,may,fri,370.0,2,999,0,nonexistent,no
4245,54,admin.,divorced,unknown,no,yes,yes,cellular,jul,mon,269.0,7,999,0,nonexistent,no
4246,57,retired,married,professional.course,unknown,yes,no,cellular,aug,tue,155.0,1,999,0,nonexistent,no
4247,37,admin.,single,high.school,no,no,no,cellular,oct,thu,509.0,1,999,0,nonexistent,yes
4248,48,technician,married,university.degree,unknown,yes,no,cellular,aug,thu,409.0,2,999,0,nonexistent,no
4249,38,admin.,married,high.school,no,yes,yes,telephone,jul,wed,64.0,3,999,0,nonexistent,no
4250,54,blue-collar,married,basic.9y,no,yes,no,cellular,jul,mon,144.0,2,999,0,nonexistent,no
4251,43,management,married,professional.course,no,no,no,cellular,nov,tue,42.0,1,999,0,nonexistent,no
4252,29,services,married,high.school,no,yes,no,telephone,may,mon,87.0,6,999,1,failure,no
4253,44,blue-collar,married,unknown,no,no,no,telephone,jun,thu,239.0,1,999,0,nonexistent,no
4254,42,admin.,married,basic.9y,no,yes,no,telephone,may,fri,164.0,8,999,0,nonexistent,no
4255,40,technician,married,professional.course,no,yes,no,cellular,may,mon,94.0,1,999,0,nonexistent,no
4256,53,blue-collar,divorced,basic.4y,no,yes,no,cellular,jul,tue,648.0,2,999,0,nonexistent,yes
4257,39,services,single,high.school,unknown,yes,no,telephone,jun,mon,332.0,1,999,0,nonexistent,no
4258,32,technician,single,high.school,no,yes,no,cellular,aug,tue,78.0,3,999,0,nonexistent,no
4259,39,admin.,single,university.degree,no,yes,yes,cellular,jul,wed,59.0,1,999,0,nonexistent,no
4260,36,blue-collar,single,high.school,no,no,yes,cellular,may,wed,1347.0,2,999,1,failure,yes
4261,70,retired,divorced,university.degree,no,no,no,cellular,sep,fri,399.0,2,999,0,nonexistent,no
4262,42,admin.,married,university.degree,no,yes,no,telephone,nov,tue,217.0,2,999,0,nonexistent,no
4263,53,management,married,basic.4y,no,no,no,cellular,nov,wed,164.0,2,999,0,nonexistent,no
4264,49,entrepreneur,married,high.school,no,yes,yes,cellular,may,tue,214.0,3,999,1,failure,no
4265,33,admin.,single,professional.course,no,yes,no,cellular,jul,wed,520.0,2,999,0,nonexistent,no
4266,55,unknown,married,basic.4y,no,yes,no,cellular,jul,thu,1298.0,1,999,0,nonexistent,yes
4267,45,blue-collar,married,basic.4y,unknown,yes,no,telephone,may,tue,68.0,1,999,0,nonexistent,no
4268,40,admin.,married,university.degree,no,no,no,cellular,aug,mon,23.0,12,999,0,nonexistent,no
4269,58,management,married,unknown,unknown,yes,no,telephone,may,fri,106.0,1,999,0,nonexistent,no
4270,50,blue-collar,married,unknown,unknown,yes,no,cellular,jul,thu,58.0,1,999,0,nonexistent,no
4271,34,admin.,married,high.school,unknown,no,no,cellular,may,fri,67.0,2,999,0,nonexistent,no
4272,35,admin.,single,high.school,no,yes,yes,cellular,jul,wed,652.0,1,999,0,nonexistent,yes
4273,37,housemaid,married,basic.4y,no,yes,no,cellular,jul,tue,70.0,1,999,0,nonexistent,no
4274,39,services,single,university.degree,unknown,yes,no,cellular,nov,thu,689.0,2,999,0,nonexistent,no
4275,29,technician,single,university.degree,no,no,yes,telephone,jul,wed,203.0,2,999,0,nonexistent,no
4276,57,technician,married,professional.course,no,yes,no,cellular,nov,fri,42.0,1,999,0,nonexistent,no
4277,43,blue-collar,married,basic.4y,unknown,yes,no,telephone,may,tue,103.0,3,999,0,nonexistent,no
4278,39,admin.,married,university.degree,no,no,no,cellular,sep,mon,57.0,2,999,0,nonexistent,no
4279,34,technician,married,high.school,unknown,no,no,cellular,aug,tue,188.0,2,999,0,nonexistent,no
4280,39,admin.,married,university.degree,unknown,yes,no,cellular,aug,thu,102.0,1,4,1,success,no
4281,44,services,divorced,high.school,no,yes,yes,cellular,jul,mon,395.0,2,999,0,nonexistent,no
4282,27,technician,single,university.degree,no,yes,no,cellular,dec,tue,305.0,3,10,1,success,yes
4283,44,entrepreneur,married,basic.4y,no,unknown,unknown,cellular,aug,mon,111.0,2,999,0,nonexistent,no
4284,29,admin.,married,basic.9y,no,no,no,cellular,may,thu,113.0,1,999,0,nonexistent,no
4285,28,technician,married,high.school,no,no,no,telephone,may,tue,180.0,1,999,0,nonexistent,no
4286,58,blue-collar,married,basic.4y,no,yes,no,telephone,jul,thu,48.0,6,999,0,nonexistent,no
4287,56,technician,married,professional.course,unknown,yes,no,cellular,nov,fri,266.0,6,999,0,nonexistent,no
4288,42,self-employed,married,professional.course,unknown,unknown,unknown,cellular,may,fri,665.0,1,999,0,nonexistent,no
4289,38,technician,married,professional.course,unknown,no,no,cellular,aug,fri,155.0,2,999,0,nonexistent,no
4290,42,admin.,single,university.degree,no,no,no,telephone,jun,fri,298.0,2,999,0,nonexistent,no
4291,41,technician,married,professional.course,no,yes,no,cellular,aug,mon,984.0,1,999,0,nonexistent,no
4292,48,entrepreneur,married,basic.6y,no,no,no,cellular,may,wed,1369.0,3,999,0,nonexistent,no
4293,36,technician,married,university.degree,no,yes,no,cellular,jul,mon,174.0,1,999,0,nonexistent,no
4294,45,unemployed,married,high.school,no,no,no,cellular,sep,wed,213.0,4,6,2,success,no
4295,24,blue-collar,single,basic.9y,no,yes,no,cellular,jun,wed,406.0,2,999,0,nonexistent,yes
4296,44,management,married,university.degree,no,yes,no,cellular,nov,mon,114.0,1,999,0,nonexistent,no
4297,72,retired,married,professional.course,no,no,no,cellular,mar,fri,87.0,1,3,1,success,yes
4298,50,blue-collar,married,unknown,unknown,no,no,cellular,jul,thu,291.0,2,999,0,nonexistent,no
4299,43,admin.,married,university.degree,no,yes,yes,cellular,jun,tue,146.0,2,999,0,nonexistent,no
4300,40,management,married,university.degree,no,no,no,cellular,may,thu,245.0,1,999,0,nonexistent,no
4301,50,self-employed,divorced,university.degree,no,no,no,cellular,nov,thu,59.0,4,999,0,nonexistent,no
4302,40,services,single,high.school,no,yes,no,cellular,may,tue,208.0,6,999,1,failure,no
4303,20,student,single,unknown,no,yes,no,cellular,apr,tue,81.0,3,999,0,nonexistent,no
4304,38,technician,married,professional.course,unknown,no,no,telephone,may,mon,407.0,2,999,0,nonexistent,no
4305,41,housemaid,married,university.degree,no,yes,no,cellular,aug,thu,36.0,1,999,0,nonexistent,no
4306,31,self-employed,married,university.degree,no,no,yes,telephone,may,mon,179.0,1,999,0,nonexistent,no
4307,50,blue-collar,divorced,professional.course,no,yes,no,cellular,nov,tue,137.0,2,9,3,success,no
4308,23,student,single,basic.4y,no,yes,no,cellular,apr,wed,1372.0,4,999,0,nonexistent,no
4309,43,management,married,university.degree,no,no,no,cellular,aug,mon,121.0,5,999,0,nonexistent,no
4310,53,blue-collar,married,basic.9y,no,no,no,telephone,may,fri,130.0,2,999,0,nonexistent,no
4311,41,blue-collar,married,professional.course,unknown,no,no,cellular,apr,fri,247.0,1,999,0,nonexistent,no
4312,32,services,married,high.school,unknown,yes,no,cellular,may,mon,126.0,1,999,0,nonexistent,no
4313,31,housemaid,divorced,high.school,no,no,no,telephone,jun,thu,57.0,1,999,0,nonexistent,no
4314,66,retired,married,basic.4y,no,yes,no,cellular,apr,wed,512.0,11,999,0,nonexistent,yes
4315,44,blue-collar,married,basic.6y,unknown,yes,no,telephone,may,tue,212.0,1,999,0,nonexistent,no
4316,41,blue-collar,married,basic.9y,no,no,no,telephone,may,thu,500.0,1,999,0,nonexistent,yes
4317,46,self-employed,married,university.degree,no,no,no,cellular,aug,wed,696.0,3,999,0,nonexistent,no
4318,35,technician,married,professional.course,no,no,no,cellular,aug,mon,90.0,2,999,0,nonexistent,no
4319,80,housemaid,married,basic.4y,no,yes,yes,cellular,apr,tue,232.0,1,12,1,success,yes
4320,38,technician,single,professional.course,no,no,no,cellular,jul,fri,59.0,4,999,0,nonexistent,no
4321,44,admin.,married,basic.9y,no,yes,no,cellular,may,mon,55.0,1,999,2,failure,no
4322,41,blue-collar,married,basic.9y,no,no,yes,cellular,apr,fri,351.0,1,999,0,nonexistent,no
4323,39,admin.,married,university.degree,unknown,yes,no,cellular,jul,thu,101.0,9,999,0,nonexistent,no
4324,38,blue-collar,married,basic.4y,no,no,no,telephone,jul,tue,292.0,1,999,0,nonexistent,no
4325,30,self-employed,married,university.degree,no,yes,no,telephone,jul,thu,311.0,27,999,0,nonexistent,no
4326,55,management,married,university.degree,unknown,no,no,telephone,may,tue,142.0,2,999,0,nonexistent,no
4327,40,entrepreneur,married,basic.4y,no,yes,yes,cellular,nov,wed,322.0,3,999,0,nonexistent,no
4328,46,housemaid,married,basic.4y,unknown,yes,no,cellular,jul,mon,31.0,20,999,0,nonexistent,no
4329,49,unemployed,single,high.school,no,yes,no,telephone,nov,fri,136.0,2,999,1,failure,no
4330,44,housemaid,single,unknown,unknown,yes,yes,telephone,may,fri,234.0,2,999,0,nonexistent,no
4331,50,technician,married,professional.course,no,yes,no,telephone,may,fri,855.0,2,999,0,nonexistent,yes
4332,33,services,married,high.school,no,yes,no,cellular,apr,thu,524.0,2,999,0,nonexistent,no
4333,55,admin.,married,high.school,no,yes,no,cellular,jun,mon,177.0,5,999,1,failure,no
4334,47,entrepreneur,married,university.degree,no,yes,no,telephone,jun,mon,580.0,3,999,0,nonexistent,no
4335,31,blue-collar,married,basic.9y,no,no,no,telephone,jun,mon,19.0,21,999,0,nonexistent,no
4336,34,admin.,single,high.school,no,no,no,telephone,jun,tue,423.0,1,999,0,nonexistent,no
4337,25,blue-collar,married,basic.9y,no,no,no,telephone,may,wed,149.0,2,999,0,nonexistent,no
4338,39,technician,married,basic.6y,no,no,yes,telephone,may,mon,155.0,3,999,0,nonexistent,no
4339,35,blue-collar,single,basic.6y,unknown,yes,no,cellular,jul,mon,153.0,1,999,0,nonexistent,no
4340,29,admin.,single,high.school,no,yes,no,cellular,jul,mon,231.0,2,999,0,nonexistent,no
4341,37,management,single,university.degree,no,no,no,telephone,may,thu,287.0,2,999,0,nonexistent,no
4342,38,blue-collar,married,unknown,no,yes,no,cellular,jul,wed,131.0,1,999,0,nonexistent,no
4343,34,blue-collar,married,basic.4y,no,yes,no,cellular,jun,mon,75.0,2,999,0,nonexistent,no
4344,53,technician,married,professional.course,unknown,yes,yes,telephone,may,wed,117.0,2,999,0,nonexistent,no
4345,41,admin.,divorced,high.school,no,no,no,cellular,apr,fri,620.0,1,999,0,nonexistent,no
4346,40,blue-collar,divorced,basic.9y,no,no,no,cellular,jul,thu,50.0,4,999,0,nonexistent,no
4347,26,blue-collar,single,high.school,unknown,no,no,telephone,may,tue,106.0,1,999,0,nonexistent,no
4348,35,technician,married,professional.course,no,yes,no,cellular,aug,mon,185.0,1,999,0,nonexistent,no
4349,39,blue-collar,married,basic.9y,unknown,no,no,cellular,nov,wed,73.0,1,999,0,nonexistent,no
4350,49,blue-collar,married,basic.9y,unknown,no,no,telephone,jun,fri,95.0,1,999,0,nonexistent,no
4351,43,management,married,university.degree,no,yes,no,cellular,may,wed,192.0,1,999,0,nonexistent,no
4352,29,technician,married,professional.course,no,no,no,telephone,may,fri,886.0,3,999,0,nonexistent,yes
4353,33,management,married,university.degree,no,no,no,telephone,may,mon,405.0,3,999,0,nonexistent,no
4354,32,blue-collar,married,basic.4y,no,no,yes,telephone,jul,tue,605.0,1,999,0,nonexistent,no
4355,30,services,single,high.school,no,yes,yes,cellular,may,mon,178.0,1,999,0,nonexistent,no
4356,44,blue-collar,married,basic.6y,no,no,no,cellular,may,wed,288.0,1,999,1,failure,no
4357,31,admin.,divorced,professional.course,no,yes,no,cellular,mar,tue,292.0,2,999,1,failure,yes
4358,51,technician,married,professional.course,unknown,yes,no,cellular,aug,wed,365.0,2,999,0,nonexistent,no
4359,44,blue-collar,married,basic.9y,no,no,no,cellular,jul,fri,41.0,3,999,0,nonexistent,no
4360,34,technician,single,university.degree,no,yes,no,cellular,aug,thu,90.0,1,999,0,nonexistent,no
4361,51,blue-collar,married,basic.4y,no,yes,yes,telephone,jun,fri,18.0,2,999,0,nonexistent,no
4362,60,blue-collar,divorced,basic.4y,unknown,no,no,cellular,jul,wed,105.0,3,999,0,nonexistent,no
4363,43,blue-collar,married,basic.9y,no,yes,no,cellular,may,thu,93.0,4,999,2,failure,no
4364,34,unknown,married,basic.4y,no,yes,yes,cellular,apr,thu,94.0,1,999,0,nonexistent,no
4365,55,retired,married,high.school,no,yes,no,cellular,oct,thu,424.0,2,7,1,success,yes
4366,31,admin.,married,university.degree,no,yes,no,telephone,nov,mon,44.0,1,999,0,nonexistent,no
4367,35,management,married,university.degree,no,no,no,cellular,jul,wed,182.0,1,999,0,nonexistent,no
4368,45,admin.,married,university.degree,unknown,yes,no,telephone,may,tue,99.0,6,999,0,nonexistent,no
4369,44,technician,married,professional.course,no,no,no,telephone,may,fri,124.0,3,999,0,nonexistent,no
4370,49,admin.,unknown,university.degree,no,no,no,cellular,aug,thu,1532.0,1,999,0,nonexistent,yes
4371,35,admin.,married,university.degree,no,no,no,cellular,nov,thu,533.0,2,999,0,nonexistent,no
4372,43,admin.,married,high.school,no,yes,no,cellular,may,wed,200.0,1,999,0,nonexistent,no
4373,42,blue-collar,married,basic.4y,no,yes,no,cellular,may,tue,196.0,1,999,0,nonexistent,no
4374,34,technician,married,university.degree,no,no,no,cellular,jul,thu,153.0,3,999,0,nonexistent,no
4375,37,admin.,married,high.school,no,no,no,telephone,jun,mon,155.0,3,999,0,nonexistent,no
4376,56,retired,married,university.degree,no,yes,no,cellular,jun,wed,252.0,1,999,2,failure,no
4377,34,admin.,single,high.school,no,no,no,telephone,may,thu,80.0,1,999,0,nonexistent,no
4378,31,technician,married,university.degree,no,no,no,cellular,aug,fri,379.0,2,999,0,nonexistent,no
4379,83,housemaid,divorced,basic.4y,no,yes,no,cellular,jul,tue,667.0,2,3,1,success,yes
4380,34,blue-collar,married,basic.6y,no,no,yes,telephone,may,wed,137.0,1,999,1,failure,no
4381,31,technician,married,university.degree,no,no,no,cellular,aug,thu,158.0,1,999,0,nonexistent,no
4382,51,blue-collar,married,basic.9y,unknown,no,no,telephone,may,mon,289.0,1,999,0,nonexistent,no
4383,55,blue-collar,married,basic.4y,no,no,no,cellular,aug,fri,94.0,1,999,0,nonexistent,no
4384,28,blue-collar,single,basic.9y,no,no,no,cellular,may,thu,111.0,1,999,1,failure,no
4385,55,admin.,divorced,high.school,no,no,no,cellular,nov,wed,67.0,3,999,0,nonexistent,no
4386,56,admin.,divorced,unknown,unknown,yes,no,telephone,may,thu,134.0,1,999,0,nonexistent,no
4387,44,admin.,single,university.degree,no,yes,yes,cellular,nov,thu,90.0,4,999,0,nonexistent,no
4388,26,blue-collar,single,professional.course,no,no,no,cellular,jul,mon,74.0,6,999,0,nonexistent,no
4389,42,blue-collar,married,basic.9y,unknown,yes,no,telephone,jun,mon,175.0,3,999,0,nonexistent,no
4390,37,admin.,married,high.school,no,yes,no,cellular,apr,fri,439.0,2,999,1,failure,no
4391,29,blue-collar,married,basic.9y,unknown,yes,no,cellular,may,thu,297.0,2,999,0,nonexistent,no
4392,44,admin.,divorced,university.degree,unknown,yes,no,cellular,aug,thu,191.0,1,999,0,nonexistent,no
4393,39,admin.,single,high.school,no,no,no,cellular,apr,mon,159.0,2,999,0,nonexistent,no
4394,34,technician,single,university.degree,no,yes,no,cellular,aug,mon,156.0,1,999,0,nonexistent,no
4395,38,blue-collar,single,high.school,unknown,yes,no,telephone,may,fri,158.0,3,999,0,nonexistent,no
4396,48,blue-collar,married,basic.4y,no,yes,no,cellular,jul,tue,264.0,1,999,0,nonexistent,no
4397,43,services,married,high.school,no,no,no,telephone,may,mon,77.0,1,999,0,nonexistent,no
4398,71,retired,married,basic.9y,no,yes,yes,cellular,jul,fri,230.0,6,999,0,nonexistent,yes
4399,39,services,married,high.school,no,no,no,telephone,may,tue,132.0,2,999,0,nonexistent,no
4400,30,technician,single,university.degree,no,yes,no,cellular,may,tue,150.0,1,999,0,nonexistent,no
4401,36,services,married,basic.9y,unknown,yes,no,cellular,nov,thu,90.0,2,999,0,nonexistent,no
4402,39,technician,married,professional.course,no,yes,no,cellular,aug,mon,247.0,1,4,1,success,no
4403,46,blue-collar,married,high.school,unknown,no,no,cellular,jul,thu,134.0,1,999,0,nonexistent,no
4404,54,technician,married,professional.course,unknown,no,yes,cellular,aug,mon,281.0,3,999,0,nonexistent,no
4405,40,admin.,married,university.degree,no,yes,no,cellular,aug,mon,55.0,1,999,2,failure,no
4406,30,blue-collar,single,basic.9y,no,no,no,cellular,may,thu,362.0,6,999,0,nonexistent,no
4407,61,retired,married,high.school,no,yes,no,cellular,may,mon,104.0,5,999,0,nonexistent,no
4408,49,entrepreneur,married,unknown,no,no,no,cellular,may,wed,85.0,2,999,0,nonexistent,no
4409,36,entrepreneur,married,basic.9y,no,no,no,cellular,may,mon,257.0,2,999,0,nonexistent,no
4410,37,technician,single,university.degree,no,no,no,cellular,may,thu,336.0,2,999,1,failure,no
4411,48,services,married,high.school,no,no,no,telephone,may,mon,788.0,2,999,0,nonexistent,no
4412,44,blue-collar,married,professional.course,no,no,no,cellular,aug,fri,90.0,4,999,0,nonexistent,no
4413,30,entrepreneur,divorced,basic.6y,no,no,no,cellular,may,thu,422.0,3,999,0,nonexistent,no
4414,32,blue-collar,married,basic.4y,unknown,yes,no,cellular,nov,thu,292.0,2,999,1,failure,no
4415,57,blue-collar,married,basic.4y,no,yes,no,cellular,jul,thu,953.0,1,999,0,nonexistent,no
4416,31,admin.,married,high.school,no,no,no,cellular,jul,thu,363.0,1,999,0,nonexistent,no
4417,52,admin.,married,high.school,no,yes,no,cellular,aug,tue,231.0,4,999,0,nonexistent,no
4418,32,admin.,married,high.school,no,no,no,cellular,may,thu,187.0,1,999,0,nonexistent,no
4419,29,blue-collar,married,high.school,no,yes,no,telephone,jul,wed,42.0,1,999,0,nonexistent,no
4420,45,entrepreneur,married,university.degree,no,no,no,cellular,aug,thu,254.0,2,999,0,nonexistent,no
4421,41,services,married,high.school,unknown,yes,no,telephone,may,mon,679.0,2,999,0,nonexistent,yes
4422,57,services,divorced,high.school,no,yes,no,telephone,may,wed,312.0,2,999,0,nonexistent,no
4423,30,blue-collar,married,basic.9y,no,yes,no,telephone,jun,mon,115.0,4,999,0,nonexistent,no
4424,53,services,married,professional.course,no,yes,no,cellular,jul,wed,185.0,10,999,0,nonexistent,no
4425,53,management,married,university.degree,no,yes,no,cellular,nov,fri,129.0,4,999,0,nonexistent,no
4426,41,technician,single,high.school,no,yes,no,cellular,aug,wed,219.0,3,999,0,nonexistent,no
4427,29,admin.,single,high.school,no,no,no,cellular,mar,mon,150.0,4,999,0,nonexistent,no
4428,33,admin.,divorced,high.school,no,yes,no,cellular,mar,thu,86.0,1,999,0,nonexistent,no
4429,43,management,married,basic.4y,no,yes,no,telephone,may,tue,224.0,1,999,0,nonexistent,no
4430,30,admin.,married,university.degree,no,no,no,cellular,aug,fri,705.0,2,999,0,nonexistent,no
4431,47,blue-collar,married,basic.9y,no,yes,no,telephone,may,mon,140.0,2,999,0,nonexistent,no
4432,29,blue-collar,single,high.school,unknown,no,no,telephone,jun,mon,335.0,3,999,0,nonexistent,no
4433,36,technician,married,professional.course,no,yes,yes,telephone,jun,mon,37.0,1,999,0,nonexistent,no
4434,50,admin.,single,university.degree,no,yes,yes,cellular,nov,thu,340.0,2,999,1,failure,no
4435,34,technician,married,professional.course,no,yes,no,cellular,aug,fri,31.0,1,999,0,nonexistent,no
4436,54,technician,divorced,professional.course,no,no,no,telephone,may,tue,182.0,1,999,0,nonexistent,no
4437,45,housemaid,divorced,basic.4y,no,yes,yes,telephone,jun,fri,62.0,4,999,0,nonexistent,no
4438,58,retired,married,high.school,no,yes,no,cellular,jul,thu,232.0,1,999,0,nonexistent,no
4439,59,admin.,divorced,university.degree,unknown,yes,yes,cellular,aug,mon,323.0,2,999,0,nonexistent,no
4440,23,blue-collar,married,basic.6y,unknown,no,no,cellular,may,tue,8.0,8,999,0,nonexistent,no
4441,59,technician,married,professional.course,no,yes,no,cellular,may,fri,43.0,1,999,0,nonexistent,no
4442,34,admin.,married,high.school,no,yes,yes,cellular,nov,mon,56.0,1,999,0,nonexistent,no
4443,55,admin.,married,professional.course,no,yes,no,cellular,dec,thu,798.0,1,9,2,success,yes
4444,35,admin.,single,university.degree,no,yes,no,cellular,jul,mon,156.0,1,999,0,nonexistent,no
4445,30,technician,single,university.degree,no,yes,yes,cellular,aug,fri,142.0,1,999,0,nonexistent,no
4446,34,admin.,single,university.degree,no,no,no,cellular,nov,thu,509.0,2,999,0,nonexistent,no
4447,35,self-employed,married,university.degree,no,no,no,telephone,nov,mon,81.0,1,999,0,nonexistent,no
4448,50,blue-collar,married,basic.4y,no,yes,no,cellular,aug,mon,193.0,5,999,0,nonexistent,no
4449,41,admin.,single,high.school,no,yes,no,cellular,may,fri,57.0,1,999,1,failure,no
4450,52,technician,married,university.degree,no,no,no,cellular,nov,wed,164.0,1,999,1,failure,no
4451,35,admin.,single,basic.6y,no,yes,no,telephone,may,thu,210.0,2,999,0,nonexistent,no
4452,48,admin.,married,university.degree,unknown,no,no,telephone,may,wed,149.0,2,999,0,nonexistent,no
4453,51,blue-collar,divorced,unknown,unknown,no,no,telephone,jun,fri,197.0,6,999,0,nonexistent,no
4454,29,,married,basic.6y,no,no,no,cellular,may,thu,65.0,3,999,0,nonexistent,no
4455,53,admin.,divorced,high.school,no,no,yes,cellular,aug,fri,1567.0,3,999,0,nonexistent,no
4456,40,blue-collar,divorced,basic.6y,unknown,unknown,unknown,cellular,jul,fri,138.0,3,999,0,nonexistent,no
4457,51,admin.,married,basic.9y,no,no,yes,telephone,jun,fri,434.0,1,999,0,nonexistent,no
4458,39,blue-collar,divorced,basic.9y,unknown,no,no,cellular,may,wed,482.0,2,999,0,nonexistent,no
4459,31,blue-collar,married,basic.6y,unknown,no,no,telephone,jun,wed,91.0,4,999,0,nonexistent,no
4460,47,management,married,basic.4y,no,yes,no,cellular,jul,mon,130.0,3,999,0,nonexistent,no
4461,38,blue-collar,married,basic.6y,unknown,yes,yes,cellular,nov,fri,213.0,2,999,0,nonexistent,no
4462,24,self-employed,single,unknown,no,no,yes,cellular,jul,thu,342.0,2,999,0,nonexistent,yes
4463,53,management,married,university.degree,no,yes,no,cellular,aug,mon,342.0,3,999,0,nonexistent,no
4464,36,admin.,married,high.school,unknown,yes,yes,cellular,may,mon,264.0,1,10,1,success,no
4465,25,technician,unknown,university.degree,no,yes,no,cellular,may,mon,346.0,2,999,0,nonexistent,no
4466,55,retired,married,basic.4y,no,no,no,cellular,oct,thu,250.0,1,999,2,failure,no
4467,31,blue-collar,married,basic.9y,no,no,no,telephone,may,tue,935.0,1,999,0,nonexistent,yes
4468,40,technician,single,high.school,no,yes,no,cellular,aug,tue,76.0,2,999,0,nonexistent,no
4469,33,admin.,single,high.school,no,no,no,cellular,nov,wed,578.0,1,999,0,nonexistent,no
4470,41,blue-collar,married,basic.9y,no,no,no,cellular,may,wed,93.0,1,999,0,nonexistent,no
4471,31,management,single,university.degree,no,no,no,cellular,nov,tue,82.0,2,999,0,nonexistent,no
4472,29,blue-collar,married,basic.9y,unknown,yes,yes,cellular,may,thu,11.0,5,999,0,nonexistent,no
4473,34,admin.,married,high.school,no,no,no,cellular,may,wed,191.0,1,999,0,nonexistent,no
4474,30,blue-collar,single,professional.course,no,no,no,cellular,aug,wed,293.0,1,9,1,success,yes
4475,39,management,single,university.degree,no,yes,no,cellular,nov,fri,239.0,2,3,2,success,yes
4476,45,blue-collar,married,basic.4y,no,no,no,telephone,aug,tue,81.0,3,999,0,nonexistent,no
4477,24,technician,single,professional.course,no,yes,no,cellular,jul,wed,171.0,5,999,0,nonexistent,no
4478,48,technician,married,university.degree,no,no,no,telephone,may,thu,360.0,1,999,0,nonexistent,no
4479,50,services,married,high.school,no,no,no,telephone,may,tue,268.0,2,999,0,nonexistent,no
4480,33,technician,single,university.degree,no,yes,no,telephone,jun,mon,42.0,1,999,0,nonexistent,no
4481,34,admin.,single,high.school,no,yes,no,cellular,apr,fri,183.0,1,999,1,failure,no
4482,57,admin.,married,university.degree,unknown,no,no,cellular,jul,wed,35.0,2,999,0,nonexistent,no
4483,46,self-employed,divorced,basic.9y,no,yes,no,cellular,nov,wed,77.0,1,999,0,nonexistent,no
4484,24,blue-collar,single,basic.9y,unknown,no,no,telephone,jul,fri,270.0,1,999,0,nonexistent,no
4485,42,technician,divorced,university.degree,no,yes,no,cellular,aug,tue,141.0,2,999,0,nonexistent,no
4486,31,admin.,single,high.school,no,yes,yes,cellular,aug,thu,101.0,1,999,0,nonexistent,no
4487,27,admin.,single,university.degree,no,yes,no,cellular,jul,tue,490.0,5,999,0,nonexistent,no
4488,46,self-employed,married,basic.6y,unknown,yes,no,cellular,nov,tue,32.0,1,999,1,failure,no
4489,35,technician,single,professional.course,no,yes,no,cellular,aug,thu,234.0,2,999,0,nonexistent,no
4490,36,technician,married,university.degree,no,no,no,cellular,aug,tue,125.0,1,999,0,nonexistent,no
4491,31,technician,married,high.school,unknown,yes,yes,telephone,may,tue,234.0,5,999,0,nonexistent,no
4492,30,unemployed,married,high.school,no,yes,yes,cellular,nov,tue,924.0,1,999,0,nonexistent,yes
4493,32,admin.,single,university.degree,no,no,no,cellular,jun,fri,462.0,1,999,0,nonexistent,yes
4494,30,blue-collar,married,basic.4y,unknown,yes,no,telephone,jun,fri,83.0,5,999,0,nonexistent,no
4495,28,admin.,single,unknown,no,yes,no,cellular,jul,fri,251.0,5,999,0,nonexistent,no
4496,53,services,married,high.school,no,no,no,telephone,may,wed,429.0,1,999,0,nonexistent,no
4497,23,admin.,single,high.school,no,yes,no,cellular,may,wed,108.0,1,999,0,nonexistent,no
4498,48,technician,married,professional.course,no,no,no,cellular,jul,wed,72.0,4,999,0,nonexistent,no
4499,28,blue-collar,married,basic.6y,no,no,no,cellular,may,mon,146.0,3,999,0,nonexistent,no
4500,29,admin.,single,university.degree,unknown,yes,no,cellular,aug,fri,142.0,2,999,0,nonexistent,no
4501,59,retired,married,basic.4y,unknown,no,no,cellular,aug,mon,431.0,5,999,0,nonexistent,no
4502,44,admin.,married,high.school,no,yes,no,cellular,aug,mon,758.0,2,999,0,nonexistent,yes
4503,24,admin.,single,high.school,no,yes,no,cellular,jul,thu,725.0,3,999,0,nonexistent,yes
4504,35,management,married,university.degree,no,yes,no,cellular,nov,mon,113.0,1,999,0,nonexistent,no
4505,31,services,married,high.school,unknown,yes,yes,telephone,jun,wed,146.0,2,999,0,nonexistent,no
4506,48,technician,divorced,professional.course,no,yes,yes,telephone,may,fri,215.0,2,999,0,nonexistent,no
4507,49,blue-collar,married,basic.9y,no,yes,no,telephone,may,wed,281.0,1,999,0,nonexistent,no
4508,67,retired,married,university.degree,no,yes,no,telephone,apr,thu,126.0,4,999,0,nonexistent,no
4509,41,admin.,single,university.degree,no,yes,no,cellular,nov,wed,369.0,1,999,1,failure,no
4510,57,admin.,single,basic.9y,no,yes,no,cellular,jul,wed,158.0,3,999,0,nonexistent,no
4511,45,technician,married,basic.9y,no,no,no,cellular,may,fri,144.0,3,999,0,nonexistent,no
4512,46,unknown,married,university.degree,no,no,no,telephone,may,wed,93.0,4,999,0,nonexistent,no
4513,53,blue-collar,married,basic.9y,unknown,yes,yes,telephone,jun,fri,16.0,20,999,0,nonexistent,no
4514,46,unemployed,married,basic.9y,no,yes,no,cellular,jul,mon,241.0,3,999,0,nonexistent,no
4515,31,technician,single,professional.course,no,no,no,telephone,jul,wed,296.0,2,999,0,nonexistent,no
4516,54,blue-collar,married,high.school,no,no,yes,cellular,jul,thu,313.0,1,999,0,nonexistent,no
4517,46,management,married,basic.9y,no,yes,no,telephone,may,thu,126.0,1,999,0,nonexistent,no
4518,39,blue-collar,married,basic.9y,no,yes,no,telephone,may,tue,484.0,2,999,0,nonexistent,no
4519,31,services,married,high.school,unknown,yes,no,cellular,nov,wed,82.0,1,999,1,failure,no
4520,32,blue-collar,married,basic.9y,no,no,no,cellular,jul,mon,240.0,3,999,0,nonexistent,no
4521,36,admin.,divorced,high.school,no,yes,no,telephone,may,wed,416.0,2,999,0,nonexistent,no
4522,34,admin.,married,high.school,no,no,no,cellular,nov,mon,113.0,1,999,0,nonexistent,no
4523,31,blue-collar,single,professional.course,no,no,no,telephone,may,thu,99.0,3,999,0,nonexistent,no
4524,38,admin.,married,basic.6y,no,yes,no,telephone,may,thu,229.0,1,999,0,nonexistent,no
4525,48,technician,married,high.school,unknown,no,no,cellular,jul,tue,143.0,3,999,0,nonexistent,no
4526,56,self-employed,married,university.degree,no,no,no,cellular,jun,thu,754.0,3,999,0,nonexistent,no
4527,56,retired,married,basic.4y,no,yes,no,cellular,jul,mon,621.0,2,999,0,nonexistent,yes
4528,40,admin.,married,high.school,no,no,no,cellular,aug,thu,477.0,2,999,0,nonexistent,yes
4529,39,self-employed,single,basic.9y,unknown,yes,yes,telephone,may,tue,90.0,1,999,0,nonexistent,no
4530,32,student,married,university.degree,no,no,no,cellular,nov,wed,154.0,3,999,1,failure,no
4531,47,management,married,university.degree,no,no,no,telephone,nov,tue,195.0,3,999,0,nonexistent,no
4532,24,services,single,high.school,no,yes,no,telephone,may,fri,64.0,1,999,0,nonexistent,no
4533,48,technician,married,professional.course,unknown,yes,no,telephone,may,fri,248.0,1,999,0,nonexistent,no
4534,23,student,single,high.school,no,yes,no,telephone,jun,mon,434.0,1,9,1,success,yes
4535,47,services,married,high.school,no,yes,no,cellular,aug,tue,836.0,1,999,0,nonexistent,yes
4536,47,blue-collar,married,high.school,no,yes,no,cellular,may,fri,934.0,2,999,1,failure,yes
4537,49,management,married,university.degree,no,no,yes,cellular,apr,thu,296.0,1,999,0,nonexistent,no
4538,45,blue-collar,married,basic.9y,unknown,yes,no,cellular,nov,wed,162.0,2,999,0,nonexistent,no
4539,47,technician,single,professional.course,unknown,no,no,telephone,may,wed,27.0,1,999,0,nonexistent,no
4540,37,blue-collar,married,professional.course,no,yes,no,cellular,may,mon,185.0,1,999,1,failure,no
4541,41,admin.,single,university.degree,no,no,no,cellular,apr,mon,115.0,2,999,0,nonexistent,no
4542,33,admin.,single,high.school,no,yes,no,cellular,aug,fri,182.0,2,999,1,failure,yes
4543,33,admin.,single,high.school,no,yes,yes,telephone,jun,fri,15.0,26,999,0,nonexistent,no
4544,38,blue-collar,married,basic.4y,unknown,no,no,telephone,may,wed,76.0,9,999,0,nonexistent,no
4545,35,student,single,university.degree,unknown,no,no,telephone,may,mon,218.0,1,999,0,nonexistent,no
4546,43,admin.,married,university.degree,no,yes,no,cellular,mar,fri,111.0,3,999,0,nonexistent,no
4547,55,technician,married,unknown,no,no,no,cellular,jul,fri,173.0,8,999,0,nonexistent,no
4548,50,management,married,university.degree,unknown,no,yes,telephone,may,mon,161.0,1,999,0,nonexistent,no
4549,30,admin.,married,university.degree,no,no,no,cellular,jul,fri,70.0,1,999,0,nonexistent,no
4550,52,admin.,divorced,university.degree,no,no,yes,cellular,jul,wed,216.0,8,999,0,nonexistent,no
4551,45,technician,married,university.degree,no,no,no,cellular,aug,mon,111.0,2,999,1,failure,no
4552,40,services,married,basic.9y,no,yes,no,cellular,jul,thu,158.0,1,999,0,nonexistent,no
4553,32,management,married,university.degree,no,yes,no,cellular,aug,thu,106.0,1,999,0,nonexistent,no
4554,32,blue-collar,divorced,professional.course,no,no,no,cellular,jul,fri,261.0,13,999,0,nonexistent,no
4555,55,blue-collar,married,basic.4y,unknown,no,no,telephone,may,mon,102.0,2,999,0,nonexistent,no
4556,40,blue-collar,married,basic.4y,unknown,yes,no,cellular,jul,wed,131.0,4,999,0,nonexistent,no
4557,33,services,married,high.school,no,yes,no,cellular,may,tue,223.0,1,999,1,failure,no
4558,34,blue-collar,married,unknown,no,no,yes,cellular,may,wed,106.0,2,999,0,nonexistent,no
4559,27,admin.,single,university.degree,no,yes,no,cellular,jul,thu,170.0,4,999,0,nonexistent,no
4560,35,admin.,divorced,university.degree,no,yes,no,cellular,nov,fri,72.0,4,999,0,nonexistent,no
4561,29,self-employed,married,university.degree,no,yes,no,cellular,jul,tue,503.0,7,999,0,nonexistent,no
4562,29,admin.,married,high.school,no,no,no,telephone,may,wed,30.0,1,999,0,nonexistent,no
4563,26,admin.,single,university.degree,no,no,no,telephone,aug,mon,440.0,5,999,2,failure,no
4564,39,admin.,married,university.degree,no,yes,no,telephone,jun,thu,36.0,3,999,0,nonexistent,no
4565,45,admin.,married,basic.9y,no,no,no,telephone,jun,thu,521.0,1,999,0,nonexistent,no
4566,33,blue-collar,married,high.school,no,yes,no,cellular,may,fri,103.0,1,999,0,nonexistent,no
4567,57,retired,married,professional.course,no,yes,no,cellular,aug,fri,282.0,3,999,0,nonexistent,no
4568,39,blue-collar,married,basic.4y,unknown,no,yes,cellular,may,wed,162.0,1,999,0,nonexistent,no
4569,27,technician,single,professional.course,no,yes,no,telephone,may,tue,125.0,1,999,0,nonexistent,no
4570,43,technician,married,basic.9y,unknown,yes,no,telephone,may,tue,202.0,3,999,0,nonexistent,no
4571,33,admin.,single,university.degree,no,yes,no,cellular,may,thu,332.0,4,999,1,failure,no
4572,34,admin.,married,university.degree,no,no,no,cellular,nov,wed,134.0,1,3,3,success,no
4573,47,management,married,university.degree,no,yes,no,cellular,nov,tue,283.0,2,999,0,nonexistent,no
4574,42,admin.,married,professional.course,no,no,no,telephone,may,wed,230.0,2,999,0,nonexistent,no
4575,35,blue-collar,married,basic.9y,no,yes,yes,telephone,jun,thu,97.0,1,999,0,nonexistent,no
4576,47,admin.,divorced,high.school,unknown,no,no,cellular,jul,mon,129.0,4,999,0,nonexistent,no
4577,32,technician,single,professional.course,no,yes,no,cellular,nov,fri,86.0,3,999,0,nonexistent,no
4578,34,admin.,single,university.degree,no,no,no,cellular,nov,fri,229.0,3,999,0,nonexistent,no
4579,48,admin.,married,university.degree,no,no,no,cellular,nov,fri,634.0,4,999,0,nonexistent,no
4580,52,technician,married,basic.9y,no,no,no,telephone,jun,fri,188.0,1,999,0,nonexistent,no
4581,48,admin.,married,university.degree,unknown,yes,no,telephone,nov,tue,82.0,2,999,0,nonexistent,no
4582,38,blue-collar,single,high.school,no,yes,no,cellular,mar,wed,355.0,1,13,2,failure,yes
4583,30,blue-collar,married,high.school,unknown,yes,no,cellular,aug,mon,148.0,3,999,0,nonexistent,no
4584,47,self-employed,married,university.degree,no,no,no,cellular,aug,mon,36.0,3,999,0,nonexistent,no
4585,55,services,married,high.school,no,no,no,cellular,may,mon,336.0,1,999,1,failure,no
4586,32,services,married,high.school,no,no,no,cellular,aug,tue,205.0,1,999,0,nonexistent,no
4587,30,blue-collar,married,basic.6y,no,no,no,telephone,may,fri,88.0,2,999,0,nonexistent,no
4588,31,unemployed,married,university.degree,no,yes,no,cellular,aug,thu,22.0,4,999,0,nonexistent,no
4589,51,blue-collar,divorced,basic.9y,no,yes,no,cellular,jul,tue,82.0,6,999,0,nonexistent,no
4590,49,blue-collar,married,basic.9y,unknown,no,no,cellular,jul,thu,71.0,1,999,0,nonexistent,no
4591,35,admin.,married,high.school,no,no,no,telephone,may,tue,297.0,1,999,0,nonexistent,no
4592,30,entrepreneur,divorced,high.school,no,no,no,telephone,nov,fri,61.0,3,999,1,failure,no
4593,61,retired,married,basic.4y,no,no,no,telephone,oct,fri,194.0,1,999,0,nonexistent,yes
4594,35,admin.,married,high.school,no,no,no,telephone,may,tue,122.0,2,999,0,nonexistent,no
4595,42,management,married,university.degree,unknown,yes,yes,cellular,aug,tue,634.0,1,999,0,nonexistent,no
4596,31,management,married,university.degree,no,no,no,cellular,aug,wed,347.0,1,999,0,nonexistent,no
4597,33,blue-collar,married,basic.9y,no,yes,no,cellular,nov,wed,244.0,1,999,0,nonexistent,no
4598,43,technician,single,professional.course,no,yes,no,telephone,may,mon,138.0,8,999,0,nonexistent,no
4599,44,admin.,married,university.degree,no,yes,yes,telephone,may,wed,143.0,2,999,0,nonexistent,no
4600,55,admin.,married,high.school,no,no,no,cellular,nov,fri,148.0,1,999,0,nonexistent,no
4601,44,admin.,single,university.degree,no,no,no,cellular,nov,wed,60.0,1,999,0,nonexistent,no
4602,34,blue-collar,married,basic.4y,unknown,no,no,cellular,may,fri,11.0,6,999,1,failure,no
4603,55,management,married,university.degree,no,no,no,cellular,apr,fri,171.0,2,999,0,nonexistent,no
4604,51,technician,divorced,high.school,no,yes,no,cellular,nov,mon,81.0,1,999,0,nonexistent,no
4605,58,admin.,married,basic.9y,unknown,no,no,telephone,may,tue,228.0,1,999,0,nonexistent,no
4606,25,blue-collar,single,basic.9y,no,yes,yes,cellular,jul,wed,322.0,2,999,0,nonexistent,no
4607,46,admin.,married,high.school,no,no,yes,cellular,aug,wed,871.0,2,999,0,nonexistent,yes
4608,32,blue-collar,married,basic.6y,unknown,no,no,telephone,may,wed,630.0,3,999,1,failure,no
4609,47,entrepreneur,married,unknown,unknown,yes,no,telephone,may,tue,22.0,1,999,1,failure,no
4610,38,management,divorced,university.degree,no,no,yes,cellular,apr,fri,131.0,2,999,0,nonexistent,no
4611,37,blue-collar,married,basic.4y,unknown,no,no,cellular,jul,thu,166.0,1,999,0,nonexistent,no
4612,38,services,married,high.school,unknown,no,no,telephone,jul,wed,304.0,1,999,0,nonexistent,no
4613,34,housemaid,single,university.degree,no,yes,no,cellular,aug,thu,159.0,3,999,0,nonexistent,no
4614,80,retired,divorced,unknown,no,yes,yes,cellular,nov,fri,186.0,2,3,1,success,yes
4615,29,blue-collar,single,basic.9y,no,yes,no,cellular,mar,tue,152.0,13,999,0,nonexistent,no
4616,50,services,married,professional.course,unknown,yes,no,telephone,may,fri,211.0,2,999,0,nonexistent,no
4617,28,admin.,single,university.degree,no,no,no,telephone,jul,fri,46.0,3,999,0,nonexistent,no
4618,60,admin.,married,unknown,unknown,yes,no,cellular,dec,wed,357.0,1,999,0,nonexistent,yes
4619,31,blue-collar,single,professional.course,no,no,no,cellular,may,tue,314.0,2,999,0,nonexistent,no
4620,33,blue-collar,married,basic.6y,unknown,no,no,telephone,may,thu,305.0,1,999,0,nonexistent,no
4621,38,admin.,married,university.degree,no,no,no,cellular,aug,wed,898.0,1,999,0,nonexistent,no
4622,33,admin.,divorced,university.degree,no,no,yes,cellular,jul,thu,106.0,3,999,0,nonexistent,no
4623,66,retired,married,unknown,no,yes,no,telephone,mar,fri,64.0,1,999,0,nonexistent,no
4624,39,management,married,university.degree,no,yes,no,cellular,may,thu,55.0,1,999,0,nonexistent,no
4625,47,services,divorced,high.school,no,yes,no,cellular,may,mon,953.0,3,999,0,nonexistent,no
4626,48,services,married,high.school,unknown,yes,no,cellular,jul,mon,49.0,6,999,0,nonexistent,no
4627,32,admin.,single,basic.9y,no,no,no,cellular,jul,thu,185.0,1,999,0,nonexistent,no
4628,41,management,married,high.school,no,no,no,cellular,may,mon,97.0,1,999,2,failure,no
4629,34,management,divorced,university.degree,no,yes,no,telephone,may,tue,208.0,1,999,0,nonexistent,no
4630,54,self-employed,married,university.degree,no,yes,no,cellular,oct,thu,317.0,6,6,1,success,no
4631,52,blue-collar,married,basic.9y,no,no,yes,cellular,aug,fri,112.0,1,999,0,nonexistent,no
4632,53,admin.,divorced,high.school,no,no,no,cellular,jul,tue,52.0,3,999,0,nonexistent,no
4633,33,housemaid,divorced,professional.course,no,yes,no,cellular,aug,thu,321.0,1,999,0,nonexistent,no
4634,51,management,married,university.degree,no,yes,no,cellular,aug,thu,175.0,1,999,0,nonexistent,no
4635,32,admin.,married,university.degree,no,yes,no,cellular,may,tue,136.0,2,999,0,nonexistent,no
4636,40,self-employed,married,high.school,unknown,yes,no,telephone,jul,mon,46.0,2,999,0,nonexistent,no
4637,41,technician,married,professional.course,no,no,no,cellular,aug,tue,131.0,1,999,0,nonexistent,no
4638,29,admin.,single,university.degree,no,no,no,cellular,aug,thu,139.0,1,999,0,nonexistent,no
4639,35,technician,single,professional.course,no,no,no,cellular,aug,mon,203.0,6,999,0,nonexistent,no
4640,44,admin.,married,basic.9y,unknown,no,no,cellular,may,wed,217.0,3,999,1,failure,no
4641,80,retired,divorced,basic.4y,no,no,no,cellular,oct,tue,125.0,1,999,0,nonexistent,no
4642,49,admin.,married,university.degree,no,yes,no,cellular,may,fri,168.0,1,999,0,nonexistent,no
4643,51,admin.,divorced,university.degree,no,no,no,telephone,jul,mon,359.0,1,999,0,nonexistent,no
4644,25,blue-collar,married,basic.9y,no,yes,no,telephone,may,fri,214.0,2,999,0,nonexistent,no
4645,45,blue-collar,divorced,basic.9y,no,yes,no,telephone,may,fri,281.0,4,999,0,nonexistent,no
4646,31,technician,married,professional.course,no,no,no,cellular,aug,tue,51.0,1,999,0,nonexistent,no
4647,28,admin.,single,university.degree,no,yes,no,cellular,jun,mon,353.0,1,999,0,nonexistent,no
4648,53,blue-collar,married,basic.9y,no,no,no,cellular,nov,wed,137.0,1,999,0,nonexistent,no
4649,39,admin.,married,high.school,no,yes,no,cellular,apr,mon,149.0,2,999,0,nonexistent,no
4650,50,self-employed,married,basic.4y,unknown,yes,no,cellular,aug,mon,311.0,1,999,0,nonexistent,no
4651,38,admin.,single,university.degree,no,yes,no,telephone,may,fri,186.0,1,999,0,nonexistent,no
4652,38,admin.,married,university.degree,no,no,no,cellular,aug,tue,122.0,2,999,0,nonexistent,no
4653,40,management,married,university.degree,no,no,yes,cellular,aug,tue,454.0,3,999,0,nonexistent,no
4654,40,entrepreneur,married,basic.9y,no,no,no,cellular,apr,fri,75.0,1,999,0,nonexistent,no
4655,32,admin.,single,high.school,no,no,yes,cellular,may,fri,284.0,15,999,0,nonexistent,no
4656,32,technician,married,professional.course,no,yes,no,cellular,apr,mon,140.0,1,999,0,nonexistent,no
4657,37,management,married,university.degree,no,no,yes,cellular,jul,fri,69.0,7,999,0,nonexistent,no
4658,42,blue-collar,married,basic.9y,unknown,no,no,telephone,jul,fri,61.0,4,999,0,nonexistent,no
4659,31,blue-collar,married,basic.9y,no,no,no,cellular,apr,thu,104.0,1,999,1,failure,no
4660,30,admin.,single,university.degree,no,yes,no,cellular,may,mon,67.0,1,999,0,nonexistent,no
4661,33,admin.,married,high.school,no,yes,no,cellular,may,tue,495.0,1,999,1,failure,no
4662,56,blue-collar,married,unknown,no,no,no,cellular,aug,mon,160.0,3,999,0,nonexistent,no
4663,39,housemaid,married,basic.4y,no,no,no,cellular,oct,fri,,1,999,0,nonexistent,no
4664,39,self-employed,married,basic.4y,unknown,no,no,cellular,nov,wed,159.0,1,999,1,failure,no
4665,31,blue-collar,married,basic.9y,no,yes,no,cellular,apr,fri,308.0,2,999,0,nonexistent,no
4666,32,blue-collar,single,high.school,no,yes,yes,cellular,nov,wed,126.0,1,999,0,nonexistent,no
4667,51,admin.,married,university.degree,unknown,no,no,cellular,jul,thu,229.0,2,999,0,nonexistent,no
4668,45,management,married,unknown,unknown,no,no,telephone,may,thu,178.0,1,999,0,nonexistent,no
4669,38,blue-collar,married,basic.6y,no,yes,no,telephone,may,mon,221.0,2,999,0,nonexistent,no
4670,26,unemployed,single,basic.9y,no,yes,yes,cellular,jul,mon,104.0,4,999,0,nonexistent,no
4671,53,housemaid,divorced,basic.4y,no,yes,no,telephone,may,fri,422.0,9,999,0,nonexistent,no
4672,41,self-employed,married,university.degree,no,no,no,cellular,aug,mon,247.0,2,999,0,nonexistent,no
4673,31,blue-collar,single,basic.9y,unknown,yes,no,cellular,jul,fri,100.0,4,999,0,nonexistent,no
4674,25,technician,single,professional.course,no,no,no,telephone,may,thu,22.0,1,999,0,nonexistent,no
4675,35,blue-collar,married,basic.9y,no,yes,no,cellular,may,wed,248.0,1,999,0,nonexistent,no
4676,30,technician,single,university.degree,no,no,no,cellular,jul,tue,402.0,1,999,0,nonexistent,no
4677,34,blue-collar,married,basic.9y,no,yes,no,cellular,apr,fri,70.0,1,999,1,failure,no
4678,47,blue-collar,married,basic.9y,no,yes,no,cellular,aug,mon,110.0,3,999,0,nonexistent,no
4679,47,blue-collar,married,basic.6y,unknown,yes,no,telephone,may,mon,21.0,1,999,0,nonexistent,no
4680,41,admin.,married,professional.course,unknown,yes,no,telephone,jun,thu,122.0,2,999,0,nonexistent,no
4681,29,technician,married,professional.course,no,no,no,cellular,jul,thu,86.0,2,999,1,failure,no
4682,39,admin.,married,high.school,unknown,yes,no,cellular,jul,mon,353.0,4,999,0,nonexistent,no
4683,38,technician,single,university.degree,no,yes,yes,cellular,aug,fri,572.0,1,999,0,nonexistent,no
4684,34,admin.,single,high.school,no,no,yes,telephone,jun,wed,129.0,1,999,0,nonexistent,no
4685,36,self-employed,married,basic.9y,no,yes,yes,cellular,may,tue,731.0,1,999,0,nonexistent,yes
4686,30,housemaid,married,university.degree,no,yes,no,cellular,aug,wed,83.0,4,999,0,nonexistent,no
4687,57,retired,married,high.school,unknown,yes,no,telephone,may,thu,278.0,2,999,0,nonexistent,no
4688,32,services,single,basic.9y,no,no,yes,cellular,may,wed,148.0,1,999,0,nonexistent,no
4689,48,technician,divorced,professional.course,no,yes,no,telephone,jul,tue,243.0,5,999,0,nonexistent,no
4690,36,services,single,high.school,no,no,no,telephone,jun,wed,142.0,1,999,0,nonexistent,no
4691,27,blue-collar,married,basic.9y,no,yes,no,cellular,may,thu,291.0,2,999,0,nonexistent,no
4692,53,admin.,divorced,high.school,no,yes,no,telephone,jul,mon,75.0,3,999,0,nonexistent,no
4693,25,admin.,married,university.degree,no,no,no,cellular,mar,fri,184.0,1,999,0,nonexistent,no
4694,31,blue-collar,married,basic.6y,no,no,no,cellular,jul,wed,411.0,2,999,0,nonexistent,no
4695,32,services,single,university.degree,no,yes,no,cellular,may,thu,261.0,3,999,0,nonexistent,no
4696,44,technician,married,professional.course,no,no,no,cellular,aug,tue,168.0,6,999,0,nonexistent,no
4697,52,retired,divorced,professional.course,no,no,no,telephone,jul,thu,269.0,2,999,0,nonexistent,no
4698,59,blue-collar,married,basic.4y,unknown,yes,no,telephone,jun,mon,64.0,1,999,0,nonexistent,no
4699,48,services,single,high.school,no,yes,no,cellular,apr,mon,1202.0,3,999,0,nonexistent,yes
4700,41,blue-collar,married,professional.course,unknown,yes,no,telephone,may,thu,8.0,2,999,0,nonexistent,no
4701,34,admin.,married,university.degree,no,yes,no,telephone,may,fri,103.0,2,999,0,nonexistent,no
4702,30,blue-collar,married,basic.6y,no,yes,yes,cellular,jul,tue,241.0,3,999,0,nonexistent,no
4703,38,admin.,divorced,high.school,no,no,no,telephone,may,thu,134.0,1,999,0,nonexistent,no
4704,58,retired,married,professional.course,unknown,no,yes,telephone,may,tue,518.0,1,999,0,nonexistent,no
4705,56,admin.,married,university.degree,no,yes,no,cellular,aug,mon,178.0,2,999,0,nonexistent,no
4706,25,admin.,single,university.degree,no,yes,no,cellular,jul,wed,105.0,1,999,0,nonexistent,no
4707,33,self-employed,married,university.degree,no,yes,no,telephone,jul,mon,105.0,3,999,0,nonexistent,no
4708,36,blue-collar,married,basic.9y,unknown,no,yes,telephone,may,tue,136.0,1,999,0,nonexistent,no
4709,46,admin.,married,high.school,unknown,yes,no,telephone,may,fri,138.0,1,999,0,nonexistent,no
4710,47,technician,married,professional.course,unknown,no,no,telephone,may,wed,301.0,3,999,0,nonexistent,no
4711,43,blue-collar,single,basic.9y,no,no,no,telephone,jul,thu,28.0,4,999,0,nonexistent,no
4712,36,blue-collar,single,basic.9y,unknown,yes,no,telephone,may,mon,379.0,2,999,0,nonexistent,no
4713,31,management,single,university.degree,unknown,no,yes,telephone,jun,thu,690.0,2,999,0,nonexistent,no
4714,60,self-employed,married,university.degree,no,yes,no,telephone,oct,fri,128.0,1,999,0,nonexistent,no
4715,38,blue-collar,divorced,basic.6y,no,yes,no,cellular,nov,wed,122.0,2,999,0,nonexistent,no
4716,65,retired,married,basic.4y,no,yes,no,cellular,oct,wed,258.0,1,3,3,success,yes
4717,24,admin.,single,university.degree,no,yes,no,cellular,nov,wed,84.0,1,9,3,failure,no
4718,54,blue-collar,married,basic.4y,unknown,no,no,cellular,jul,fri,94.0,1,999,0,nonexistent,no
4719,31,blue-collar,married,basic.9y,no,yes,no,telephone,may,thu,141.0,1,999,0,nonexistent,no
4720,47,admin.,married,university.degree,no,unknown,unknown,telephone,may,wed,106.0,1,999,0,nonexistent,no
4721,48,management,married,basic.9y,no,yes,no,cellular,may,tue,393.0,1,999,0,nonexistent,no
4722,32,blue-collar,single,basic.6y,no,yes,no,cellular,may,fri,91.0,4,999,0,nonexistent,no
4723,51,blue-collar,married,basic.6y,no,yes,no,cellular,jul,fri,227.0,2,999,0,nonexistent,no
4724,43,admin.,married,unknown,no,yes,no,telephone,jun,fri,246.0,3,999,0,nonexistent,no
4725,46,admin.,married,unknown,no,no,no,telephone,may,wed,181.0,2,999,0,nonexistent,no
4726,29,management,married,basic.9y,no,no,no,cellular,nov,wed,69.0,2,999,0,nonexistent,no
4727,36,services,divorced,high.school,no,no,no,cellular,jul,wed,532.0,2,999,0,nonexistent,yes
4728,39,management,married,university.degree,unknown,no,no,telephone,may,tue,496.0,3,999,0,nonexistent,no
4729,43,technician,divorced,basic.9y,no,no,yes,telephone,may,wed,143.0,3,999,0,nonexistent,no
4730,59,blue-collar,divorced,basic.9y,no,no,no,cellular,jul,wed,92.0,1,999,0,nonexistent,no
4731,36,technician,single,professional.course,no,no,yes,telephone,may,mon,114.0,2,999,0,nonexistent,no
4732,39,admin.,married,university.degree,no,no,no,cellular,jul,fri,743.0,13,999,0,nonexistent,yes
4733,27,student,single,university.degree,no,yes,no,telephone,may,wed,274.0,6,999,0,nonexistent,no
4734,36,admin.,single,professional.course,no,yes,no,telephone,aug,mon,25.0,1,999,0,nonexistent,no
4735,30,admin.,single,high.school,no,yes,no,cellular,may,mon,57.0,1,999,0,nonexistent,no
4736,32,blue-collar,married,basic.6y,no,no,no,cellular,jul,tue,59.0,1,999,0,nonexistent,no
4737,35,admin.,single,high.school,no,yes,no,cellular,nov,tue,106.0,1,999,0,nonexistent,no
4738,31,unemployed,single,professional.course,no,yes,no,cellular,nov,wed,192.0,1,0,1,success,no
4739,35,blue-collar,married,professional.course,no,yes,no,cellular,nov,mon,345.0,1,999,0,nonexistent,no
4740,52,services,married,professional.course,unknown,yes,yes,cellular,aug,mon,84.0,3,999,0,nonexistent,no
4741,37,technician,single,professional.course,no,yes,no,cellular,apr,mon,20.0,4,999,0,nonexistent,no
4742,26,admin.,single,high.school,no,yes,no,cellular,may,thu,685.0,2,999,0,nonexistent,no
4743,51,technician,married,professional.course,no,yes,no,cellular,sep,mon,841.0,2,999,2,failure,yes
4744,31,admin.,married,high.school,unknown,yes,yes,telephone,may,mon,157.0,5,999,0,nonexistent,no
4745,54,admin.,married,university.degree,unknown,no,no,cellular,aug,tue,434.0,1,999,0,nonexistent,no
4746,24,management,single,university.degree,no,yes,no,cellular,oct,tue,676.0,2,999,1,failure,yes
4747,31,technician,single,professional.course,no,unknown,unknown,cellular,oct,thu,212.0,2,999,0,nonexistent,yes
4748,50,retired,married,professional.course,no,yes,yes,cellular,jul,fri,460.0,5,999,0,nonexistent,no
4749,56,blue-collar,married,basic.4y,unknown,no,no,cellular,jul,tue,368.0,5,999,0,nonexistent,no
4750,54,technician,married,high.school,no,no,no,cellular,apr,mon,58.0,3,999,2,failure,no
4751,33,admin.,married,professional.course,no,yes,yes,telephone,jun,fri,248.0,2,999,0,nonexistent,no
4752,28,student,single,basic.9y,unknown,yes,yes,telephone,may,wed,732.0,2,999,0,nonexistent,yes
4753,45,admin.,married,university.degree,no,no,no,cellular,aug,mon,216.0,1,999,0,nonexistent,no
4754,40,blue-collar,married,basic.6y,unknown,yes,no,telephone,may,tue,481.0,3,999,0,nonexistent,no
4755,20,student,single,high.school,no,yes,no,cellular,jun,fri,201.0,2,999,0,nonexistent,yes
4756,57,admin.,divorced,high.school,unknown,yes,no,cellular,jul,tue,162.0,1,999,0,nonexistent,no
4757,38,technician,married,high.school,no,yes,no,cellular,aug,tue,237.0,1,999,0,nonexistent,no
4758,29,admin.,married,high.school,no,yes,no,cellular,may,thu,556.0,1,999,0,nonexistent,no
4759,60,unknown,married,unknown,unknown,yes,no,cellular,aug,tue,130.0,3,999,0,nonexistent,no
4760,44,management,divorced,university.degree,no,no,no,cellular,may,mon,79.0,3,999,1,failure,no
4761,25,services,married,high.school,no,yes,no,telephone,may,tue,530.0,7,999,0,nonexistent,no
4762,30,admin.,single,high.school,no,yes,no,cellular,jul,fri,712.0,2,999,0,nonexistent,no
4763,42,technician,married,basic.9y,no,no,no,cellular,jul,tue,723.0,3,999,0,nonexistent,yes
4764,55,admin.,married,high.school,no,no,no,telephone,may,thu,294.0,1,999,0,nonexistent,no
4765,57,admin.,married,university.degree,unknown,yes,no,cellular,aug,thu,74.0,1,999,0,nonexistent,no
4766,35,blue-collar,married,basic.4y,unknown,yes,no,telephone,jun,tue,192.0,2,999,0,nonexistent,no
4767,35,management,single,unknown,no,no,no,telephone,jun,fri,712.0,2,999,0,nonexistent,yes
4768,33,services,married,professional.course,no,no,no,cellular,jul,wed,782.0,7,999,0,nonexistent,yes
4769,30,management,single,university.degree,no,no,no,telephone,jun,mon,86.0,1,999,0,nonexistent,no
4770,51,technician,married,basic.9y,unknown,yes,no,cellular,jul,mon,114.0,1,999,0,nonexistent,no
4771,34,admin.,married,high.school,no,no,no,cellular,jun,mon,135.0,1,999,0,nonexistent,no
4772,47,unemployed,divorced,basic.9y,no,no,no,cellular,apr,wed,125.0,2,999,0,nonexistent,no
4773,40,blue-collar,divorced,basic.9y,no,no,no,cellular,nov,fri,586.0,1,999,0,nonexistent,no
4774,31,admin.,married,university.degree,no,yes,no,telephone,aug,fri,43.0,1,999,0,nonexistent,no
4775,29,blue-collar,married,basic.9y,no,no,no,cellular,jul,tue,249.0,3,999,0,nonexistent,no
4776,24,services,single,high.school,no,yes,no,cellular,jul,wed,57.0,2,999,0,nonexistent,no
4777,34,admin.,single,university.degree,no,yes,no,telephone,may,mon,593.0,2,999,0,nonexistent,no
4778,57,housemaid,married,high.school,unknown,no,no,telephone,jul,tue,317.0,1,999,0,nonexistent,no
4779,43,blue-collar,married,basic.4y,no,yes,no,cellular,jul,thu,377.0,11,999,0,nonexistent,no
4780,36,blue-collar,married,basic.6y,no,yes,no,cellular,nov,wed,70.0,1,999,0,nonexistent,no
4781,36,blue-collar,married,basic.4y,no,no,no,cellular,jul,thu,1102.0,1,999,0,nonexistent,no
4782,34,blue-collar,married,basic.9y,no,no,no,cellular,jul,mon,136.0,1,999,0,nonexistent,no
4783,26,student,single,high.school,no,yes,no,cellular,may,wed,223.0,3,999,1,failure,yes
4784,36,blue-collar,married,basic.9y,no,yes,yes,cellular,may,wed,55.0,1,999,1,failure,no
4785,35,admin.,married,university.degree,unknown,no,no,cellular,jul,tue,105.0,2,999,0,nonexistent,no
4786,27,admin.,single,high.school,no,no,no,cellular,may,wed,167.0,1,999,0,nonexistent,no
4787,29,admin.,single,university.degree,no,no,yes,cellular,may,tue,527.0,2,3,1,success,no
4788,35,unemployed,married,basic.4y,no,no,no,cellular,nov,thu,192.0,1,999,0,nonexistent,no
4789,39,unemployed,single,high.school,no,yes,no,cellular,jul,fri,240.0,3,999,0,nonexistent,no
4790,36,self-employed,married,basic.9y,unknown,no,no,cellular,aug,thu,1184.0,2,999,0,nonexistent,yes
4791,34,blue-collar,married,basic.4y,no,yes,no,telephone,may,tue,578.0,2,999,0,nonexistent,no
4792,29,admin.,unknown,university.degree,no,no,no,cellular,may,fri,264.0,2,999,1,failure,no
4793,59,retired,single,high.school,no,no,no,telephone,jun,tue,193.0,1,999,0,nonexistent,no
4794,57,admin.,married,university.degree,unknown,yes,no,cellular,jul,mon,194.0,24,999,0,nonexistent,no
4795,49,management,married,university.degree,no,no,no,cellular,aug,mon,76.0,5,999,0,nonexistent,no
4796,30,blue-collar,married,basic.9y,no,yes,no,cellular,may,fri,487.0,2,999,0,nonexistent,no
4797,46,admin.,married,high.school,no,yes,yes,cellular,may,mon,196.0,3,999,0,nonexistent,no
4798,33,technician,divorced,professional.course,no,no,no,telephone,jun,wed,128.0,1,999,0,nonexistent,no
4799,43,blue-collar,married,basic.6y,unknown,yes,no,telephone,jun,mon,51.0,1,999,0,nonexistent,no
4800,40,management,married,high.school,no,no,yes,cellular,aug,wed,258.0,2,999,0,nonexistent,no
4801,28,blue-collar,married,basic.9y,unknown,no,no,telephone,jun,fri,167.0,4,999,0,nonexistent,no
4802,32,admin.,married,high.school,no,no,no,telephone,may,mon,70.0,1,999,0,nonexistent,no
4803,32,technician,single,professional.course,no,no,no,cellular,may,fri,53.0,3,999,0,nonexistent,no
4804,59,admin.,married,university.degree,unknown,yes,no,cellular,jun,fri,1543.0,1,999,0,nonexistent,yes
4805,51,services,married,high.school,no,yes,no,telephone,may,fri,57.0,2,999,0,nonexistent,no
4806,34,management,divorced,university.degree,no,yes,no,cellular,jul,tue,1228.0,6,999,0,nonexistent,yes
4807,43,blue-collar,married,high.school,unknown,no,yes,telephone,may,mon,181.0,1,999,0,nonexistent,no
4808,43,self-employed,divorced,university.degree,no,no,no,telephone,aug,mon,156.0,1,999,0,nonexistent,no
4809,29,technician,single,high.school,no,no,no,cellular,aug,fri,104.0,1,999,0,nonexistent,no
4810,43,blue-collar,married,basic.4y,no,yes,no,telephone,may,fri,1534.0,2,999,0,nonexistent,no
4811,48,blue-collar,married,basic.9y,no,no,no,cellular,may,tue,309.0,1,10,1,success,yes
4812,34,blue-collar,married,basic.9y,no,yes,no,telephone,may,fri,319.0,6,999,0,nonexistent,no
4813,29,services,single,high.school,no,yes,no,cellular,nov,fri,104.0,1,999,1,failure,no
4814,49,technician,married,basic.4y,no,yes,no,cellular,nov,fri,345.0,3,999,0,nonexistent,no
4815,28,blue-collar,married,basic.4y,no,yes,no,cellular,jul,thu,1820.0,4,999,0,nonexistent,no
4816,35,admin.,married,university.degree,no,yes,no,cellular,aug,wed,765.0,2,6,3,success,yes
4817,38,blue-collar,single,university.degree,no,no,no,telephone,may,wed,109.0,1,999,0,nonexistent,no
4818,40,entrepreneur,married,university.degree,no,no,no,telephone,may,fri,803.0,1,999,0,nonexistent,yes
4819,35,admin.,married,high.school,no,no,yes,telephone,jun,fri,78.0,4,999,0,nonexistent,no
4820,52,entrepreneur,married,university.degree,no,yes,yes,cellular,nov,fri,221.0,2,999,0,nonexistent,no
4821,39,admin.,married,basic.4y,no,yes,no,telephone,may,wed,249.0,2,999,0,nonexistent,no
4822,29,blue-collar,single,basic.6y,no,no,no,telephone,may,wed,244.0,1,999,0,nonexistent,no
4823,38,blue-collar,married,basic.6y,no,yes,no,cellular,may,thu,15.0,9,999,0,nonexistent,no
4824,41,blue-collar,married,basic.4y,no,no,no,telephone,jun,thu,96.0,2,999,0,nonexistent,no
4825,34,unemployed,married,high.school,no,unknown,unknown,cellular,jul,thu,94.0,1,999,0,nonexistent,no
4826,33,management,married,university.degree,no,yes,no,cellular,aug,wed,399.0,2,999,0,nonexistent,no
4827,35,technician,married,university.degree,unknown,no,no,telephone,may,wed,899.0,1,999,0,nonexistent,no
4828,31,entrepreneur,married,university.degree,no,no,no,cellular,aug,fri,188.0,1,999,0,nonexistent,no
4829,40,management,single,university.degree,no,no,no,telephone,may,thu,179.0,2,999,0,nonexistent,no
4830,51,management,divorced,high.school,no,no,no,cellular,nov,thu,486.0,2,999,0,nonexistent,no
4831,82,retired,divorced,basic.4y,no,no,no,cellular,apr,mon,529.0,1,6,2,success,yes
4832,36,entrepreneur,married,university.degree,no,no,yes,telephone,may,fri,679.0,17,999,0,nonexistent,no
4833,35,services,married,basic.6y,no,no,no,cellular,may,mon,392.0,2,3,2,success,yes
4834,43,technician,married,professional.course,no,yes,no,telephone,may,wed,255.0,1,999,0,nonexistent,no
4835,47,blue-collar,married,basic.9y,no,no,no,cellular,aug,tue,172.0,1,999,0,nonexistent,no
4836,34,admin.,married,university.degree,no,no,no,cellular,nov,mon,230.0,1,999,1,failure,no
4837,37,services,single,professional.course,no,no,no,cellular,may,fri,462.0,1,999,1,failure,no
4838,34,blue-collar,married,basic.6y,no,no,no,cellular,may,wed,168.0,3,999,0,nonexistent,no
4839,42,technician,divorced,basic.9y,no,no,no,telephone,may,tue,474.0,1,999,0,nonexistent,no
4840,37,admin.,married,university.degree,no,no,no,telephone,may,wed,209.0,2,999,0,nonexistent,no
4841,42,blue-collar,divorced,basic.4y,no,yes,no,cellular,may,mon,119.0,4,999,0,nonexistent,no
4842,54,blue-collar,married,basic.9y,no,no,no,cellular,jul,fri,261.0,3,999,0,nonexistent,no
4843,56,services,divorced,high.school,no,no,no,cellular,jul,tue,57.0,3,999,0,nonexistent,no
4844,58,technician,married,university.degree,unknown,yes,no,cellular,jul,thu,160.0,1,999,0,nonexistent,no
4845,47,services,married,high.school,no,no,no,cellular,nov,tue,110.0,2,999,0,nonexistent,no
4846,37,admin.,single,university.degree,no,yes,no,cellular,aug,mon,108.0,2,999,0,nonexistent,no
4847,41,blue-collar,married,basic.4y,unknown,no,no,cellular,apr,mon,197.0,3,999,0,nonexistent,no
4848,27,technician,single,basic.9y,no,no,no,cellular,apr,wed,34.0,3,999,0,nonexistent,no
4849,57,admin.,married,high.school,unknown,yes,no,cellular,aug,mon,86.0,1,999,0,nonexistent,no
4850,36,technician,divorced,basic.9y,no,yes,no,cellular,jul,wed,497.0,1,999,0,nonexistent,no
4851,31,admin.,married,high.school,no,yes,no,cellular,aug,wed,170.0,1,999,0,nonexistent,no
4852,47,blue-collar,divorced,basic.9y,no,no,yes,telephone,may,fri,322.0,1,999,0,nonexistent,no
4853,24,student,single,high.school,no,yes,no,cellular,apr,thu,88.0,1,999,0,nonexistent,no
4854,43,blue-collar,married,basic.9y,no,no,no,telephone,jul,tue,778.0,3,999,0,nonexistent,no
4855,52,management,married,university.degree,no,no,no,cellular,may,fri,698.0,5,999,1,failure,no
4856,42,admin.,single,university.degree,no,yes,no,telephone,may,fri,14.0,15,999,0,nonexistent,no
4857,48,entrepreneur,married,university.degree,unknown,yes,no,cellular,nov,mon,694.0,2,999,0,nonexistent,no
4858,47,management,divorced,university.degree,no,yes,no,telephone,may,fri,29.0,3,999,0,nonexistent,no
4859,33,blue-collar,single,basic.4y,no,no,no,cellular,nov,fri,60.0,1,999,0,nonexistent,no
4860,37,technician,married,university.degree,no,yes,no,cellular,may,thu,246.0,1,2,4,success,yes
4861,34,housemaid,married,university.degree,no,yes,no,cellular,may,tue,58.0,1,999,0,nonexistent,no
4862,33,blue-collar,married,basic.9y,no,yes,no,telephone,jun,wed,139.0,1,999,0,nonexistent,no
4863,26,blue-collar,single,high.school,no,yes,no,cellular,jul,mon,460.0,3,999,0,nonexistent,no
4864,52,technician,married,high.school,no,yes,no,telephone,jun,wed,78.0,1,999,0,nonexistent,no
4865,33,technician,single,professional.course,no,yes,no,cellular,mar,tue,459.0,1,999,0,nonexistent,yes
4866,39,technician,married,university.degree,unknown,no,no,telephone,may,wed,202.0,2,999,0,nonexistent,no
4867,57,services,married,high.school,unknown,no,no,cellular,may,wed,88.0,2,999,0,nonexistent,no
4868,32,admin.,married,university.degree,no,yes,no,cellular,aug,tue,359.0,1,999,0,nonexistent,no
4869,27,admin.,married,high.school,no,no,yes,cellular,may,thu,279.0,1,999,1,failure,no
4870,24,unknown,single,university.degree,no,yes,yes,cellular,jun,tue,134.0,1,999,0,nonexistent,yes
4871,36,admin.,single,high.school,no,yes,no,cellular,apr,fri,245.0,5,999,0,nonexistent,no
4872,48,admin.,divorced,high.school,no,no,no,telephone,jul,mon,352.0,2,999,0,nonexistent,no
4873,35,entrepreneur,married,university.degree,no,yes,yes,cellular,may,fri,152.0,2,999,1,failure,no
4874,29,blue-collar,single,basic.9y,no,no,no,cellular,jul,fri,187.0,2,999,0,nonexistent,no
4875,55,management,married,university.degree,no,yes,no,cellular,aug,wed,52.0,2,999,0,nonexistent,no
4876,46,blue-collar,married,basic.4y,no,yes,no,cellular,may,mon,549.0,1,999,0,nonexistent,no
4877,57,admin.,married,university.degree,no,no,yes,cellular,nov,mon,59.0,1,999,0,nonexistent,no
4878,54,blue-collar,married,basic.4y,unknown,no,no,cellular,may,fri,87.0,1,999,1,failure,no
4879,39,blue-collar,married,basic.6y,no,yes,no,telephone,may,thu,269.0,3,999,0,nonexistent,no
4880,34,technician,divorced,basic.6y,no,yes,no,cellular,jul,tue,716.0,3,999,0,nonexistent,yes
4881,40,blue-collar,married,basic.9y,unknown,yes,no,telephone,jul,mon,94.0,2,999,0,nonexistent,no
4882,48,blue-collar,married,basic.6y,no,no,no,telephone,may,mon,332.0,10,999,0,nonexistent,no
4883,25,housemaid,single,basic.9y,no,no,no,telephone,may,fri,130.0,4,999,0,nonexistent,no
4884,41,admin.,married,university.degree,no,no,no,cellular,apr,fri,476.0,1,999,0,nonexistent,yes
4885,29,blue-collar,married,basic.9y,no,yes,no,cellular,jul,tue,138.0,4,999,0,nonexistent,no
4886,31,admin.,divorced,high.school,no,no,no,cellular,aug,thu,12.0,10,999,0,nonexistent,no
4887,51,retired,married,basic.4y,unknown,yes,yes,telephone,may,tue,394.0,1,999,0,nonexistent,no
4888,44,technician,married,university.degree,no,no,no,telephone,may,mon,125.0,1,999,0,nonexistent,no
4889,44,unemployed,married,basic.9y,unknown,yes,no,telephone,jul,wed,73.0,10,999,0,nonexistent,no
4890,31,admin.,divorced,university.degree,no,yes,no,cellular,aug,thu,177.0,1,999,0,nonexistent,no
4891,37,services,married,high.school,unknown,yes,no,telephone,jun,tue,132.0,1,999,0,nonexistent,no
4892,45,admin.,married,high.school,no,yes,no,telephone,jun,thu,650.0,2,999,0,nonexistent,no
4893,35,admin.,married,university.degree,no,no,no,cellular,aug,fri,201.0,1,999,0,nonexistent,yes
4894,51,management,married,university.degree,no,yes,no,cellular,aug,thu,386.0,1,999,0,nonexistent,no
4895,45,management,married,university.degree,no,yes,no,telephone,jun,fri,398.0,1,999,0,nonexistent,no
4896,76,retired,married,professional.course,unknown,yes,no,cellular,jun,tue,352.0,1,3,1,success,yes
4897,26,unemployed,single,high.school,no,yes,no,cellular,jul,tue,445.0,1,999,0,nonexistent,no
4898,50,blue-collar,married,basic.6y,unknown,yes,no,cellular,aug,fri,118.0,5,999,0,nonexistent,no
4899,38,blue-collar,married,basic.4y,no,no,yes,telephone,may,tue,144.0,1,999,0,nonexistent,no
4900,36,housemaid,divorced,basic.4y,no,yes,no,cellular,nov,tue,171.0,1,999,0,nonexistent,no
4901,26,technician,married,professional.course,no,no,no,telephone,jun,mon,170.0,2,999,0,nonexistent,no
4902,35,blue-collar,married,basic.9y,no,no,no,cellular,may,fri,211.0,1,999,1,failure,no
4903,29,blue-collar,single,basic.9y,no,yes,no,cellular,mar,tue,116.0,2,999,0,nonexistent,no
4904,34,admin.,single,university.degree,no,no,no,cellular,may,tue,171.0,1,999,0,nonexistent,no
4905,48,technician,married,professional.course,unknown,no,no,cellular,aug,thu,112.0,8,999,0,nonexistent,no
4906,38,admin.,single,university.degree,unknown,yes,no,cellular,sep,wed,153.0,1,3,1,success,yes
4907,40,self-employed,married,university.degree,unknown,yes,yes,cellular,nov,thu,1490.0,3,999,0,nonexistent,yes
4908,50,blue-collar,married,basic.6y,no,yes,no,cellular,nov,mon,116.0,2,999,1,failure,no
4909,47,admin.,married,university.degree,unknown,no,no,telephone,jun,thu,49.0,2,999,0,nonexistent,no
4910,30,technician,single,university.degree,no,yes,no,cellular,jun,fri,166.0,2,999,0,nonexistent,yes
4911,64,retired,divorced,professional.course,no,yes,no,cellular,nov,fri,151.0,3,999,0,nonexistent,no
4912,44,entrepreneur,married,high.school,no,yes,no,cellular,aug,wed,312.0,1,999,0,nonexistent,no
4913,30,technician,married,professional.course,no,yes,no,telephone,jun,mon,290.0,1,999,0,nonexistent,no
4914,37,technician,single,professional.course,unknown,no,no,telephone,jun,fri,43.0,2,999,0,nonexistent,no
4915,30,technician,married,professional.course,no,no,no,cellular,nov,tue,679.0,1,999,0,nonexistent,no
4916,29,admin.,single,university.degree,no,yes,no,cellular,nov,fri,190.0,1,999,0,nonexistent,no
4917,45,blue-collar,married,basic.6y,no,no,no,cellular,aug,fri,311.0,1,999,0,nonexistent,no
4918,30,management,married,university.degree,no,yes,no,cellular,oct,tue,1226.0,2,999,0,nonexistent,yes
4919,48,admin.,single,high.school,no,no,no,cellular,jul,fri,52.0,3,999,0,nonexistent,no
4920,27,technician,married,professional.course,no,yes,yes,telephone,may,thu,289.0,3,999,0,nonexistent,no
4921,45,blue-collar,married,basic.6y,unknown,yes,no,telephone,may,wed,157.0,3,999,0,nonexistent,no
4922,25,admin.,single,unknown,no,yes,no,cellular,nov,mon,381.0,1,999,1,failure,yes
4923,24,blue-collar,married,basic.9y,no,no,no,cellular,jul,tue,107.0,3,999,0,nonexistent,no
4924,52,services,married,high.school,unknown,yes,no,cellular,aug,fri,79.0,2,999,0,nonexistent,no
4925,31,admin.,single,university.degree,no,yes,no,cellular,aug,tue,106.0,1,999,0,nonexistent,no
4926,59,technician,married,university.degree,unknown,no,yes,cellular,jul,thu,459.0,7,999,0,nonexistent,no
4927,31,technician,single,university.degree,no,yes,yes,cellular,aug,wed,107.0,2,999,0,nonexistent,no
4928,29,services,married,high.school,no,no,no,telephone,may,fri,76.0,2,999,0,nonexistent,no
4929,38,management,married,university.degree,unknown,no,yes,cellular,aug,wed,107.0,1,999,0,nonexistent,no
4930,62,technician,married,unknown,no,yes,no,cellular,jul,mon,273.0,1,16,1,success,no
4931,38,blue-collar,single,basic.9y,no,yes,no,telephone,may,tue,2231.0,1,999,0,nonexistent,yes
4932,33,technician,unknown,professional.course,unknown,yes,no,telephone,may,fri,378.0,1,999,0,nonexistent,no
4933,54,technician,married,high.school,no,no,no,telephone,jun,fri,204.0,2,999,0,nonexistent,no
4934,36,self-employed,single,university.degree,no,yes,no,cellular,nov,mon,200.0,2,4,1,success,no
4935,57,blue-collar,married,basic.4y,no,yes,no,cellular,jul,mon,76.0,2,999,0,nonexistent,no
4936,30,technician,married,professional.course,no,yes,yes,cellular,mar,tue,147.0,1,999,0,nonexistent,no
4937,29,services,single,high.school,no,yes,yes,telephone,jun,mon,46.0,2,999,0,nonexistent,no
4938,38,blue-collar,single,high.school,unknown,no,no,cellular,jul,thu,147.0,3,999,0,nonexistent,no
4939,39,housemaid,divorced,high.school,no,no,no,cellular,nov,wed,214.0,3,999,0,nonexistent,no
4940,37,services,married,high.school,unknown,no,yes,telephone,may,tue,335.0,1,999,0,nonexistent,no
4941,43,technician,married,professional.course,unknown,no,no,cellular,aug,wed,54.0,3,999,0,nonexistent,no
4942,55,unknown,married,unknown,unknown,yes,no,telephone,may,thu,285.0,2,999,0,nonexistent,no
4943,39,blue-collar,married,unknown,no,yes,no,cellular,jul,tue,82.0,5,999,0,nonexistent,no
4944,34,blue-collar,married,basic.9y,no,no,yes,cellular,may,fri,763.0,1,999,0,nonexistent,yes
4945,43,admin.,married,university.degree,no,no,no,cellular,jun,mon,108.0,1,999,1,failure,no
4946,31,technician,single,professional.course,no,yes,no,cellular,aug,tue,935.0,1,999,0,nonexistent,yes
4947,55,retired,married,professional.course,no,yes,no,telephone,jun,thu,147.0,1,999,0,nonexistent,no
4948,46,blue-collar,married,basic.9y,no,yes,yes,telephone,may,fri,128.0,3,999,0,nonexistent,no
4949,27,technician,married,professional.course,no,no,no,telephone,jul,wed,36.0,15,999,0,nonexistent,no
4950,36,admin.,married,university.degree,no,unknown,unknown,cellular,aug,fri,114.0,3,999,0,nonexistent,no
4951,41,blue-collar,single,basic.6y,unknown,yes,no,cellular,may,fri,261.0,1,999,1,failure,no
4952,57,unemployed,married,university.degree,no,yes,no,cellular,jul,thu,1173.0,4,999,0,nonexistent,no
4953,45,admin.,married,high.school,unknown,yes,no,cellular,jul,mon,201.0,1,999,0,nonexistent,no
4954,45,admin.,married,university.degree,no,yes,no,cellular,jul,wed,103.0,4,999,0,nonexistent,no
4955,70,retired,married,high.school,no,yes,no,cellular,sep,fri,144.0,1,999,0,nonexistent,no
4956,34,admin.,single,high.school,no,yes,no,telephone,may,thu,168.0,5,999,0,nonexistent,no
4957,31,unemployed,single,professional.course,no,no,no,telephone,jul,fri,538.0,1,999,0,nonexistent,no
4958,23,services,single,high.school,no,no,no,telephone,jun,mon,85.0,5,999,0,nonexistent,no
4959,42,blue-collar,married,basic.4y,unknown,yes,no,cellular,nov,mon,109.0,2,999,0,nonexistent,no
4960,39,admin.,single,high.school,no,no,no,telephone,jun,thu,110.0,4,999,0,nonexistent,no
4961,56,admin.,married,unknown,unknown,no,no,cellular,jul,tue,599.0,1,999,0,nonexistent,no
4962,47,housemaid,married,high.school,unknown,yes,no,cellular,aug,thu,107.0,1,999,0,nonexistent,no
4963,30,blue-collar,married,high.school,unknown,yes,no,cellular,jul,wed,44.0,1,999,0,nonexistent,no
4964,34,technician,married,professional.course,no,no,no,cellular,aug,fri,192.0,1,999,0,nonexistent,no
4965,83,retired,divorced,basic.4y,no,no,yes,cellular,jun,fri,472.0,2,999,0,nonexistent,yes
4966,39,blue-collar,married,basic.6y,no,yes,no,telephone,jul,fri,25.0,1,14,1,success,no
4967,47,services,married,high.school,no,yes,no,cellular,nov,tue,99.0,1,999,0,nonexistent,no
4968,40,services,married,high.school,no,yes,no,telephone,may,mon,161.0,3,999,0,nonexistent,no
4969,30,student,married,university.degree,no,no,no,cellular,aug,mon,98.0,2,3,2,success,yes
4970,49,management,divorced,university.degree,no,no,no,telephone,may,wed,675.0,1,999,0,nonexistent,no
4971,33,services,divorced,unknown,no,no,no,telephone,may,mon,181.0,2,999,0,nonexistent,no
4972,32,admin.,married,university.degree,unknown,unknown,unknown,telephone,may,mon,261.0,56,999,0,nonexistent,no
4973,53,blue-collar,married,basic.4y,unknown,no,yes,cellular,jul,thu,36.0,1,999,0,nonexistent,no
4974,36,management,married,university.degree,no,unknown,unknown,cellular,sep,wed,331.0,1,6,4,failure,yes
4975,31,blue-collar,married,basic.9y,no,no,no,telephone,may,thu,101.0,1,999,0,nonexistent,no
4976,40,admin.,single,high.school,no,yes,no,cellular,aug,tue,168.0,2,999,0,nonexistent,no
4977,44,blue-collar,divorced,basic.4y,unknown,yes,no,telephone,may,tue,148.0,1,999,0,nonexistent,no
4978,36,entrepreneur,married,unknown,unknown,yes,no,cellular,jul,mon,44.0,3,999,0,nonexistent,no
4979,34,admin.,married,university.degree,no,no,no,cellular,aug,tue,109.0,1,999,0,nonexistent,no
4980,48,blue-collar,married,basic.6y,unknown,no,no,telephone,jul,thu,256.0,3,999,0,nonexistent,no
4981,38,technician,married,basic.9y,no,no,no,telephone,jun,mon,59.0,3,999,0,nonexistent,no
4982,30,housemaid,married,basic.6y,no,yes,no,cellular,aug,mon,249.0,5,999,0,nonexistent,no
4983,23,student,single,basic.9y,no,yes,no,cellular,dec,tue,321.0,2,999,0,nonexistent,yes
4984,28,admin.,single,high.school,no,yes,yes,cellular,may,wed,253.0,2,999,0,nonexistent,no
4985,41,services,divorced,high.school,no,yes,no,cellular,jul,tue,77.0,5,999,0,nonexistent,no
4986,52,housemaid,married,basic.4y,unknown,no,no,cellular,aug,mon,498.0,2,999,0,nonexistent,no
4987,55,self-employed,married,basic.9y,no,yes,yes,cellular,may,tue,475.0,2,999,0,nonexistent,no
4988,53,technician,divorced,high.school,no,no,no,cellular,nov,thu,405.0,1,999,1,failure,no
4989,46,admin.,married,high.school,no,no,no,telephone,aug,wed,231.0,2,999,0,nonexistent,yes
4990,36,housemaid,married,basic.4y,no,no,no,telephone,jun,mon,152.0,2,999,0,nonexistent,no
4991,35,admin.,single,high.school,no,yes,no,cellular,may,tue,13.0,5,999,0,nonexistent,no
4992,59,retired,married,professional.course,no,no,no,cellular,aug,fri,218.0,3,3,1,success,yes
4993,37,blue-collar,divorced,basic.9y,no,yes,no,cellular,jul,fri,383.0,1,999,0,nonexistent,no
4994,51,blue-collar,married,basic.9y,no,no,no,telephone,may,fri,202.0,1,999,0,nonexistent,no
4995,65,retired,married,high.school,no,yes,yes,cellular,aug,mon,97.0,2,999,0,nonexistent,no
4996,31,management,single,university.degree,no,yes,no,cellular,may,mon,125.0,1,999,0,nonexistent,no
4997,35,technician,single,university.degree,no,no,no,cellular,aug,thu,104.0,1,999,0,nonexistent,no
4998,52,admin.,married,university.degree,no,yes,no,cellular,aug,wed,261.0,1,999,0,nonexistent,no
4999,48,unemployed,married,university.degree,no,yes,no,cellular,nov,thu,60.0,1,999,0,nonexistent,no
5000,49,blue-collar,married,high.school,no,no,no,telephone,may,mon,560.0,4,999,0,nonexistent,no
5001,40,services,married,high.school,no,yes,no,cellular,apr,fri,151.0,2,999,0,nonexistent,no
5002,45,admin.,married,university.degree,no,no,yes,cellular,nov,wed,106.0,1,999,1,failure,no
5003,52,services,married,university.degree,no,no,no,telephone,may,fri,132.0,11,999,0,nonexistent,no
5004,26,admin.,married,high.school,no,yes,yes,cellular,oct,mon,126.0,1,999,0,nonexistent,no
5005,38,blue-collar,married,basic.9y,no,yes,no,cellular,may,mon,240.0,5,999,0,nonexistent,no
5006,26,blue-collar,married,basic.9y,no,yes,no,cellular,apr,thu,77.0,3,999,0,nonexistent,no
5007,47,admin.,married,high.school,no,yes,no,cellular,aug,fri,106.0,1,999,0,nonexistent,no
5008,42,admin.,married,university.degree,no,no,yes,cellular,jul,fri,400.0,2,999,0,nonexistent,no
5009,45,housemaid,divorced,basic.4y,unknown,yes,no,cellular,jul,fri,183.0,2,999,0,nonexistent,no
5010,47,blue-collar,married,basic.4y,no,yes,no,telephone,jun,fri,252.0,2,999,0,nonexistent,no
5011,32,technician,married,professional.course,no,no,no,cellular,aug,tue,215.0,1,999,0,nonexistent,no
5012,44,services,married,high.school,no,yes,yes,telephone,may,mon,391.0,1,999,0,nonexistent,no
5013,38,entrepreneur,married,basic.6y,no,yes,no,cellular,jun,tue,189.0,1,999,0,nonexistent,no
5014,38,management,married,university.degree,no,yes,no,cellular,jul,tue,646.0,4,999,0,nonexistent,no
5015,34,technician,married,high.school,no,no,no,telephone,may,wed,1062.0,1,999,0,nonexistent,no
5016,31,admin.,married,university.degree,no,yes,no,cellular,aug,tue,154.0,1,999,0,nonexistent,no
5017,34,blue-collar,married,basic.9y,no,no,no,cellular,may,mon,248.0,1,999,1,failure,no
5018,52,self-employed,married,university.degree,no,no,no,telephone,may,tue,31.0,3,999,0,nonexistent,no
5019,34,housemaid,married,high.school,unknown,yes,yes,cellular,may,wed,17.0,4,999,1,failure,no
5020,32,management,married,basic.6y,no,yes,no,telephone,may,thu,490.0,3,999,0,nonexistent,no
5021,55,retired,married,high.school,unknown,yes,yes,cellular,aug,tue,37.0,5,999,0,nonexistent,no
5022,46,admin.,divorced,basic.6y,no,yes,no,cellular,may,mon,18.0,5,999,0,nonexistent,no
5023,25,unemployed,single,high.school,unknown,yes,no,telephone,jun,tue,292.0,3,999,0,nonexistent,no
5024,45,blue-collar,married,basic.9y,no,yes,no,cellular,mar,tue,257.0,1,999,0,nonexistent,no
5025,27,blue-collar,married,basic.9y,no,yes,no,cellular,may,wed,53.0,3,999,0,nonexistent,no
5026,26,unemployed,married,high.school,no,no,no,cellular,jul,tue,322.0,4,999,0,nonexistent,no
5027,47,technician,divorced,high.school,no,yes,no,cellular,aug,wed,87.0,3,999,0,nonexistent,no
5028,34,admin.,married,basic.6y,no,yes,no,cellular,may,wed,298.0,2,999,0,nonexistent,no
5029,39,admin.,married,university.degree,no,yes,yes,cellular,aug,fri,343.0,2,14,1,success,yes
5030,30,blue-collar,married,high.school,no,yes,no,telephone,jun,mon,32.0,3,999,0,nonexistent,no
5031,36,blue-collar,married,basic.9y,unknown,yes,no,cellular,jul,thu,387.0,1,999,0,nonexistent,no
5032,32,blue-collar,married,basic.9y,no,no,no,telephone,may,wed,490.0,1,999,0,nonexistent,no
5033,53,admin.,single,university.degree,unknown,yes,no,telephone,may,wed,122.0,2,999,0,nonexistent,no
5034,52,unknown,married,basic.4y,no,no,no,telephone,may,tue,150.0,1,999,0,nonexistent,no
5035,31,self-employed,married,university.degree,no,no,no,cellular,sep,wed,106.0,1,999,0,nonexistent,no
5036,43,admin.,married,high.school,no,yes,no,cellular,jul,mon,118.0,1,999,0,nonexistent,no
5037,30,blue-collar,married,basic.4y,no,no,no,cellular,may,thu,208.0,1,999,1,failure,no
5038,52,technician,single,basic.4y,unknown,yes,no,cellular,nov,wed,208.0,1,999,0,nonexistent,no
5039,37,blue-collar,married,basic.9y,no,yes,yes,cellular,jul,wed,184.0,3,999,0,nonexistent,no
5040,27,student,single,high.school,no,yes,no,cellular,may,tue,41.0,1,999,0,nonexistent,no
5041,56,technician,married,professional.course,no,no,no,cellular,aug,wed,68.0,1,999,0,nonexistent,no
5042,43,blue-collar,married,unknown,no,yes,no,cellular,may,tue,756.0,3,999,0,nonexistent,no
5043,40,admin.,married,university.degree,no,yes,no,cellular,aug,tue,435.0,3,999,0,nonexistent,no
5044,35,management,married,university.degree,no,yes,no,cellular,aug,fri,93.0,4,999,0,nonexistent,no
5045,42,housemaid,married,basic.9y,no,yes,no,cellular,jul,thu,410.0,1,999,0,nonexistent,no
5046,35,blue-collar,married,basic.9y,unknown,no,no,cellular,may,fri,414.0,2,999,1,failure,no
5047,42,blue-collar,married,basic.4y,no,no,no,cellular,may,mon,139.0,1,999,0,nonexistent,no
5048,34,blue-collar,married,basic.4y,no,yes,no,telephone,may,mon,80.0,1,999,0,nonexistent,no
5049,53,entrepreneur,married,basic.4y,no,no,no,telephone,jun,mon,339.0,2,999,0,nonexistent,no
5050,46,services,married,basic.9y,unknown,yes,no,cellular,aug,wed,59.0,5,999,0,nonexistent,no
5051,51,unemployed,married,basic.9y,unknown,yes,no,telephone,may,wed,360.0,1,999,0,nonexistent,no
5052,29,blue-collar,single,basic.6y,no,yes,yes,cellular,apr,thu,1410.0,1,999,1,failure,no
5053,50,management,single,university.degree,no,no,no,cellular,jul,thu,192.0,1,999,0,nonexistent,no
5054,33,unemployed,divorced,basic.9y,no,no,no,telephone,may,wed,1321.0,2,999,0,nonexistent,yes
5055,29,technician,married,university.degree,no,yes,no,cellular,aug,mon,242.0,1,999,0,nonexistent,no
5056,21,blue-collar,single,basic.9y,no,yes,no,cellular,may,mon,239.0,2,999,0,nonexistent,no
5057,33,services,single,high.school,no,yes,no,cellular,may,fri,557.0,1,999,1,failure,no
5058,48,unemployed,married,professional.course,no,yes,yes,cellular,may,mon,10.0,4,999,1,failure,no
5059,30,unknown,married,university.degree,no,yes,no,cellular,aug,mon,171.0,1,999,0,nonexistent,no
5060,36,blue-collar,married,basic.6y,unknown,no,no,telephone,may,mon,58.0,7,999,0,nonexistent,no
5061,29,technician,married,professional.course,no,no,no,telephone,jun,fri,145.0,1,999,0,nonexistent,no
5062,40,blue-collar,married,basic.4y,no,yes,yes,cellular,may,tue,103.0,2,999,1,failure,no
5063,43,blue-collar,single,basic.4y,unknown,no,no,telephone,may,wed,21.0,10,999,0,nonexistent,no
5064,59,housemaid,married,basic.4y,unknown,no,no,cellular,aug,tue,77.0,6,999,0,nonexistent,no
5065,24,blue-collar,married,basic.9y,no,no,no,telephone,jul,mon,171.0,1,999,0,nonexistent,no
5066,55,admin.,married,university.degree,unknown,no,no,cellular,jul,mon,118.0,3,999,0,nonexistent,no
5067,38,services,married,basic.6y,unknown,yes,no,cellular,may,fri,119.0,1,999,0,nonexistent,no
5068,30,admin.,single,university.degree,no,yes,no,telephone,may,thu,206.0,3,999,0,nonexistent,no
5069,42,blue-collar,married,basic.9y,unknown,no,no,telephone,may,fri,119.0,2,999,0,nonexistent,no
5070,41,admin.,married,university.degree,no,no,no,cellular,jul,mon,1360.0,3,999,0,nonexistent,yes
5071,47,blue-collar,married,high.school,no,no,no,cellular,may,wed,327.0,1,999,1,failure,no
5072,36,blue-collar,single,high.school,no,yes,yes,telephone,may,mon,402.0,3,999,0,nonexistent,no
5073,47,self-employed,married,basic.9y,unknown,yes,no,cellular,nov,fri,106.0,1,999,0,nonexistent,no
5074,22,technician,single,university.degree,no,yes,no,cellular,jun,fri,127.0,2,999,0,nonexistent,no
5075,42,admin.,single,university.degree,no,no,no,cellular,aug,fri,353.0,1,999,0,nonexistent,no
5076,46,blue-collar,married,university.degree,no,yes,yes,telephone,jun,tue,436.0,5,999,0,nonexistent,no
5077,36,blue-collar,married,basic.9y,no,no,no,telephone,jun,tue,159.0,6,999,0,nonexistent,no
5078,49,blue-collar,married,basic.4y,unknown,yes,no,telephone,jun,thu,27.0,2,999,0,nonexistent,no
5079,31,management,single,university.degree,no,no,no,cellular,aug,mon,1099.0,2,999,0,nonexistent,no
5080,45,technician,married,professional.course,no,no,no,telephone,jul,wed,20.0,5,999,0,nonexistent,no
5081,38,admin.,single,university.degree,no,yes,no,telephone,jun,fri,170.0,2,999,0,nonexistent,no
5082,29,services,married,basic.9y,unknown,no,no,telephone,may,fri,124.0,1,999,0,nonexistent,no
5083,29,unknown,married,university.degree,no,unknown,unknown,telephone,may,fri,282.0,2,999,0,nonexistent,no
5084,54,technician,married,high.school,no,no,no,cellular,jul,tue,422.0,8,999,0,nonexistent,no
5085,34,technician,married,high.school,no,yes,no,cellular,aug,thu,112.0,5,999,0,nonexistent,no
5086,25,unemployed,married,university.degree,no,no,no,telephone,jul,fri,176.0,15,999,0,nonexistent,no
5087,32,admin.,married,university.degree,no,yes,no,cellular,oct,fri,94.0,1,999,0,nonexistent,no
5088,31,admin.,single,university.degree,no,no,no,telephone,jun,fri,213.0,2,999,0,nonexistent,no
5089,57,admin.,married,high.school,unknown,yes,no,cellular,aug,mon,166.0,2,999,0,nonexistent,no
5090,31,admin.,single,university.degree,no,unknown,unknown,cellular,jul,wed,95.0,5,999,0,nonexistent,no
5091,33,admin.,married,university.degree,no,no,no,telephone,jun,fri,80.0,1,999,0,nonexistent,no
5092,47,blue-collar,single,basic.4y,unknown,no,no,cellular,may,tue,343.0,4,999,1,failure,no
5093,41,management,married,university.degree,no,yes,no,telephone,jun,thu,52.0,8,999,0,nonexistent,no
5094,30,technician,married,high.school,no,yes,no,cellular,aug,tue,385.0,2,999,0,nonexistent,no
5095,45,unknown,unknown,unknown,no,yes,no,cellular,jul,wed,586.0,1,999,0,nonexistent,yes
5096,34,admin.,divorced,university.degree,no,no,no,cellular,nov,tue,150.0,1,999,0,nonexistent,no
5097,45,unemployed,married,basic.9y,no,yes,no,cellular,nov,mon,554.0,2,999,0,nonexistent,no
5098,34,services,married,high.school,no,no,no,telephone,jun,tue,51.0,2,999,0,nonexistent,no
5099,31,admin.,divorced,university.degree,no,yes,no,cellular,nov,tue,346.0,1,999,0,nonexistent,no
5100,36,blue-collar,single,high.school,no,yes,no,telephone,jun,fri,61.0,1,999,0,nonexistent,no
5101,56,services,married,high.school,no,yes,no,cellular,aug,tue,170.0,2,999,0,nonexistent,no
5102,44,self-employed,married,university.degree,no,no,no,telephone,nov,thu,39.0,1,999,0,nonexistent,no
5103,44,admin.,married,university.degree,no,no,no,cellular,aug,mon,56.0,5,999,0,nonexistent,no
5104,37,housemaid,single,professional.course,no,yes,no,cellular,jul,wed,60.0,8,999,0,nonexistent,no
5105,33,admin.,divorced,high.school,no,no,no,telephone,apr,fri,392.0,3,999,0,nonexistent,no
5106,36,blue-collar,married,basic.9y,no,yes,no,cellular,may,thu,98.0,1,999,2,failure,no
5107,42,technician,single,basic.9y,no,yes,no,telephone,may,wed,99.0,2,999,0,nonexistent,no
5108,56,management,married,unknown,no,yes,no,telephone,may,tue,102.0,2,999,0,nonexistent,no
5109,43,blue-collar,single,basic.4y,unknown,yes,no,telephone,may,mon,225.0,1,999,0,nonexistent,no
5110,30,blue-collar,married,unknown,no,no,no,telephone,may,wed,85.0,2,999,0,nonexistent,no
5111,37,admin.,divorced,university.degree,no,yes,no,telephone,jun,mon,82.0,3,999,0,nonexistent,no
5112,38,technician,divorced,university.degree,unknown,no,no,cellular,aug,mon,102.0,5,999,0,nonexistent,no
5113,52,self-employed,single,university.degree,unknown,yes,no,telephone,may,thu,150.0,4,999,0,nonexistent,no
5114,50,services,single,high.school,unknown,no,no,telephone,may,tue,332.0,1,999,0,nonexistent,no
5115,25,student,single,high.school,no,no,no,cellular,oct,fri,554.0,3,999,0,nonexistent,yes
5116,31,blue-collar,single,high.school,no,yes,no,cellular,may,mon,126.0,2,999,1,failure,no
5117,41,blue-collar,divorced,basic.4y,no,yes,no,cellular,apr,thu,256.0,3,999,1,failure,no
5118,39,technician,single,professional.course,unknown,no,no,telephone,jun,thu,820.0,1,999,0,nonexistent,no
5119,36,admin.,single,high.school,no,yes,no,cellular,jun,tue,248.0,1,999,1,failure,no
5120,33,technician,divorced,professional.course,no,yes,no,cellular,apr,mon,,1,999,1,failure,no
5121,37,technician,married,professional.course,unknown,no,no,telephone,may,wed,135.0,2,999,0,nonexistent,no
5122,88,retired,divorced,basic.4y,no,no,no,cellular,mar,wed,203.0,2,999,0,nonexistent,yes
5123,25,admin.,single,university.degree,no,no,no,cellular,may,tue,80.0,1,999,1,failure,no
5124,36,blue-collar,married,basic.9y,no,no,no,cellular,may,tue,133.0,1,999,0,nonexistent,no
5125,39,services,married,high.school,no,yes,no,cellular,nov,tue,107.0,1,999,0,nonexistent,no
5126,32,blue-collar,married,basic.4y,no,yes,no,telephone,nov,thu,111.0,8,999,0,nonexistent,no
5127,25,management,single,university.degree,no,yes,no,cellular,may,mon,362.0,5,999,0,nonexistent,no
5128,48,technician,married,professional.course,unknown,yes,no,telephone,may,thu,306.0,1,999,0,nonexistent,no
5129,53,management,married,university.degree,no,no,no,cellular,jul,tue,477.0,2,999,0,nonexistent,no
5130,47,blue-collar,married,unknown,unknown,yes,no,cellular,aug,thu,227.0,3,999,0,nonexistent,no
5131,39,management,married,basic.4y,unknown,yes,no,telephone,jun,thu,26.0,1,999,0,nonexistent,no
5132,43,blue-collar,divorced,basic.4y,unknown,no,no,telephone,jul,fri,195.0,1,999,0,nonexistent,no
5133,26,admin.,married,high.school,no,no,yes,telephone,jun,mon,1021.0,1,999,0,nonexistent,no
5134,50,services,married,high.school,no,yes,yes,telephone,jun,wed,64.0,6,999,0,nonexistent,no
5135,31,blue-collar,divorced,basic.9y,no,yes,no,telephone,jun,thu,166.0,2,999,0,nonexistent,no
5136,39,admin.,married,high.school,no,no,no,telephone,may,fri,216.0,1,999,0,nonexistent,no
5137,34,blue-collar,married,professional.course,unknown,yes,no,telephone,jun,thu,280.0,3,999,0,nonexistent,no
5138,29,admin.,married,university.degree,no,yes,no,cellular,aug,mon,209.0,2,999,0,nonexistent,no
5139,30,blue-collar,married,high.school,no,yes,no,telephone,may,wed,85.0,1,999,0,nonexistent,no
5140,45,unknown,married,unknown,no,no,no,telephone,nov,wed,169.0,1,999,0,nonexistent,yes
5141,46,technician,divorced,professional.course,no,yes,no,cellular,may,mon,214.0,2,999,0,nonexistent,no
5142,46,admin.,single,university.degree,no,no,yes,telephone,may,fri,105.0,4,999,0,nonexistent,no
5143,34,admin.,married,university.degree,unknown,yes,no,cellular,aug,tue,82.0,1,999,0,nonexistent,no
5144,44,admin.,married,unknown,no,no,no,telephone,may,tue,45.0,2,999,0,nonexistent,no
5145,30,blue-collar,married,high.school,no,yes,no,telephone,mar,tue,904.0,1,999,0,nonexistent,yes
5146,34,blue-collar,single,basic.6y,no,yes,no,cellular,may,wed,125.0,3,999,0,nonexistent,no
5147,42,entrepreneur,married,high.school,no,yes,no,cellular,may,fri,9.0,9,999,0,nonexistent,no
5148,47,management,married,high.school,no,unknown,unknown,cellular,apr,fri,234.0,1,999,1,failure,no
5149,44,admin.,divorced,high.school,no,yes,yes,cellular,jul,wed,70.0,6,999,0,nonexistent,no
5150,39,admin.,divorced,university.degree,no,no,no,cellular,apr,fri,187.0,1,999,1,failure,no
5151,46,technician,married,professional.course,no,yes,yes,cellular,sep,thu,144.0,2,999,1,failure,no
5152,28,admin.,single,high.school,no,no,no,cellular,oct,wed,1246.0,2,999,0,nonexistent,yes
5153,28,blue-collar,married,basic.4y,no,no,no,cellular,jul,thu,196.0,2,999,0,nonexistent,no
5154,29,technician,single,university.degree,no,no,no,cellular,apr,mon,354.0,1,999,0,nonexistent,no
5155,58,management,divorced,university.degree,no,yes,no,telephone,nov,fri,39.0,2,999,0,nonexistent,no
5156,29,admin.,single,university.degree,no,yes,no,telephone,may,fri,22.0,4,999,0,nonexistent,no
5157,50,admin.,married,unknown,no,yes,no,cellular,aug,thu,162.0,1,999,0,nonexistent,no
5158,59,blue-collar,divorced,basic.4y,no,no,no,telephone,may,wed,341.0,5,999,0,nonexistent,no
5159,71,admin.,married,basic.4y,no,yes,no,cellular,aug,thu,192.0,1,999,2,failure,no
5160,40,services,single,professional.course,no,no,no,telephone,may,thu,202.0,2,999,0,nonexistent,no
5161,45,blue-collar,single,basic.4y,unknown,no,no,telephone,jun,tue,254.0,1,999,0,nonexistent,no
5162,56,blue-collar,married,basic.4y,unknown,no,no,telephone,jun,wed,36.0,4,999,0,nonexistent,no
5163,50,admin.,married,basic.9y,no,no,no,cellular,may,thu,95.0,6,999,0,nonexistent,no
5164,52,blue-collar,married,basic.9y,no,yes,no,telephone,may,fri,171.0,2,999,0,nonexistent,no
5165,58,blue-collar,divorced,basic.4y,unknown,no,no,telephone,jul,thu,69.0,7,999,0,nonexistent,no
5166,42,admin.,married,high.school,unknown,yes,no,telephone,may,tue,99.0,2,999,0,nonexistent,no
5167,37,admin.,divorced,high.school,no,no,no,telephone,may,thu,51.0,10,999,0,nonexistent,no
5168,41,technician,married,university.degree,no,no,yes,telephone,jun,fri,145.0,1,999,0,nonexistent,no
5169,57,self-employed,married,university.degree,no,no,no,telephone,jul,thu,552.0,16,999,0,nonexistent,no
5170,34,blue-collar,married,basic.9y,no,no,no,telephone,may,thu,466.0,2,999,0,nonexistent,no
5171,37,management,married,university.degree,no,yes,yes,telephone,nov,tue,71.0,4,999,0,nonexistent,no
5172,55,housemaid,married,professional.course,no,yes,no,telephone,may,tue,137.0,5,999,0,nonexistent,no
5173,35,management,single,unknown,no,yes,yes,cellular,nov,thu,207.0,1,999,0,nonexistent,no
5174,31,blue-collar,single,high.school,no,unknown,unknown,telephone,may,thu,230.0,4,999,0,nonexistent,no
5175,53,management,married,university.degree,no,yes,yes,cellular,nov,tue,60.0,1,999,0,nonexistent,no
5176,44,management,married,basic.9y,unknown,no,no,telephone,may,wed,282.0,2,999,0,nonexistent,no
5177,30,admin.,single,high.school,no,yes,no,cellular,may,wed,53.0,1,999,0,nonexistent,no
5178,40,services,married,high.school,unknown,no,no,cellular,may,thu,67.0,1,999,1,failure,no
5179,58,management,married,university.degree,no,yes,no,cellular,nov,thu,193.0,1,999,0,nonexistent,no
5180,78,retired,divorced,basic.6y,no,no,no,cellular,oct,fri,631.0,2,999,2,failure,no
5181,33,admin.,married,university.degree,no,no,no,cellular,mar,fri,119.0,2,999,3,failure,no
5182,36,blue-collar,married,basic.9y,no,no,no,cellular,may,wed,133.0,1,999,0,nonexistent,no
5183,33,admin.,married,university.degree,unknown,yes,yes,cellular,aug,thu,259.0,2,999,0,nonexistent,no
5184,30,self-employed,single,university.degree,no,no,no,cellular,jul,wed,1147.0,4,999,0,nonexistent,no
5185,54,unemployed,divorced,high.school,no,no,yes,cellular,oct,mon,54.0,1,999,0,nonexistent,no
5186,26,admin.,single,university.degree,no,yes,no,cellular,may,mon,410.0,3,999,1,failure,no
5187,45,admin.,divorced,high.school,no,yes,no,cellular,nov,fri,980.0,2,999,0,nonexistent,yes
5188,47,management,married,university.degree,no,yes,no,cellular,aug,wed,101.0,1,999,0,nonexistent,no
5189,46,services,married,high.school,no,yes,yes,cellular,jul,wed,149.0,10,999,0,nonexistent,no
5190,27,blue-collar,single,high.school,no,no,no,cellular,may,fri,80.0,4,999,0,nonexistent,no
5191,35,blue-collar,married,basic.9y,unknown,no,no,telephone,jun,fri,76.0,12,999,0,nonexistent,no
5192,39,admin.,single,high.school,no,no,no,telephone,jun,wed,172.0,2,999,0,nonexistent,no
5193,44,admin.,divorced,university.degree,no,yes,no,cellular,aug,mon,240.0,2,999,0,nonexistent,no
5194,31,admin.,single,basic.9y,no,yes,no,cellular,may,wed,117.0,2,999,1,failure,no
5195,33,admin.,married,university.degree,no,no,no,cellular,jul,mon,145.0,2,999,0,nonexistent,no
5196,41,blue-collar,married,basic.4y,no,no,no,telephone,may,wed,142.0,1,999,0,nonexistent,no
5197,33,blue-collar,married,professional.course,no,yes,no,telephone,may,fri,15.0,1,999,0,nonexistent,no
5198,89,retired,divorced,basic.4y,no,yes,no,cellular,sep,tue,314.0,1,999,0,nonexistent,yes
5199,42,blue-collar,married,basic.4y,unknown,yes,no,telephone,may,tue,78.0,2,999,0,nonexistent,no
5200,39,admin.,single,university.degree,no,yes,yes,cellular,aug,thu,48.0,8,999,0,nonexistent,no
5201,47,admin.,married,unknown,no,yes,no,cellular,aug,fri,251.0,2,999,0,nonexistent,no
5202,41,blue-collar,married,basic.9y,unknown,no,no,telephone,jun,tue,110.0,2,999,0,nonexistent,no
5203,34,admin.,married,high.school,no,yes,no,telephone,may,tue,207.0,1,999,0,nonexistent,no
5204,32,technician,married,professional.course,no,no,no,cellular,may,wed,65.0,2,999,0,nonexistent,no
5205,43,admin.,single,high.school,no,no,no,cellular,apr,tue,487.0,1,999,0,nonexistent,no
5206,43,entrepreneur,married,basic.6y,no,yes,no,cellular,may,mon,195.0,3,999,1,failure,no
5207,33,admin.,married,university.degree,no,yes,no,cellular,aug,fri,576.0,1,999,0,nonexistent,yes
5208,57,technician,married,basic.4y,unknown,no,no,telephone,jun,thu,243.0,2,999,0,nonexistent,no
5209,42,entrepreneur,married,basic.6y,no,no,no,telephone,may,tue,179.0,2,999,0,nonexistent,no
5210,55,admin.,divorced,university.degree,no,no,no,telephone,jun,tue,143.0,2,999,0,nonexistent,no
5211,76,retired,married,university.degree,no,unknown,unknown,cellular,dec,thu,184.0,6,999,1,failure,no
5212,33,services,married,high.school,no,no,no,telephone,may,mon,145.0,4,999,0,nonexistent,no
5213,34,services,married,high.school,unknown,yes,no,telephone,may,wed,189.0,7,999,0,nonexistent,no
5214,56,unknown,married,basic.4y,no,yes,no,cellular,aug,mon,106.0,1,999,0,nonexistent,no
5215,27,admin.,married,professional.course,no,yes,no,cellular,may,thu,143.0,1,999,0,nonexistent,no
5216,29,technician,married,professional.course,no,no,no,cellular,may,fri,538.0,2,999,2,failure,yes
5217,36,blue-collar,married,basic.9y,no,no,no,telephone,may,mon,98.0,4,999,0,nonexistent,no
5218,49,self-employed,married,university.degree,unknown,yes,no,cellular,nov,fri,110.0,1,999,1,failure,no
5219,36,services,single,basic.9y,no,yes,yes,telephone,may,mon,129.0,3,999,0,nonexistent,no
5220,38,blue-collar,married,basic.9y,no,no,no,cellular,nov,wed,1065.0,1,999,0,nonexistent,no
5221,58,management,married,basic.4y,no,yes,no,cellular,nov,wed,70.0,5,999,0,nonexistent,no
5222,43,management,married,university.degree,no,yes,no,telephone,nov,mon,49.0,2,999,0,nonexistent,no
5223,47,technician,married,basic.9y,no,no,no,telephone,may,fri,150.0,5,999,0,nonexistent,no
5224,32,self-employed,single,university.degree,no,yes,no,cellular,dec,mon,205.0,4,999,1,failure,yes
5225,53,admin.,divorced,university.degree,no,yes,yes,cellular,sep,fri,168.0,2,999,1,failure,no
5226,51,services,married,high.school,no,no,yes,cellular,nov,mon,120.0,2,3,4,success,no
5227,35,housemaid,married,high.school,no,no,no,telephone,jun,thu,56.0,1,999,0,nonexistent,no
5228,28,admin.,single,high.school,no,yes,no,cellular,jul,mon,101.0,1,999,0,nonexistent,no
5229,49,management,married,university.degree,no,yes,no,cellular,apr,fri,58.0,1,999,0,nonexistent,no
5230,51,admin.,single,university.degree,no,no,no,telephone,aug,wed,214.0,2,999,0,nonexistent,no
5231,34,admin.,married,university.degree,no,no,no,cellular,jul,wed,266.0,1,999,0,nonexistent,no
5232,29,admin.,married,university.degree,no,yes,no,cellular,may,tue,212.0,1,999,0,nonexistent,no
5233,46,services,married,basic.9y,no,yes,no,cellular,jul,thu,40.0,9,999,0,nonexistent,no
5234,80,retired,divorced,basic.4y,no,yes,no,cellular,apr,wed,354.0,1,999,0,nonexistent,no
5235,47,blue-collar,married,basic.4y,unknown,no,no,telephone,may,mon,95.0,8,999,0,nonexistent,no
5236,43,services,married,high.school,no,no,no,cellular,apr,thu,60.0,1,999,1,failure,no
5237,29,services,single,high.school,no,yes,no,cellular,may,mon,14.0,8,999,0,nonexistent,no
5238,34,admin.,married,university.degree,no,yes,no,cellular,nov,wed,174.0,1,999,0,nonexistent,no
5239,31,unemployed,single,professional.course,no,no,no,telephone,may,tue,92.0,2,999,0,nonexistent,no
5240,33,admin.,single,university.degree,no,yes,no,cellular,aug,wed,43.0,13,999,0,nonexistent,no
5241,35,admin.,single,basic.9y,no,no,no,cellular,apr,mon,91.0,2,999,0,nonexistent,no
5242,40,technician,single,professional.course,no,yes,no,cellular,apr,fri,53.0,1,999,1,failure,no
5243,27,admin.,single,high.school,no,yes,no,cellular,jul,tue,212.0,2,999,0,nonexistent,no
5244,49,services,divorced,high.school,no,no,no,telephone,jun,thu,138.0,2,999,0,nonexistent,no
5245,32,technician,married,professional.course,no,yes,no,telephone,nov,thu,106.0,1,999,0,nonexistent,no
5246,23,admin.,single,university.degree,no,no,no,telephone,may,tue,266.0,3,999,0,nonexistent,no
5247,35,technician,married,professional.course,no,no,no,cellular,aug,tue,219.0,2,999,0,nonexistent,no
5248,55,technician,married,basic.9y,unknown,unknown,unknown,telephone,may,fri,130.0,2,999,0,nonexistent,no
5249,38,technician,married,university.degree,no,yes,no,telephone,sep,thu,173.0,1,999,3,failure,no
5250,45,admin.,married,high.school,unknown,unknown,unknown,cellular,aug,fri,215.0,2,999,0,nonexistent,no
5251,37,admin.,married,university.degree,no,no,yes,cellular,aug,thu,1505.0,3,999,0,nonexistent,yes
5252,54,blue-collar,married,professional.course,no,no,no,cellular,apr,thu,2870.0,2,999,0,nonexistent,no
5253,43,admin.,married,high.school,no,yes,no,telephone,may,thu,152.0,2,999,0,nonexistent,no
5254,33,unknown,married,unknown,unknown,no,no,cellular,aug,thu,142.0,1,999,0,nonexistent,no
5255,28,technician,married,basic.9y,no,yes,no,cellular,may,wed,23.0,1,999,1,failure,no
5256,34,blue-collar,married,basic.9y,no,no,no,telephone,may,thu,417.0,3,999,0,nonexistent,no
5257,58,technician,married,professional.course,unknown,no,no,telephone,jun,fri,18.0,2,999,0,nonexistent,no
5258,56,retired,married,high.school,no,yes,no,cellular,aug,tue,109.0,3,999,0,nonexistent,no
5259,37,management,married,high.school,no,yes,no,cellular,aug,fri,125.0,1,999,0,nonexistent,no
5260,38,technician,single,university.degree,no,yes,no,cellular,aug,fri,80.0,1,999,0,nonexistent,no
5261,43,blue-collar,married,unknown,unknown,no,no,telephone,may,fri,512.0,6,999,0,nonexistent,no
5262,54,retired,married,high.school,unknown,yes,no,telephone,may,tue,412.0,1,999,0,nonexistent,no
5263,30,admin.,married,university.degree,no,yes,no,telephone,jul,wed,693.0,2,999,0,nonexistent,no
5264,33,unemployed,divorced,basic.9y,no,yes,no,telephone,may,wed,105.0,1,999,0,nonexistent,no
5265,30,unemployed,married,professional.course,no,yes,no,cellular,jun,tue,194.0,1,999,0,nonexistent,no
5266,57,blue-collar,married,basic.9y,no,yes,no,cellular,aug,mon,84.0,2,999,0,nonexistent,no
5267,30,admin.,single,university.degree,no,yes,no,cellular,nov,thu,34.0,1,999,1,failure,no
5268,41,self-employed,married,basic.9y,no,yes,no,telephone,jun,mon,178.0,4,999,0,nonexistent,no
5269,40,blue-collar,married,basic.6y,unknown,yes,no,telephone,may,tue,203.0,1,999,0,nonexistent,no
5270,46,admin.,single,high.school,no,yes,yes,cellular,nov,fri,116.0,2,999,1,failure,no
5271,45,admin.,married,university.degree,no,no,no,cellular,jul,thu,196.0,1,999,0,nonexistent,no
5272,52,services,married,high.school,unknown,unknown,unknown,cellular,aug,mon,116.0,5,999,0,nonexistent,no
5273,44,technician,married,high.school,no,yes,no,cellular,jul,wed,82.0,1,999,0,nonexistent,no
5274,39,technician,single,professional.course,no,yes,no,cellular,nov,wed,134.0,4,999,0,nonexistent,no
5275,24,student,single,unknown,no,yes,no,cellular,sep,wed,300.0,1,5,1,success,yes
5276,33,technician,unknown,professional.course,unknown,no,no,telephone,may,fri,112.0,2,999,0,nonexistent,no
5277,27,blue-collar,married,basic.4y,no,yes,no,cellular,jul,wed,205.0,2,999,0,nonexistent,no
5278,33,blue-collar,married,basic.9y,unknown,no,yes,cellular,may,wed,190.0,3,999,0,nonexistent,no
5279,31,technician,married,high.school,no,yes,no,cellular,aug,wed,78.0,2,999,0,nonexistent,no
5280,40,admin.,married,high.school,no,no,no,telephone,may,tue,243.0,1,999,0,nonexistent,no
5281,31,admin.,single,university.degree,no,yes,yes,cellular,jul,thu,120.0,3,999,0,nonexistent,no
5282,46,services,married,basic.9y,no,no,no,cellular,may,wed,984.0,1,999,1,failure,yes
5283,53,technician,married,professional.course,unknown,yes,no,telephone,jun,wed,104.0,2,999,0,nonexistent,no
5284,39,admin.,single,high.school,no,yes,no,cellular,jul,fri,337.0,1,999,0,nonexistent,no
5285,46,services,married,basic.6y,no,yes,no,telephone,may,mon,89.0,5,999,0,nonexistent,no
5286,54,retired,divorced,university.degree,no,yes,no,cellular,may,fri,193.0,2,999,0,nonexistent,no
5287,67,retired,married,basic.4y,no,no,no,telephone,nov,mon,167.0,1,999,0,nonexistent,yes
5288,18,student,single,unknown,no,yes,no,cellular,aug,wed,561.0,1,17,2,failure,yes
5289,37,admin.,married,high.school,no,yes,yes,cellular,apr,fri,171.0,1,999,1,failure,no
5290,36,housemaid,divorced,basic.4y,no,yes,no,cellular,nov,tue,163.0,2,999,1,failure,no
5291,65,retired,married,high.school,no,yes,yes,cellular,oct,fri,344.0,2,12,1,success,yes
5292,36,admin.,married,high.school,no,yes,no,cellular,nov,tue,136.0,5,999,0,nonexistent,no
5293,42,blue-collar,married,basic.4y,no,yes,no,telephone,may,tue,89.0,2,999,0,nonexistent,no
5294,42,admin.,single,university.degree,unknown,no,no,telephone,may,mon,192.0,1,999,0,nonexistent,no
5295,49,admin.,married,basic.9y,unknown,no,yes,cellular,aug,thu,86.0,3,999,0,nonexistent,no
5296,38,technician,married,university.degree,no,yes,yes,cellular,mar,tue,113.0,1,999,1,failure,no
5297,30,technician,married,university.degree,no,no,yes,telephone,jun,mon,150.0,5,999,0,nonexistent,no
5298,47,blue-collar,divorced,basic.4y,no,no,no,telephone,may,fri,223.0,1,999,0,nonexistent,no
5299,29,technician,single,university.degree,no,no,no,cellular,jul,wed,159.0,6,999,0,nonexistent,no
5300,35,admin.,married,high.school,no,yes,no,telephone,may,wed,157.0,2,999,0,nonexistent,no
5301,45,housemaid,divorced,university.degree,no,no,no,telephone,may,tue,834.0,6,999,0,nonexistent,no
5302,29,self-employed,married,university.degree,no,no,no,cellular,mar,wed,197.0,2,999,0,nonexistent,yes
5303,34,admin.,single,university.degree,no,yes,no,telephone,may,tue,40.0,3,999,0,nonexistent,no
5304,30,management,married,university.degree,no,yes,no,telephone,sep,mon,221.0,1,999,1,failure,no
5305,52,admin.,divorced,university.degree,no,yes,no,telephone,jun,tue,36.0,1,999,0,nonexistent,no
5306,26,services,divorced,basic.6y,no,no,no,telephone,may,thu,186.0,1,999,0,nonexistent,no
5307,59,retired,divorced,basic.4y,unknown,yes,no,telephone,may,thu,247.0,1,999,0,nonexistent,no
5308,40,admin.,married,high.school,no,no,no,telephone,jun,thu,221.0,2,999,0,nonexistent,no
5309,55,retired,married,basic.9y,unknown,no,no,telephone,may,mon,114.0,1,999,1,failure,no
5310,50,blue-collar,married,basic.4y,unknown,yes,no,telephone,may,fri,74.0,1,999,0,nonexistent,no
5311,30,management,single,high.school,no,no,yes,cellular,may,wed,402.0,2,999,0,nonexistent,no
5312,55,technician,married,basic.4y,unknown,yes,no,telephone,may,fri,316.0,7,999,0,nonexistent,no
5313,43,admin.,married,university.degree,no,yes,no,cellular,aug,tue,531.0,3,999,0,nonexistent,yes
5314,46,self-employed,married,basic.9y,unknown,yes,no,telephone,may,fri,182.0,7,999,0,nonexistent,no
5315,46,housemaid,divorced,basic.6y,no,yes,no,telephone,jun,tue,143.0,8,999,0,nonexistent,no
5316,41,admin.,divorced,high.school,no,no,no,telephone,may,tue,293.0,2,999,0,nonexistent,no
5317,55,services,married,high.school,no,yes,no,cellular,aug,tue,392.0,3,999,0,nonexistent,no
5318,62,technician,married,unknown,no,no,no,cellular,mar,mon,105.0,2,999,0,nonexistent,no
5319,45,services,married,high.school,unknown,no,no,telephone,jun,tue,559.0,7,999,0,nonexistent,no
5320,56,services,married,high.school,unknown,no,no,telephone,may,wed,507.0,2,999,0,nonexistent,no
5321,32,admin.,single,university.degree,no,no,no,cellular,may,fri,800.0,5,999,0,nonexistent,no
5322,29,technician,married,professional.course,no,yes,no,cellular,oct,fri,319.0,1,5,2,success,yes
5323,38,blue-collar,married,basic.6y,unknown,yes,no,telephone,jun,wed,74.0,13,999,0,nonexistent,no
5324,34,admin.,married,university.degree,no,no,no,telephone,jun,fri,64.0,1,999,0,nonexistent,no
5325,30,blue-collar,married,basic.9y,no,no,no,telephone,jun,fri,193.0,11,999,0,nonexistent,no
5326,33,admin.,single,university.degree,no,yes,no,cellular,may,wed,9.0,8,999,0,nonexistent,no
5327,43,entrepreneur,married,basic.4y,no,yes,no,cellular,nov,tue,154.0,3,999,1,failure,no
5328,47,blue-collar,single,basic.9y,unknown,yes,no,cellular,jul,wed,318.0,1,999,0,nonexistent,no
5329,41,admin.,married,basic.9y,unknown,yes,no,cellular,jul,fri,471.0,2,999,0,nonexistent,no
5330,34,blue-collar,married,basic.9y,no,yes,no,cellular,apr,fri,157.0,2,999,0,nonexistent,no
5331,42,services,married,high.school,no,no,no,cellular,jul,thu,1153.0,4,999,0,nonexistent,yes
5332,35,technician,single,high.school,no,yes,no,telephone,jun,thu,159.0,2,999,0,nonexistent,no
5333,42,blue-collar,divorced,basic.9y,no,no,no,cellular,jul,mon,111.0,3,999,0,nonexistent,no
5334,50,admin.,married,basic.6y,no,no,no,telephone,may,fri,66.0,4,999,0,nonexistent,no
5335,57,blue-collar,married,basic.9y,no,no,no,cellular,mar,fri,698.0,1,999,0,nonexistent,no
5336,42,housemaid,single,high.school,no,yes,no,telephone,may,mon,186.0,4,999,0,nonexistent,no
5337,35,technician,single,university.degree,no,yes,no,cellular,aug,thu,159.0,1,999,0,nonexistent,no
5338,42,admin.,married,professional.course,no,yes,no,cellular,may,mon,458.0,3,9,2,failure,yes
5339,33,services,single,high.school,no,yes,no,cellular,aug,mon,132.0,2,999,1,failure,no
5340,41,self-employed,married,university.degree,no,yes,no,cellular,aug,tue,92.0,1,999,0,nonexistent,no
5341,32,blue-collar,married,basic.9y,no,no,yes,cellular,jul,mon,102.0,2,999,0,nonexistent,no
5342,33,blue-collar,single,basic.9y,unknown,yes,no,telephone,jun,fri,261.0,1,999,0,nonexistent,no
5343,35,self-employed,married,university.degree,no,yes,no,cellular,nov,wed,405.0,1,999,0,nonexistent,no
5344,88,retired,divorced,basic.4y,no,no,no,cellular,mar,wed,323.0,1,999,0,nonexistent,yes
5345,45,technician,married,unknown,unknown,yes,no,cellular,jul,mon,326.0,2,999,0,nonexistent,no
5346,54,technician,married,professional.course,unknown,yes,yes,telephone,jun,tue,76.0,4,999,0,nonexistent,no
5347,43,management,married,basic.6y,unknown,yes,no,cellular,may,tue,463.0,1,999,0,nonexistent,no
5348,31,admin.,married,university.degree,no,yes,yes,cellular,aug,thu,465.0,1,999,0,nonexistent,no
5349,37,admin.,married,university.degree,unknown,yes,no,cellular,jul,mon,35.0,1,999,0,nonexistent,no
5350,36,entrepreneur,married,basic.9y,no,no,no,cellular,apr,fri,299.0,1,999,0,nonexistent,no
5351,30,services,single,high.school,no,yes,no,cellular,oct,mon,385.0,2,999,0,nonexistent,yes
5352,30,self-employed,single,university.degree,no,yes,no,cellular,aug,mon,75.0,4,999,0,nonexistent,no
5353,39,unemployed,married,professional.course,no,no,yes,telephone,may,tue,277.0,2,999,0,nonexistent,no
5354,51,services,married,professional.course,unknown,no,no,telephone,may,mon,158.0,5,999,0,nonexistent,no
5355,27,admin.,single,high.school,no,yes,yes,cellular,may,thu,99.0,7,999,1,failure,no
5356,36,blue-collar,married,basic.9y,no,no,no,telephone,may,wed,75.0,6,999,0,nonexistent,no
5357,60,management,married,university.degree,no,no,no,cellular,aug,wed,159.0,4,999,0,nonexistent,no
5358,38,admin.,single,basic.6y,unknown,no,no,telephone,may,tue,65.0,1,999,0,nonexistent,no
5359,51,housemaid,married,university.degree,no,no,no,cellular,jul,mon,138.0,3,999,0,nonexistent,no
5360,30,admin.,single,university.degree,unknown,yes,no,cellular,may,mon,632.0,1,999,0,nonexistent,no
5361,30,technician,single,professional.course,no,no,yes,cellular,nov,tue,835.0,1,999,0,nonexistent,yes
5362,42,admin.,single,university.degree,no,yes,no,cellular,jun,mon,570.0,3,999,0,nonexistent,no
5363,41,self-employed,married,professional.course,unknown,yes,no,cellular,nov,fri,1571.0,1,999,0,nonexistent,yes
5364,48,blue-collar,married,unknown,no,no,no,cellular,jul,thu,730.0,2,999,0,nonexistent,no
5365,31,blue-collar,single,basic.9y,no,yes,no,telephone,may,tue,115.0,1,999,0,nonexistent,no
5366,31,blue-collar,married,basic.6y,unknown,yes,no,cellular,may,fri,191.0,1,999,0,nonexistent,no
5367,28,self-employed,single,university.degree,no,no,no,cellular,jul,thu,178.0,1,999,2,failure,no
5368,41,technician,married,university.degree,no,yes,no,cellular,aug,mon,71.0,1,999,0,nonexistent,no
5369,38,blue-collar,single,basic.9y,no,no,no,telephone,may,wed,252.0,5,999,0,nonexistent,no
5370,27,admin.,single,high.school,no,yes,no,cellular,may,mon,94.0,1,999,0,nonexistent,no
5371,40,admin.,divorced,professional.course,no,yes,no,telephone,may,thu,27.0,1,999,0,nonexistent,no
5372,33,admin.,single,university.degree,no,yes,no,cellular,oct,fri,233.0,1,999,0,nonexistent,yes
5373,26,management,single,basic.9y,no,yes,no,telephone,jun,wed,184.0,1,999,0,nonexistent,no
5374,37,admin.,married,university.degree,no,yes,no,cellular,aug,mon,395.0,3,999,0,nonexistent,no
5375,33,management,married,university.degree,no,yes,yes,cellular,nov,wed,299.0,1,999,0,nonexistent,no
5376,38,self-employed,single,university.degree,no,no,no,telephone,may,mon,414.0,2,999,0,nonexistent,yes
5377,36,services,married,high.school,no,yes,yes,cellular,jul,mon,185.0,7,999,0,nonexistent,no
5378,49,technician,married,university.degree,no,no,no,cellular,aug,tue,90.0,1,999,0,nonexistent,no
5379,59,admin.,married,university.degree,no,yes,no,telephone,may,fri,191.0,2,999,0,nonexistent,no
5380,55,admin.,married,high.school,no,no,no,cellular,aug,wed,231.0,4,999,0,nonexistent,no
5381,34,admin.,single,high.school,no,no,yes,telephone,may,mon,412.0,1,999,0,nonexistent,no
5382,32,admin.,single,university.degree,no,yes,no,cellular,jun,thu,89.0,2,999,0,nonexistent,yes
5383,35,admin.,married,university.degree,no,yes,no,telephone,may,fri,150.0,1,999,0,nonexistent,no
5384,31,admin.,single,university.degree,no,no,no,cellular,aug,tue,138.0,1,999,0,nonexistent,no
5385,53,admin.,married,basic.9y,no,no,no,telephone,may,wed,35.0,1,999,0,nonexistent,no
5386,42,blue-collar,divorced,basic.6y,no,yes,no,cellular,may,wed,16.0,2,999,0,nonexistent,no
5387,45,entrepreneur,married,university.degree,unknown,no,no,cellular,nov,thu,301.0,1,999,0,nonexistent,no
5388,40,management,married,university.degree,no,unknown,unknown,telephone,jun,mon,61.0,2,999,0,nonexistent,no
5389,69,retired,married,basic.4y,no,no,no,cellular,sep,mon,258.0,3,6,1,success,no
5390,74,retired,married,basic.9y,no,no,no,cellular,aug,thu,188.0,2,999,1,failure,no
5391,29,technician,single,professional.course,no,no,yes,telephone,sep,thu,251.0,2,18,1,success,no
5392,44,self-employed,divorced,professional.course,no,no,no,cellular,nov,fri,37.0,2,999,0,nonexistent,no
5393,53,technician,married,university.degree,no,yes,no,cellular,nov,mon,158.0,2,999,0,nonexistent,no
5394,44,technician,single,unknown,unknown,yes,no,telephone,may,mon,440.0,1,999,0,nonexistent,no
5395,45,technician,single,professional.course,no,unknown,unknown,cellular,apr,mon,80.0,1,999,0,nonexistent,no
5396,60,entrepreneur,married,basic.4y,no,unknown,unknown,telephone,may,thu,101.0,3,999,0,nonexistent,no
5397,54,housemaid,divorced,university.degree,unknown,yes,no,cellular,jul,mon,57.0,4,999,0,nonexistent,no
5398,27,admin.,single,university.degree,no,no,no,telephone,may,mon,82.0,6,999,0,nonexistent,no
5399,40,blue-collar,married,basic.4y,unknown,no,no,telephone,jun,wed,105.0,3,999,0,nonexistent,no
5400,31,admin.,single,high.school,no,yes,no,telephone,may,wed,260.0,1,999,0,nonexistent,no
5401,55,blue-collar,married,basic.4y,unknown,no,no,telephone,may,mon,269.0,2,999,0,nonexistent,no
5402,38,services,single,high.school,no,yes,no,telephone,sep,thu,1.0,1,9,3,success,no
5403,31,services,single,basic.9y,no,yes,no,cellular,may,fri,214.0,4,999,0,nonexistent,yes
5404,60,retired,married,basic.4y,unknown,no,no,telephone,jun,mon,155.0,4,999,0,nonexistent,no
5405,57,management,married,university.degree,no,yes,no,telephone,nov,mon,76.0,1,999,0,nonexistent,no
5406,73,retired,married,university.degree,no,no,no,cellular,nov,fri,160.0,1,999,0,nonexistent,yes
5407,57,management,divorced,high.school,no,no,no,telephone,may,tue,436.0,1,999,0,nonexistent,no
5408,35,admin.,single,university.degree,no,yes,no,cellular,apr,fri,115.0,1,999,0,nonexistent,no
5409,47,admin.,married,university.degree,no,yes,no,cellular,aug,tue,526.0,1,999,1,failure,no
5410,32,technician,married,high.school,unknown,no,no,cellular,aug,fri,40.0,1,999,0,nonexistent,no
5411,37,admin.,single,high.school,no,yes,no,telephone,oct,wed,313.0,1,999,0,nonexistent,yes
5412,31,admin.,married,university.degree,no,yes,no,telephone,jul,wed,193.0,4,999,0,nonexistent,no
5413,32,technician,divorced,professional.course,no,yes,yes,cellular,aug,wed,11.0,12,999,0,nonexistent,no
5414,39,blue-collar,married,basic.4y,unknown,no,no,telephone,may,thu,206.0,2,999,0,nonexistent,no
5415,34,admin.,married,university.degree,no,yes,no,cellular,may,fri,198.0,2,999,0,nonexistent,no
5416,54,technician,married,university.degree,unknown,yes,yes,telephone,jun,fri,123.0,1,999,0,nonexistent,no
5417,25,blue-collar,married,basic.9y,no,no,no,telephone,may,wed,340.0,3,999,0,nonexistent,no
5418,35,services,single,basic.4y,no,yes,no,telephone,may,tue,1777.0,1,999,0,nonexistent,yes
5419,40,technician,married,university.degree,unknown,no,no,cellular,jul,mon,185.0,2,999,0,nonexistent,no
5420,26,unemployed,single,university.degree,no,yes,no,cellular,aug,thu,203.0,1,3,3,success,yes
5421,37,blue-collar,married,professional.course,unknown,yes,yes,telephone,may,tue,111.0,3,999,0,nonexistent,no
5422,29,services,divorced,high.school,no,yes,no,telephone,may,tue,50.0,3,999,0,nonexistent,no
5423,31,admin.,single,basic.9y,no,no,no,telephone,jun,thu,105.0,2,999,0,nonexistent,no
5424,33,admin.,single,university.degree,no,yes,yes,cellular,may,fri,1024.0,3,999,1,failure,yes
5425,34,blue-collar,married,professional.course,no,yes,no,cellular,may,fri,406.0,4,999,1,failure,no
5426,32,student,single,university.degree,no,yes,no,telephone,may,thu,147.0,1,999,0,nonexistent,no
5427,22,admin.,married,high.school,no,no,no,telephone,may,tue,240.0,2,999,0,nonexistent,no
5428,33,admin.,single,university.degree,no,yes,no,cellular,apr,mon,169.0,1,999,0,nonexistent,no
5429,51,blue-collar,divorced,unknown,unknown,yes,yes,telephone,may,tue,128.0,2,999,0,nonexistent,no
5430,43,technician,married,university.degree,no,no,yes,cellular,nov,thu,113.0,5,999,0,nonexistent,no
5431,37,admin.,divorced,high.school,no,no,yes,cellular,jul,mon,131.0,6,999,0,nonexistent,no
5432,44,technician,divorced,high.school,no,no,no,telephone,may,thu,21.0,1,999,0,nonexistent,no
5433,56,management,married,basic.9y,no,yes,no,telephone,nov,fri,94.0,7,999,0,nonexistent,no
5434,25,admin.,single,high.school,no,no,no,cellular,jul,thu,449.0,2,999,0,nonexistent,yes
5435,49,admin.,single,university.degree,no,no,no,cellular,jul,tue,57.0,6,999,0,nonexistent,no
5436,36,admin.,divorced,university.degree,no,yes,yes,cellular,sep,fri,157.0,3,999,0,nonexistent,no
5437,56,retired,married,professional.course,no,yes,no,cellular,aug,thu,384.0,4,999,0,nonexistent,no
5438,48,management,married,university.degree,no,yes,no,telephone,may,fri,16.0,23,999,0,nonexistent,no
5439,31,blue-collar,married,basic.6y,no,no,yes,cellular,jul,fri,173.0,2,999,0,nonexistent,no
5440,61,admin.,married,high.school,no,yes,yes,cellular,nov,wed,386.0,2,999,0,nonexistent,yes
5441,30,admin.,single,professional.course,no,yes,yes,cellular,may,thu,104.0,1,999,1,failure,no
5442,56,retired,divorced,basic.4y,no,yes,no,telephone,jun,fri,10.0,15,999,0,nonexistent,no
5443,59,admin.,single,university.degree,no,yes,yes,telephone,may,thu,421.0,3,999,0,nonexistent,no
5444,58,retired,divorced,high.school,no,no,yes,cellular,jun,tue,143.0,1,999,0,nonexistent,no
5445,58,retired,married,unknown,no,unknown,unknown,telephone,may,tue,124.0,1,999,0,nonexistent,no
5446,31,admin.,single,university.degree,no,no,no,telephone,may,wed,992.0,1,999,0,nonexistent,yes
5447,35,admin.,married,high.school,no,yes,no,cellular,may,thu,60.0,2,999,2,failure,no
5448,71,retired,married,basic.4y,no,yes,no,cellular,jul,thu,519.0,2,9,3,failure,yes
5449,35,admin.,single,high.school,no,yes,yes,cellular,may,mon,130.0,1,999,1,failure,no
5450,31,technician,married,professional.course,unknown,yes,no,cellular,may,thu,476.0,2,999,0,nonexistent,no
5451,45,blue-collar,married,basic.6y,unknown,yes,no,telephone,jun,fri,26.0,11,999,0,nonexistent,no
5452,48,management,married,basic.9y,no,yes,yes,cellular,may,tue,955.0,2,999,0,nonexistent,yes
5453,39,blue-collar,married,basic.9y,no,no,no,telephone,may,mon,299.0,5,999,0,nonexistent,no
5454,24,admin.,single,university.degree,no,yes,yes,telephone,oct,thu,97.0,1,999,0,nonexistent,yes
5455,35,blue-collar,married,basic.9y,no,no,no,cellular,may,fri,25.0,6,999,1,failure,no
5456,49,unemployed,married,high.school,unknown,yes,no,cellular,aug,fri,112.0,2,999,0,nonexistent,no
5457,37,admin.,single,high.school,no,yes,no,telephone,may,fri,912.0,1,999,0,nonexistent,yes
5458,38,admin.,married,high.school,no,yes,no,telephone,jun,mon,169.0,1,999,0,nonexistent,no
5459,37,management,married,unknown,no,no,no,cellular,dec,wed,149.0,3,999,0,nonexistent,yes
5460,30,technician,single,professional.course,no,no,no,cellular,jul,tue,136.0,2,999,0,nonexistent,no
5461,35,self-employed,single,university.degree,no,yes,yes,cellular,sep,tue,179.0,1,999,1,failure,no
5462,52,self-employed,married,university.degree,unknown,no,no,cellular,nov,mon,96.0,2,999,0,nonexistent,no
5463,22,blue-collar,single,basic.9y,no,yes,no,telephone,may,tue,396.0,1,999,0,nonexistent,no
5464,52,unknown,married,basic.4y,no,no,no,telephone,may,thu,156.0,1,999,0,nonexistent,no
5465,42,blue-collar,married,unknown,no,yes,no,cellular,apr,fri,434.0,1,999,0,nonexistent,no
5466,26,entrepreneur,single,high.school,no,no,no,telephone,may,wed,331.0,2,999,0,nonexistent,no
5467,35,admin.,married,high.school,no,yes,yes,telephone,may,fri,260.0,3,999,0,nonexistent,no
5468,42,management,married,university.degree,no,no,no,telephone,jun,wed,50.0,2,999,0,nonexistent,no
5469,40,blue-collar,married,basic.6y,unknown,yes,no,cellular,may,wed,182.0,2,999,1,failure,no
5470,37,technician,single,professional.course,no,yes,no,cellular,aug,wed,144.0,1,999,0,nonexistent,no
5471,43,admin.,divorced,university.degree,no,no,no,cellular,jul,wed,471.0,2,999,0,nonexistent,no
5472,53,services,married,basic.9y,no,yes,no,telephone,jul,tue,723.0,2,999,0,nonexistent,no
5473,27,admin.,single,basic.9y,no,yes,no,cellular,jul,tue,44.0,4,999,0,nonexistent,no
5474,28,services,single,high.school,no,no,no,telephone,may,wed,397.0,1,999,0,nonexistent,no
5475,31,student,single,university.degree,unknown,no,no,telephone,may,mon,332.0,2,999,0,nonexistent,no
5476,41,blue-collar,married,unknown,unknown,no,no,telephone,may,mon,217.0,1,999,0,nonexistent,no
5477,47,blue-collar,married,basic.6y,no,no,no,telephone,may,thu,543.0,3,999,0,nonexistent,no
5478,46,self-employed,married,university.degree,no,yes,no,cellular,aug,thu,148.0,2,999,0,nonexistent,no
5479,43,housemaid,married,basic.4y,no,no,no,cellular,nov,fri,165.0,2,999,0,nonexistent,no
5480,31,admin.,married,university.degree,no,yes,no,cellular,jul,wed,101.0,3,999,0,nonexistent,no
5481,41,technician,divorced,basic.4y,no,no,no,telephone,jun,fri,639.0,2,999,0,nonexistent,no
5482,80,retired,married,basic.4y,unknown,no,no,cellular,mar,mon,95.0,1,999,0,nonexistent,no
5483,58,admin.,single,university.degree,no,no,no,cellular,aug,thu,96.0,3,999,0,nonexistent,no
5484,36,blue-collar,married,basic.6y,no,no,no,telephone,may,fri,189.0,2,999,0,nonexistent,no
5485,43,self-employed,single,university.degree,no,yes,no,cellular,may,mon,445.0,2,999,0,nonexistent,no
5486,35,technician,single,professional.course,no,yes,yes,cellular,aug,thu,347.0,1,999,0,nonexistent,no
5487,42,admin.,married,high.school,no,no,no,telephone,may,tue,695.0,3,999,0,nonexistent,no
5488,57,housemaid,married,basic.6y,no,no,yes,telephone,may,mon,168.0,4,999,0,nonexistent,no
5489,56,admin.,divorced,high.school,no,no,no,cellular,nov,tue,786.0,1,999,0,nonexistent,no
5490,46,blue-collar,married,basic.4y,unknown,yes,no,telephone,may,thu,114.0,9,999,0,nonexistent,no
5491,41,technician,single,professional.course,no,yes,no,cellular,may,tue,175.0,2,999,1,failure,no
5492,45,blue-collar,married,basic.4y,unknown,no,no,telephone,may,thu,179.0,2,999,0,nonexistent,no
5493,30,admin.,single,university.degree,no,yes,no,telephone,jun,wed,148.0,1,999,0,nonexistent,no
5494,37,technician,married,basic.9y,no,yes,no,telephone,jul,thu,991.0,1,999,0,nonexistent,no
5495,47,blue-collar,married,professional.course,no,yes,no,cellular,apr,tue,225.0,4,999,1,failure,no
5496,38,housemaid,married,basic.6y,unknown,yes,no,telephone,may,fri,201.0,2,999,0,nonexistent,no
5497,41,blue-collar,married,basic.9y,unknown,no,no,telephone,jun,thu,89.0,1,999,0,nonexistent,no
5498,36,blue-collar,single,basic.4y,no,no,yes,cellular,may,thu,178.0,3,999,0,nonexistent,no
5499,46,services,married,unknown,no,yes,no,cellular,aug,fri,134.0,1,999,0,nonexistent,no
5500,34,admin.,married,university.degree,no,yes,no,cellular,dec,tue,195.0,2,999,0,nonexistent,no
5501,36,admin.,married,professional.course,no,no,no,cellular,may,tue,55.0,1,999,1,failure,no
5502,30,admin.,married,university.degree,no,yes,no,cellular,apr,thu,461.0,1,999,0,nonexistent,yes
5503,39,blue-collar,married,basic.9y,no,no,no,cellular,may,wed,283.0,3,999,0,nonexistent,no
5504,50,admin.,married,university.degree,no,yes,no,cellular,dec,tue,410.0,3,999,0,nonexistent,yes
5505,46,technician,married,professional.course,no,yes,no,cellular,jul,fri,13.0,9,999,0,nonexistent,no
5506,36,blue-collar,single,high.school,no,no,yes,telephone,may,mon,163.0,2,999,0,nonexistent,no
5507,48,technician,divorced,professional.course,no,yes,no,cellular,jul,tue,188.0,1,999,0,nonexistent,no
5508,47,management,divorced,university.degree,no,yes,yes,telephone,jun,mon,83.0,1,999,0,nonexistent,no
5509,32,admin.,married,high.school,no,yes,no,telephone,nov,thu,143.0,3,999,0,nonexistent,no
5510,39,technician,married,university.degree,no,yes,yes,cellular,jul,wed,63.0,2,999,0,nonexistent,no
5511,53,self-employed,married,university.degree,no,yes,no,cellular,nov,fri,1221.0,1,999,0,nonexistent,no
5512,46,blue-collar,single,basic.9y,no,yes,no,telephone,may,thu,541.0,3,999,0,nonexistent,yes
5513,34,admin.,married,basic.6y,no,yes,yes,cellular,nov,wed,102.0,2,999,0,nonexistent,no
5514,32,admin.,single,university.degree,no,yes,no,cellular,jun,tue,369.0,1,999,0,nonexistent,no
5515,56,retired,married,basic.4y,no,yes,no,cellular,nov,fri,481.0,2,999,0,nonexistent,yes
5516,37,management,married,university.degree,no,yes,no,cellular,nov,fri,13.0,4,999,1,failure,no
5517,46,technician,divorced,professional.course,no,no,no,cellular,aug,wed,516.0,2,999,0,nonexistent,no
5518,80,retired,married,basic.4y,no,no,no,cellular,mar,fri,213.0,3,6,4,success,yes
5519,30,admin.,single,university.degree,no,yes,no,cellular,aug,fri,217.0,4,999,0,nonexistent,no
5520,46,admin.,married,university.degree,no,no,no,cellular,may,thu,227.0,2,999,0,nonexistent,no
5521,43,technician,married,basic.4y,no,yes,no,telephone,may,tue,1388.0,7,999,1,failure,no
5522,51,blue-collar,married,basic.9y,unknown,yes,no,telephone,may,thu,1178.0,2,999,0,nonexistent,yes
5523,42,technician,married,professional.course,no,yes,yes,cellular,aug,wed,40.0,2,999,0,nonexistent,no
5524,34,technician,single,university.degree,no,no,no,cellular,sep,fri,152.0,2,999,0,nonexistent,no
5525,31,housemaid,single,university.degree,no,no,yes,telephone,jun,fri,129.0,2,999,0,nonexistent,no
5526,33,admin.,married,high.school,no,yes,no,cellular,aug,wed,206.0,4,999,0,nonexistent,no
5527,35,unemployed,divorced,basic.4y,no,yes,no,telephone,may,thu,98.0,1,999,0,nonexistent,no
5528,39,admin.,married,high.school,no,yes,no,cellular,jul,mon,627.0,3,999,0,nonexistent,no
5529,46,blue-collar,married,high.school,no,no,no,cellular,aug,wed,64.0,2,999,0,nonexistent,no
5530,33,services,single,high.school,no,yes,no,cellular,jul,tue,143.0,2,999,0,nonexistent,no
5531,50,blue-collar,married,basic.4y,unknown,yes,no,cellular,aug,tue,204.0,1,999,0,nonexistent,no
5532,48,admin.,married,basic.9y,no,no,yes,telephone,may,fri,145.0,3,999,0,nonexistent,no
5533,37,entrepreneur,married,university.degree,no,unknown,unknown,telephone,jun,thu,59.0,7,999,0,nonexistent,no
5534,54,blue-collar,married,basic.4y,unknown,yes,yes,cellular,aug,wed,111.0,1,999,0,nonexistent,no
5535,36,admin.,married,university.degree,no,yes,no,telephone,jun,mon,115.0,2,999,0,nonexistent,no
5536,39,blue-collar,married,basic.6y,unknown,no,yes,cellular,nov,wed,188.0,5,999,0,nonexistent,no
5537,35,blue-collar,married,basic.6y,no,unknown,unknown,telephone,may,fri,171.0,1,999,0,nonexistent,no
5538,36,blue-collar,married,basic.6y,unknown,yes,no,telephone,may,tue,306.0,5,999,0,nonexistent,no
5539,33,admin.,married,university.degree,no,no,no,cellular,mar,fri,121.0,2,999,1,failure,no
5540,41,blue-collar,married,basic.6y,unknown,yes,yes,cellular,may,thu,65.0,1,999,0,nonexistent,no
5541,27,admin.,single,high.school,no,yes,yes,cellular,jul,tue,144.0,1,999,0,nonexistent,no
5542,27,technician,single,university.degree,no,yes,no,cellular,oct,wed,184.0,1,999,1,failure,yes
5543,41,blue-collar,married,basic.9y,no,yes,no,telephone,may,thu,314.0,7,999,0,nonexistent,no
5544,56,services,married,basic.4y,unknown,no,no,cellular,jul,tue,534.0,1,999,0,nonexistent,yes
5545,46,technician,married,basic.9y,no,yes,no,cellular,nov,wed,354.0,2,999,0,nonexistent,no
5546,37,admin.,single,university.degree,no,no,no,cellular,may,fri,104.0,2,999,1,failure,no
5547,33,admin.,married,high.school,no,yes,yes,telephone,may,mon,115.0,4,999,0,nonexistent,no
5548,31,admin.,married,high.school,no,no,no,telephone,may,thu,55.0,1,999,0,nonexistent,no
5549,33,technician,single,professional.course,no,no,no,cellular,may,mon,687.0,2,999,1,failure,no
5550,38,technician,married,professional.course,no,yes,no,cellular,aug,fri,848.0,1,999,0,nonexistent,yes
5551,50,admin.,married,high.school,no,no,no,telephone,nov,mon,117.0,5,999,0,nonexistent,no
5552,52,housemaid,married,unknown,no,yes,no,cellular,aug,fri,239.0,2,999,0,nonexistent,no
5553,38,blue-collar,single,basic.4y,no,no,yes,cellular,may,thu,213.0,1,999,0,nonexistent,no
5554,27,blue-collar,single,basic.9y,unknown,yes,yes,cellular,may,thu,101.0,1,999,0,nonexistent,no
5555,48,entrepreneur,married,unknown,unknown,no,no,telephone,may,fri,509.0,2,999,0,nonexistent,no
5556,47,self-employed,married,university.degree,no,no,no,cellular,aug,tue,42.0,4,999,0,nonexistent,no
5557,34,admin.,married,university.degree,unknown,no,no,telephone,may,thu,134.0,1,999,0,nonexistent,no
5558,44,management,married,professional.course,no,yes,no,cellular,apr,fri,345.0,1,999,0,nonexistent,no
5559,35,admin.,married,professional.course,no,no,no,cellular,jul,tue,139.0,1,999,0,nonexistent,no
5560,42,technician,married,high.school,unknown,yes,no,cellular,jul,wed,197.0,1,999,0,nonexistent,no
5561,47,management,divorced,university.degree,no,yes,no,cellular,nov,mon,131.0,2,999,0,nonexistent,no
5562,32,technician,single,university.degree,no,no,yes,cellular,aug,tue,1092.0,4,999,0,nonexistent,yes
5563,45,admin.,divorced,university.degree,no,no,no,cellular,jul,mon,107.0,3,999,0,nonexistent,no
5564,32,entrepreneur,single,university.degree,no,no,no,cellular,nov,thu,459.0,1,999,0,nonexistent,no
5565,32,services,married,high.school,no,no,no,cellular,may,thu,213.0,2,999,0,nonexistent,no
5566,31,services,single,high.school,no,yes,no,cellular,may,tue,28.0,1,999,0,nonexistent,no
5567,31,technician,single,university.degree,no,unknown,unknown,cellular,aug,wed,184.0,1,999,0,nonexistent,no
5568,35,services,single,high.school,no,no,no,cellular,jul,tue,89.0,1,999,0,nonexistent,no
5569,40,services,single,university.degree,no,no,no,telephone,may,wed,112.0,2,999,0,nonexistent,no
5570,45,self-employed,married,university.degree,no,yes,no,cellular,nov,mon,487.0,1,999,0,nonexistent,no
5571,59,retired,married,basic.4y,unknown,no,no,telephone,may,fri,260.0,4,999,0,nonexistent,no
5572,35,admin.,married,high.school,no,yes,yes,telephone,jun,mon,172.0,1,999,0,nonexistent,no
5573,32,technician,married,professional.course,no,yes,no,telephone,may,wed,104.0,1,999,0,nonexistent,no
5574,44,technician,married,professional.course,no,no,no,cellular,aug,thu,82.0,2,999,0,nonexistent,no
5575,25,admin.,single,university.degree,no,yes,yes,cellular,oct,fri,115.0,1,999,1,failure,yes
5576,42,blue-collar,married,basic.9y,no,yes,no,cellular,nov,thu,230.0,1,999,0,nonexistent,no
5577,44,admin.,married,university.degree,no,yes,no,telephone,may,thu,413.0,2,999,0,nonexistent,no
5578,24,blue-collar,single,basic.4y,no,no,no,telephone,jun,wed,476.0,1,999,0,nonexistent,no
5579,41,services,divorced,high.school,no,no,yes,telephone,may,wed,516.0,1,999,0,nonexistent,no
5580,36,self-employed,married,high.school,unknown,yes,no,cellular,aug,mon,114.0,1,999,0,nonexistent,no
5581,44,blue-collar,single,basic.6y,no,no,no,telephone,may,wed,174.0,1,999,0,nonexistent,no
5582,37,technician,married,professional.course,no,yes,no,cellular,jul,fri,328.0,3,999,0,nonexistent,no
5583,36,blue-collar,married,basic.9y,no,unknown,unknown,cellular,nov,tue,95.0,1,999,0,nonexistent,no
5584,41,blue-collar,married,basic.4y,no,yes,yes,telephone,may,tue,260.0,1,999,0,nonexistent,no
5585,44,blue-collar,married,unknown,unknown,no,no,cellular,jul,mon,118.0,2,999,0,nonexistent,no
5586,30,admin.,single,university.degree,no,no,no,telephone,aug,wed,156.0,1,999,1,failure,no
5587,31,technician,married,university.degree,no,yes,no,cellular,nov,wed,124.0,2,999,0,nonexistent,no
5588,30,blue-collar,married,basic.9y,no,no,yes,telephone,may,tue,179.0,5,999,0,nonexistent,no
5589,38,technician,divorced,professional.course,no,yes,no,cellular,aug,fri,117.0,1,999,0,nonexistent,no
5590,35,blue-collar,married,basic.4y,no,yes,no,cellular,jul,mon,181.0,1,999,0,nonexistent,no
5591,31,services,married,high.school,no,no,no,telephone,may,thu,253.0,2,999,0,nonexistent,no
5592,36,blue-collar,married,basic.9y,unknown,no,no,telephone,apr,fri,599.0,4,999,0,nonexistent,no
5593,39,technician,single,professional.course,no,no,no,cellular,may,tue,251.0,1,999,0,nonexistent,no
5594,44,unemployed,single,basic.4y,no,no,no,cellular,jun,tue,276.0,2,999,0,nonexistent,no
5595,30,admin.,single,high.school,no,yes,no,cellular,nov,wed,109.0,1,999,1,failure,no
5596,53,unemployed,married,unknown,unknown,no,no,telephone,may,thu,202.0,1,999,0,nonexistent,no
5597,46,admin.,married,high.school,no,yes,yes,cellular,apr,mon,128.0,2,6,2,success,no
5598,46,management,married,university.degree,no,unknown,unknown,cellular,oct,mon,83.0,2,12,2,failure,no
5599,42,blue-collar,divorced,basic.6y,no,yes,no,telephone,may,mon,503.0,2,999,0,nonexistent,no
5600,29,blue-collar,married,basic.9y,no,no,no,telephone,may,wed,304.0,1,999,0,nonexistent,no
5601,38,technician,married,university.degree,unknown,no,no,telephone,may,fri,224.0,4,999,0,nonexistent,no
5602,54,housemaid,divorced,basic.4y,no,no,no,telephone,may,wed,485.0,1,999,0,nonexistent,no
5603,36,technician,married,high.school,no,no,no,telephone,jun,tue,128.0,1,999,0,nonexistent,no
5604,58,admin.,married,university.degree,no,yes,no,cellular,aug,fri,124.0,2,999,0,nonexistent,no
5605,35,technician,married,professional.course,no,no,no,telephone,may,tue,215.0,2,999,0,nonexistent,no
5606,31,student,single,university.degree,no,yes,yes,cellular,jul,fri,350.0,2,999,0,nonexistent,yes
5607,52,admin.,married,unknown,no,yes,no,cellular,aug,thu,140.0,2,999,0,nonexistent,no
5608,53,admin.,married,high.school,no,no,no,cellular,may,fri,456.0,1,999,0,nonexistent,no
5609,49,admin.,single,university.degree,no,yes,no,cellular,aug,mon,160.0,4,999,0,nonexistent,no
5610,38,student,single,unknown,no,yes,no,cellular,mar,mon,344.0,1,11,1,success,no
5611,53,blue-collar,married,basic.9y,unknown,no,yes,telephone,jun,fri,164.0,1,999,0,nonexistent,no
5612,24,unemployed,single,university.degree,no,no,yes,telephone,may,tue,121.0,2,999,0,nonexistent,no
5613,52,technician,divorced,professional.course,no,no,no,cellular,aug,wed,79.0,6,999,0,nonexistent,no
5614,58,management,married,unknown,no,no,no,cellular,nov,thu,142.0,2,999,1,failure,no
5615,32,admin.,married,university.degree,unknown,yes,no,telephone,may,thu,71.0,2,999,0,nonexistent,no
5616,26,technician,single,professional.course,no,no,no,cellular,jun,mon,175.0,1,999,1,failure,no
5617,34,services,married,high.school,no,no,no,telephone,may,tue,193.0,1,999,0,nonexistent,no
5618,44,technician,single,professional.course,no,yes,no,cellular,aug,fri,95.0,3,999,0,nonexistent,no
5619,54,technician,single,university.degree,unknown,unknown,unknown,telephone,may,tue,686.0,1,999,0,nonexistent,no
5620,37,admin.,married,high.school,unknown,yes,no,telephone,jun,tue,113.0,4,999,0,nonexistent,no
5621,50,technician,married,professional.course,no,no,no,cellular,jul,thu,683.0,2,999,0,nonexistent,no
5622,25,admin.,single,basic.9y,no,no,no,cellular,jul,thu,198.0,3,999,0,nonexistent,no
5623,33,management,married,professional.course,no,no,no,telephone,may,tue,282.0,2,999,0,nonexistent,no
5624,50,admin.,married,university.degree,no,yes,no,cellular,aug,mon,540.0,3,999,0,nonexistent,no
5625,52,services,married,high.school,no,no,no,cellular,jul,wed,183.0,1,999,0,nonexistent,no
5626,36,blue-collar,single,high.school,no,no,yes,telephone,may,mon,389.0,1,999,0,nonexistent,no
5627,41,blue-collar,married,basic.4y,unknown,no,no,telephone,may,fri,134.0,3,999,0,nonexistent,no
5628,31,admin.,single,university.degree,no,yes,yes,telephone,may,wed,174.0,1,999,0,nonexistent,no
5629,41,blue-collar,single,basic.6y,unknown,no,no,cellular,may,fri,103.0,2,999,1,failure,no
5630,30,services,married,high.school,no,yes,no,cellular,jul,tue,24.0,26,999,0,nonexistent,no
5631,63,retired,married,basic.4y,no,no,no,telephone,aug,thu,49.0,3,999,0,nonexistent,no
5632,47,technician,married,professional.course,no,yes,no,cellular,aug,wed,175.0,3,999,0,nonexistent,no
5633,34,technician,married,unknown,no,yes,no,telephone,may,tue,97.0,3,999,0,nonexistent,no
5634,59,retired,divorced,professional.course,no,no,no,telephone,may,mon,113.0,1,999,0,nonexistent,no
5635,27,admin.,single,professional.course,no,yes,yes,telephone,jun,fri,103.0,1,999,0,nonexistent,no
5636,56,services,married,high.school,unknown,yes,no,cellular,nov,fri,254.0,5,999,0,nonexistent,no
5637,35,entrepreneur,married,high.school,no,no,no,cellular,jul,mon,121.0,3,999,0,nonexistent,no
5638,27,admin.,single,high.school,no,yes,no,telephone,jul,fri,7.0,1,999,0,nonexistent,no
5639,34,blue-collar,married,basic.9y,no,yes,no,telephone,may,tue,96.0,2,999,0,nonexistent,no
5640,26,services,single,high.school,unknown,yes,no,cellular,jul,fri,34.0,3,999,0,nonexistent,no
5641,58,retired,married,basic.4y,no,no,no,cellular,jul,tue,114.0,1,999,0,nonexistent,no
5642,43,admin.,married,university.degree,no,no,no,cellular,aug,wed,420.0,1,999,0,nonexistent,no
5643,27,blue-collar,married,basic.4y,no,yes,no,cellular,may,thu,88.0,2,999,0,nonexistent,no
5644,46,admin.,married,high.school,unknown,unknown,unknown,telephone,jun,mon,148.0,2,999,0,nonexistent,no
5645,40,services,divorced,high.school,no,yes,no,cellular,apr,wed,201.0,1,999,0,nonexistent,no
5646,35,management,single,university.degree,no,yes,no,telephone,jun,mon,68.0,21,999,0,nonexistent,no
5647,45,management,married,university.degree,no,no,no,cellular,sep,wed,293.0,2,3,2,success,yes
5648,34,technician,married,university.degree,no,no,no,telephone,may,tue,111.0,10,999,0,nonexistent,no
5649,50,blue-collar,married,basic.4y,no,yes,no,cellular,jul,mon,611.0,2,999,0,nonexistent,yes
5650,56,blue-collar,married,basic.4y,unknown,yes,no,telephone,may,fri,400.0,2,999,0,nonexistent,no
5651,32,technician,married,high.school,no,yes,no,cellular,aug,wed,125.0,4,999,0,nonexistent,no
5652,33,admin.,divorced,university.degree,no,unknown,unknown,telephone,may,thu,213.0,1,999,0,nonexistent,no
5653,55,housemaid,married,university.degree,no,no,no,cellular,jul,wed,988.0,1,999,0,nonexistent,yes
5654,33,admin.,single,university.degree,no,yes,yes,cellular,mar,tue,187.0,1,999,0,nonexistent,yes
5655,45,admin.,divorced,university.degree,unknown,unknown,unknown,telephone,jun,fri,8.0,12,999,0,nonexistent,no
5656,35,admin.,married,basic.6y,no,yes,no,telephone,may,tue,179.0,1,999,0,nonexistent,no
5657,39,technician,married,university.degree,unknown,no,no,cellular,aug,fri,1028.0,1,999,0,nonexistent,no
5658,41,management,married,unknown,unknown,no,no,telephone,may,tue,448.0,1,999,0,nonexistent,no
5659,32,technician,married,professional.course,no,yes,no,cellular,may,mon,246.0,1,999,0,nonexistent,no
5660,48,services,married,high.school,no,yes,yes,cellular,jun,tue,217.0,3,999,0,nonexistent,no
5661,37,admin.,married,high.school,no,yes,no,telephone,may,thu,133.0,1,999,0,nonexistent,no
5662,35,management,married,university.degree,no,yes,yes,telephone,nov,wed,377.0,3,0,2,success,no
5663,54,technician,married,professional.course,no,no,no,cellular,aug,thu,478.0,1,999,0,nonexistent,no
5664,44,management,divorced,university.degree,no,unknown,unknown,cellular,may,fri,47.0,5,999,0,nonexistent,no
5665,35,technician,married,professional.course,no,no,no,cellular,may,wed,44.0,9,999,0,nonexistent,no
5666,35,technician,single,professional.course,no,no,no,telephone,jun,tue,149.0,1,999,0,nonexistent,no
5667,35,blue-collar,single,basic.9y,no,yes,no,cellular,may,fri,134.0,2,999,0,nonexistent,no
5668,29,admin.,single,university.degree,no,no,no,cellular,aug,thu,15.0,9,999,0,nonexistent,no
5669,56,unknown,married,basic.4y,no,no,no,cellular,oct,tue,480.0,1,2,2,success,yes
5670,41,admin.,single,university.degree,no,yes,no,cellular,apr,thu,328.0,1,999,0,nonexistent,no
5671,51,admin.,divorced,high.school,no,yes,yes,cellular,nov,tue,334.0,2,6,4,failure,yes
5672,32,technician,married,professional.course,no,unknown,unknown,cellular,jun,mon,210.0,2,999,1,failure,yes
5673,36,blue-collar,married,high.school,no,no,no,cellular,may,tue,87.0,4,999,1,failure,no
5674,31,technician,married,professional.course,unknown,no,no,cellular,aug,fri,93.0,1,999,0,nonexistent,no
5675,25,admin.,single,university.degree,no,yes,no,cellular,may,tue,228.0,1,999,0,nonexistent,yes
5676,40,technician,married,high.school,no,yes,yes,cellular,aug,fri,105.0,1,999,0,nonexistent,no
5677,40,technician,married,professional.course,no,no,no,telephone,jun,fri,37.0,2,999,0,nonexistent,no
5678,39,admin.,married,high.school,unknown,no,no,telephone,may,mon,357.0,1,999,0,nonexistent,no
5679,39,management,married,university.degree,no,yes,no,cellular,may,fri,53.0,1,999,0,nonexistent,no
5680,47,services,married,high.school,unknown,yes,yes,telephone,jun,wed,55.0,1,999,0,nonexistent,no
5681,48,technician,married,basic.9y,no,no,no,cellular,jul,thu,119.0,5,999,0,nonexistent,no
5682,42,admin.,married,university.degree,no,no,no,telephone,may,thu,129.0,2,999,0,nonexistent,no
5683,28,management,married,basic.9y,no,yes,no,cellular,may,tue,328.0,2,999,0,nonexistent,no
5684,53,management,married,unknown,no,yes,yes,telephone,jul,tue,465.0,6,999,0,nonexistent,no
5685,33,admin.,single,university.degree,no,yes,no,telephone,jun,fri,342.0,10,999,0,nonexistent,no
5686,40,blue-collar,married,basic.6y,no,yes,no,telephone,may,tue,133.0,2,999,0,nonexistent,no
5687,29,admin.,married,high.school,no,yes,no,telephone,may,tue,181.0,1,999,0,nonexistent,no
5688,40,blue-collar,married,basic.4y,unknown,yes,no,cellular,jul,thu,67.0,1,999,0,nonexistent,no
5689,41,unemployed,married,professional.course,no,yes,no,telephone,jun,thu,109.0,1,999,0,nonexistent,no
5690,37,blue-collar,married,basic.4y,unknown,no,no,telephone,jun,fri,1663.0,1,999,0,nonexistent,yes
5691,29,admin.,single,basic.9y,no,yes,no,cellular,may,thu,111.0,1,999,0,nonexistent,no
5692,40,blue-collar,married,basic.6y,unknown,no,no,telephone,may,fri,33.0,1,999,0,nonexistent,no
5693,23,blue-collar,single,high.school,no,no,no,cellular,jul,fri,104.0,2,999,0,nonexistent,yes
5694,33,services,married,high.school,no,yes,no,cellular,jul,tue,90.0,2,999,0,nonexistent,no
5695,34,admin.,married,university.degree,no,yes,no,telephone,may,mon,180.0,1,999,0,nonexistent,no
5696,64,retired,married,university.degree,no,no,no,cellular,mar,tue,139.0,2,6,1,success,yes
5697,29,blue-collar,single,basic.6y,no,no,no,telephone,may,thu,27.0,3,999,0,nonexistent,no
5698,31,blue-collar,single,basic.9y,no,no,no,cellular,aug,wed,38.0,1,999,0,nonexistent,no
5699,33,technician,married,professional.course,no,no,no,cellular,jun,tue,189.0,2,999,0,nonexistent,no
5700,52,management,married,university.degree,no,no,no,cellular,aug,wed,206.0,1,999,1,failure,no
5701,34,admin.,married,university.degree,no,no,no,telephone,may,mon,81.0,1,999,0,nonexistent,no
5702,55,technician,divorced,professional.course,unknown,yes,no,cellular,aug,tue,80.0,1,999,0,nonexistent,no
5703,57,blue-collar,married,basic.9y,unknown,yes,no,cellular,may,fri,432.0,3,999,0,nonexistent,no
5704,47,services,married,high.school,no,no,no,cellular,may,mon,261.0,1,999,0,nonexistent,no
5705,27,blue-collar,single,university.degree,no,no,no,cellular,jun,wed,722.0,2,999,0,nonexistent,no
5706,36,blue-collar,married,basic.9y,no,no,no,telephone,may,wed,179.0,1,999,0,nonexistent,no
5707,44,admin.,married,high.school,no,yes,no,telephone,may,mon,175.0,5,999,0,nonexistent,no
5708,26,management,single,university.degree,no,yes,no,cellular,jul,tue,154.0,1,999,0,nonexistent,no
5709,29,unemployed,married,university.degree,no,no,no,cellular,jul,thu,509.0,1,999,0,nonexistent,no
5710,32,blue-collar,married,basic.9y,no,yes,yes,cellular,aug,fri,230.0,1,999,0,nonexistent,no
5711,40,admin.,divorced,high.school,no,yes,no,cellular,aug,thu,262.0,2,999,1,failure,no
5712,31,services,single,high.school,no,yes,no,cellular,nov,thu,475.0,1,999,0,nonexistent,no
5713,33,admin.,single,high.school,no,yes,no,cellular,oct,mon,61.0,2,6,2,failure,no
5714,53,blue-collar,married,basic.4y,no,no,no,cellular,nov,fri,122.0,3,999,1,failure,no
5715,38,technician,single,professional.course,unknown,unknown,unknown,telephone,may,wed,159.0,2,999,0,nonexistent,no
5716,31,technician,married,high.school,no,no,no,cellular,jul,mon,75.0,3,999,0,nonexistent,no
5717,29,blue-collar,married,basic.6y,no,no,yes,cellular,may,thu,93.0,3,999,0,nonexistent,no
5718,48,services,married,high.school,no,no,no,telephone,may,wed,17.0,18,999,0,nonexistent,no
5719,30,technician,single,university.degree,no,yes,no,cellular,aug,mon,14.0,13,999,0,nonexistent,no
5720,79,retired,married,basic.9y,no,no,no,cellular,sep,tue,181.0,1,999,1,failure,yes
5721,47,services,married,high.school,unknown,no,no,cellular,may,wed,378.0,1,999,0,nonexistent,no
5722,29,admin.,married,university.degree,no,no,no,cellular,aug,thu,108.0,1,999,0,nonexistent,no
5723,60,retired,married,high.school,no,yes,no,telephone,jun,wed,340.0,3,999,0,nonexistent,no
5724,28,self-employed,single,university.degree,no,no,no,cellular,mar,fri,114.0,1,999,0,nonexistent,no
5725,43,blue-collar,married,basic.4y,unknown,yes,no,telephone,may,wed,180.0,5,999,0,nonexistent,no
5726,38,blue-collar,married,basic.9y,no,no,no,cellular,nov,thu,89.0,1,999,0,nonexistent,no
5727,34,blue-collar,married,basic.9y,no,yes,no,telephone,may,wed,172.0,1,999,0,nonexistent,no
5728,39,blue-collar,married,professional.course,no,no,no,cellular,jul,mon,280.0,1,999,0,nonexistent,no
5729,40,blue-collar,married,professional.course,no,no,no,cellular,jul,mon,102.0,5,999,0,nonexistent,no
5730,35,admin.,single,university.degree,no,no,yes,cellular,aug,thu,85.0,1,999,0,nonexistent,no
5731,33,admin.,single,university.degree,no,yes,no,cellular,aug,tue,125.0,2,999,0,nonexistent,no
5732,29,technician,married,professional.course,no,yes,no,cellular,jul,wed,332.0,1,999,0,nonexistent,no
5733,57,admin.,married,university.degree,no,yes,no,cellular,jul,mon,118.0,4,999,0,nonexistent,no
5734,33,admin.,single,university.degree,no,no,no,telephone,jun,mon,335.0,2,999,0,nonexistent,no
5735,45,admin.,married,university.degree,no,yes,no,cellular,may,mon,254.0,4,999,0,nonexistent,no
5736,35,blue-collar,married,basic.4y,no,yes,no,cellular,may,mon,629.0,1,999,0,nonexistent,no
5737,43,admin.,married,university.degree,no,yes,no,cellular,apr,thu,114.0,2,999,0,nonexistent,no
5738,35,technician,single,university.degree,unknown,yes,no,telephone,may,thu,44.0,15,999,0,nonexistent,no
5739,35,unemployed,single,basic.9y,no,no,no,cellular,jul,fri,936.0,1,999,0,nonexistent,no
5740,28,self-employed,married,basic.9y,no,yes,no,cellular,may,fri,144.0,5,999,0,nonexistent,no
5741,36,admin.,married,professional.course,no,no,no,cellular,aug,fri,172.0,1,999,0,nonexistent,no
5742,25,admin.,single,high.school,no,yes,no,cellular,jul,wed,202.0,1,999,0,nonexistent,no
5743,33,unemployed,married,basic.9y,no,yes,yes,cellular,may,mon,21.0,6,999,0,nonexistent,no
5744,31,technician,married,professional.course,no,yes,no,telephone,jun,wed,131.0,2,999,0,nonexistent,no
5745,43,blue-collar,married,basic.6y,unknown,yes,no,telephone,may,mon,286.0,4,999,0,nonexistent,no
5746,39,admin.,single,unknown,no,no,no,cellular,nov,fri,504.0,2,999,1,failure,yes
5747,50,services,married,basic.4y,no,no,no,cellular,aug,fri,95.0,1,999,0,nonexistent,no
5748,38,blue-collar,single,basic.9y,unknown,yes,no,cellular,may,fri,56.0,1,999,0,nonexistent,no
5749,52,blue-collar,married,basic.9y,no,yes,no,cellular,aug,mon,42.0,3,999,0,nonexistent,no
5750,27,admin.,single,high.school,no,no,no,telephone,sep,mon,6.0,1,999,0,nonexistent,no
5751,31,admin.,single,university.degree,no,yes,yes,cellular,aug,thu,140.0,3,999,0,nonexistent,no
5752,25,unemployed,single,professional.course,no,yes,no,cellular,apr,wed,97.0,1,999,0,nonexistent,no
5753,56,blue-collar,married,professional.course,no,yes,no,cellular,jul,wed,289.0,1,999,0,nonexistent,no
5754,56,blue-collar,married,high.school,unknown,yes,no,telephone,jun,fri,79.0,3,999,0,nonexistent,no
5755,34,technician,married,basic.9y,no,yes,no,cellular,nov,fri,126.0,2,999,2,failure,no
5756,54,technician,married,university.degree,unknown,no,no,telephone,jun,mon,71.0,4,999,0,nonexistent,no
5757,48,entrepreneur,single,university.degree,no,no,no,cellular,jul,tue,149.0,2,999,0,nonexistent,no
5758,37,admin.,married,high.school,unknown,no,no,telephone,may,tue,152.0,1,999,0,nonexistent,no
5759,38,services,married,high.school,unknown,no,no,telephone,jun,tue,253.0,2,999,0,nonexistent,no
5760,40,admin.,married,university.degree,unknown,no,no,telephone,may,mon,377.0,1,999,0,nonexistent,no
5761,47,admin.,single,unknown,unknown,yes,no,telephone,may,tue,247.0,1,999,0,nonexistent,no
5762,36,admin.,married,professional.course,no,no,no,telephone,jun,wed,211.0,17,999,0,nonexistent,no
5763,45,services,married,basic.4y,unknown,no,no,cellular,aug,fri,117.0,2,999,0,nonexistent,no
5764,58,self-employed,married,university.degree,no,no,no,cellular,aug,tue,326.0,4,6,3,success,yes
5765,56,retired,married,high.school,no,no,no,cellular,may,mon,317.0,1,999,0,nonexistent,no
5766,45,blue-collar,married,unknown,no,yes,yes,cellular,apr,fri,637.0,1,999,0,nonexistent,no
5767,32,admin.,married,high.school,no,yes,yes,telephone,may,thu,21.0,3,999,0,nonexistent,no
5768,49,admin.,divorced,university.degree,no,no,no,cellular,aug,wed,128.0,1,999,0,nonexistent,no
5769,32,admin.,single,high.school,no,yes,no,cellular,may,mon,148.0,2,999,0,nonexistent,no
5770,49,admin.,single,unknown,unknown,unknown,unknown,telephone,jun,tue,479.0,1,999,0,nonexistent,no
5771,53,blue-collar,married,basic.4y,no,yes,no,cellular,nov,fri,15.0,2,999,0,nonexistent,no
5772,44,management,married,high.school,no,yes,no,cellular,nov,mon,231.0,2,999,0,nonexistent,no
5773,37,housemaid,single,basic.9y,unknown,yes,yes,telephone,may,fri,136.0,3,999,0,nonexistent,no
5774,35,blue-collar,married,high.school,no,no,no,telephone,jun,thu,992.0,2,999,0,nonexistent,yes
5775,54,admin.,married,university.degree,no,no,no,telephone,may,fri,847.0,1,999,0,nonexistent,no
5776,36,admin.,single,high.school,unknown,yes,no,telephone,jun,fri,16.0,3,999,0,nonexistent,no
5777,49,entrepreneur,married,high.school,no,no,no,telephone,nov,tue,177.0,2,999,0,nonexistent,no
5778,29,blue-collar,divorced,basic.6y,no,yes,no,telephone,nov,tue,272.0,2,999,0,nonexistent,no
5779,54,retired,divorced,university.degree,no,yes,no,cellular,jul,tue,152.0,2,999,0,nonexistent,no
5780,33,blue-collar,single,basic.9y,unknown,yes,yes,telephone,may,fri,84.0,2,999,0,nonexistent,no
5781,42,technician,single,professional.course,no,yes,no,cellular,nov,fri,91.0,2,999,0,nonexistent,no
5782,26,admin.,single,high.school,no,no,no,telephone,may,wed,87.0,5,999,0,nonexistent,no
5783,39,blue-collar,married,basic.4y,unknown,no,no,cellular,jul,mon,533.0,1,999,0,nonexistent,no
5784,31,management,married,university.degree,no,no,no,cellular,aug,mon,92.0,3,999,0,nonexistent,no
5785,29,technician,single,university.degree,no,no,no,cellular,jul,fri,1007.0,6,999,0,nonexistent,yes
5786,42,self-employed,married,university.degree,no,yes,no,cellular,apr,tue,216.0,1,999,1,failure,yes
5787,44,blue-collar,married,basic.4y,unknown,no,no,telephone,may,tue,272.0,2,999,0,nonexistent,no
5788,31,technician,single,professional.course,no,yes,no,cellular,apr,mon,21.0,5,999,0,nonexistent,no
5789,61,admin.,married,university.degree,unknown,yes,no,cellular,jun,wed,1076.0,2,999,0,nonexistent,yes
5790,41,management,married,basic.6y,unknown,yes,no,cellular,nov,mon,264.0,4,999,0,nonexistent,no
5791,25,blue-collar,single,basic.9y,unknown,yes,no,telephone,may,thu,323.0,1,999,0,nonexistent,no
5792,30,blue-collar,married,unknown,no,yes,no,cellular,jul,wed,171.0,1,999,0,nonexistent,no
5793,42,blue-collar,married,basic.4y,no,no,no,telephone,may,wed,456.0,2,999,0,nonexistent,no
5794,46,services,divorced,professional.course,unknown,yes,no,telephone,jun,wed,292.0,2,999,0,nonexistent,no
5795,28,admin.,married,university.degree,no,no,no,cellular,may,tue,72.0,3,999,1,failure,no
5796,36,admin.,divorced,university.degree,no,yes,no,cellular,aug,tue,112.0,2,999,0,nonexistent,no
5797,46,blue-collar,single,university.degree,no,no,no,cellular,apr,mon,1422.0,2,999,0,nonexistent,yes
5798,29,admin.,single,university.degree,no,yes,yes,cellular,jun,thu,449.0,1,999,0,nonexistent,yes
5799,32,management,single,university.degree,no,no,no,cellular,apr,fri,82.0,1,999,1,failure,no
5800,61,unknown,single,basic.4y,no,yes,yes,cellular,may,tue,131.0,3,999,0,nonexistent,no
5801,33,management,married,university.degree,no,no,no,cellular,may,fri,364.0,1,999,1,failure,no
5802,33,admin.,single,university.degree,no,no,no,cellular,may,mon,657.0,1,999,0,nonexistent,yes
5803,30,technician,single,university.degree,no,yes,no,telephone,jun,wed,263.0,1,999,2,failure,yes
5804,36,technician,married,professional.course,no,no,no,telephone,may,tue,150.0,1,999,0,nonexistent,no
5805,51,technician,married,professional.course,unknown,no,yes,cellular,aug,thu,58.0,1,999,0,nonexistent,no
5806,25,blue-collar,single,high.school,no,no,no,cellular,jul,mon,122.0,3,999,0,nonexistent,no
5807,38,admin.,married,university.degree,unknown,yes,no,cellular,aug,fri,273.0,5,999,0,nonexistent,no
5808,31,technician,married,professional.course,no,yes,no,cellular,may,tue,239.0,4,999,0,nonexistent,no
5809,30,technician,single,professional.course,no,yes,no,cellular,aug,thu,76.0,1,999,0,nonexistent,no
5810,27,admin.,single,university.degree,unknown,yes,yes,cellular,jul,tue,255.0,1,999,0,nonexistent,no
5811,71,retired,married,university.degree,no,no,no,cellular,aug,thu,148.0,1,999,0,nonexistent,no
5812,41,technician,married,professional.course,no,unknown,unknown,telephone,may,tue,154.0,1,999,0,nonexistent,no
5813,40,management,divorced,university.degree,unknown,no,no,telephone,may,wed,175.0,3,999,0,nonexistent,no
5814,25,blue-collar,married,basic.4y,no,no,no,telephone,may,mon,480.0,1,999,0,nonexistent,no
5815,40,housemaid,single,university.degree,no,no,no,telephone,jun,mon,126.0,3,999,0,nonexistent,no
5816,50,admin.,divorced,university.degree,no,no,no,cellular,nov,thu,160.0,1,999,0,nonexistent,no
5817,34,blue-collar,divorced,high.school,no,yes,no,telephone,oct,thu,160.0,1,999,0,nonexistent,yes
5818,49,blue-collar,married,professional.course,no,yes,yes,cellular,may,tue,121.0,1,999,1,failure,no
5819,32,self-employed,single,university.degree,no,yes,no,telephone,nov,thu,93.0,4,999,0,nonexistent,no
5820,36,management,married,university.degree,no,yes,no,cellular,nov,tue,267.0,2,999,0,nonexistent,no
5821,35,blue-collar,married,unknown,no,yes,yes,telephone,may,wed,52.0,1,999,0,nonexistent,no
5822,55,retired,married,high.school,no,no,no,telephone,may,fri,924.0,1,999,0,nonexistent,yes
5823,41,admin.,single,high.school,no,no,no,telephone,may,mon,168.0,1,999,0,nonexistent,no
5824,33,admin.,single,university.degree,no,yes,no,cellular,may,wed,96.0,2,999,1,failure,no
5825,52,blue-collar,married,basic.9y,unknown,yes,no,cellular,jul,thu,212.0,3,999,0,nonexistent,no
5826,42,blue-collar,married,basic.6y,unknown,no,no,telephone,may,tue,99.0,1,999,0,nonexistent,no
5827,30,admin.,single,high.school,no,yes,yes,cellular,jul,tue,254.0,1,999,0,nonexistent,no
5828,34,admin.,single,university.degree,no,yes,no,cellular,apr,mon,305.0,2,999,0,nonexistent,no
5829,57,technician,married,professional.course,no,yes,no,telephone,jun,tue,194.0,2,999,0,nonexistent,no
5830,50,self-employed,married,professional.course,no,yes,no,cellular,jul,thu,77.0,2,999,0,nonexistent,no
5831,53,blue-collar,divorced,basic.4y,no,no,yes,cellular,jul,tue,446.0,1,999,0,nonexistent,no
5832,47,technician,married,professional.course,no,yes,no,cellular,jul,thu,153.0,18,999,0,nonexistent,no
5833,58,entrepreneur,married,university.degree,no,no,yes,cellular,jul,wed,137.0,1,999,0,nonexistent,no
5834,39,technician,single,professional.course,no,yes,no,telephone,jun,fri,127.0,2,999,0,nonexistent,no
5835,35,admin.,divorced,high.school,no,yes,no,cellular,may,mon,88.0,1,999,1,failure,no
5836,54,technician,married,unknown,no,yes,no,cellular,nov,thu,222.0,1,999,1,failure,no
5837,56,services,married,basic.4y,unknown,yes,yes,telephone,jun,mon,287.0,1,999,0,nonexistent,no
5838,29,admin.,single,high.school,no,no,no,telephone,jun,fri,433.0,4,999,0,nonexistent,no
5839,52,unemployed,married,university.degree,no,yes,no,cellular,aug,mon,445.0,1,999,0,nonexistent,no
5840,53,management,married,university.degree,no,yes,yes,cellular,nov,fri,106.0,1,999,0,nonexistent,no
5841,37,blue-collar,married,basic.9y,no,yes,no,telephone,may,wed,260.0,1,999,0,nonexistent,no
5842,45,blue-collar,married,basic.9y,no,yes,no,cellular,aug,mon,99.0,2,999,0,nonexistent,no
5843,54,housemaid,divorced,basic.4y,no,yes,no,cellular,jul,mon,50.0,4,999,0,nonexistent,no
5844,49,blue-collar,married,basic.4y,unknown,no,no,telephone,may,wed,432.0,1,999,0,nonexistent,no
5845,45,services,married,high.school,unknown,yes,no,cellular,aug,mon,413.0,2,999,0,nonexistent,no
5846,33,entrepreneur,married,university.degree,no,yes,no,telephone,may,mon,130.0,3,999,0,nonexistent,no
5847,39,technician,married,professional.course,no,yes,no,cellular,may,thu,292.0,1,999,0,nonexistent,no
5848,33,technician,single,professional.course,no,no,no,cellular,nov,tue,125.0,2,999,0,nonexistent,no
5849,50,admin.,married,high.school,no,yes,yes,cellular,sep,fri,128.0,1,999,0,nonexistent,no
5850,34,blue-collar,married,basic.9y,no,no,yes,telephone,jul,mon,146.0,4,999,0,nonexistent,no
5851,41,blue-collar,married,basic.9y,no,no,no,telephone,jun,mon,14.0,20,999,0,nonexistent,no
5852,56,admin.,single,university.degree,no,no,no,cellular,mar,wed,193.0,1,5,1,success,yes
5853,40,admin.,single,university.degree,no,no,no,telephone,jun,mon,498.0,2,999,0,nonexistent,yes
5854,40,housemaid,divorced,high.school,no,yes,no,cellular,may,wed,136.0,3,999,1,failure,no
5855,42,admin.,married,university.degree,unknown,no,no,telephone,may,wed,96.0,1,999,0,nonexistent,no
5856,51,blue-collar,married,basic.9y,no,yes,no,telephone,jun,mon,159.0,1,999,0,nonexistent,no
5857,59,retired,married,professional.course,no,no,no,telephone,may,wed,560.0,9,999,0,nonexistent,yes
5858,30,technician,divorced,professional.course,no,no,no,telephone,jun,mon,332.0,2,999,0,nonexistent,no
5859,31,admin.,single,university.degree,no,yes,yes,cellular,aug,thu,1462.0,2,999,0,nonexistent,no
5860,44,management,single,high.school,no,yes,no,cellular,may,mon,504.0,1,999,0,nonexistent,yes
5861,34,technician,divorced,unknown,no,yes,no,telephone,jul,thu,190.0,4,999,0,nonexistent,no
5862,55,management,divorced,university.degree,no,yes,no,cellular,nov,thu,159.0,1,999,0,nonexistent,no
5863,48,admin.,married,university.degree,no,no,no,cellular,nov,thu,298.0,2,999,0,nonexistent,no
5864,35,technician,single,professional.course,no,yes,no,cellular,aug,tue,109.0,4,999,0,nonexistent,no
5865,56,entrepreneur,married,university.degree,no,no,no,cellular,apr,thu,204.0,1,999,0,nonexistent,no
5866,37,admin.,married,university.degree,no,no,no,cellular,jul,tue,197.0,2,999,0,nonexistent,no
5867,49,admin.,married,university.degree,no,no,no,cellular,aug,wed,64.0,1,999,0,nonexistent,no
5868,35,management,single,university.degree,no,no,no,cellular,nov,wed,201.0,1,999,0,nonexistent,no
5869,44,self-employed,single,university.degree,no,no,no,telephone,jun,fri,10.0,4,999,0,nonexistent,no
5870,54,admin.,single,university.degree,no,yes,no,cellular,nov,tue,119.0,1,999,1,failure,no
5871,39,technician,married,professional.course,no,no,no,telephone,jun,mon,164.0,2,999,0,nonexistent,no
5872,50,blue-collar,married,unknown,unknown,yes,no,cellular,jul,thu,222.0,2,999,0,nonexistent,no
5873,32,blue-collar,married,basic.4y,unknown,yes,no,cellular,may,thu,94.0,1,999,0,nonexistent,no
5874,50,technician,married,professional.course,unknown,yes,yes,telephone,may,wed,124.0,1,999,0,nonexistent,no
5875,60,retired,married,university.degree,unknown,yes,no,telephone,may,tue,245.0,2,999,0,nonexistent,no
5876,36,management,married,university.degree,no,no,no,cellular,mar,thu,148.0,1,999,2,failure,yes
5877,33,services,married,high.school,no,no,no,telephone,jun,fri,59.0,4,999,0,nonexistent,no
5878,39,admin.,single,high.school,no,no,no,cellular,may,tue,197.0,2,999,1,failure,no
5879,45,technician,single,university.degree,no,no,no,cellular,may,fri,311.0,3,999,0,nonexistent,no
5880,47,self-employed,married,professional.course,no,yes,no,telephone,jun,mon,338.0,2,999,0,nonexistent,no
5881,46,unemployed,divorced,high.school,unknown,yes,yes,telephone,may,fri,69.0,15,999,0,nonexistent,no
5882,31,admin.,single,high.school,no,yes,no,cellular,nov,wed,66.0,1,999,0,nonexistent,no
5883,47,blue-collar,married,basic.6y,unknown,yes,yes,telephone,may,fri,249.0,1,999,0,nonexistent,no
5884,57,blue-collar,divorced,basic.6y,unknown,yes,no,cellular,jul,tue,256.0,5,999,0,nonexistent,no
5885,54,technician,divorced,professional.course,unknown,yes,no,cellular,aug,thu,121.0,1,999,0,nonexistent,no
5886,21,student,single,basic.9y,no,unknown,unknown,cellular,sep,tue,875.0,1,999,0,nonexistent,yes
5887,38,admin.,single,university.degree,no,yes,yes,telephone,may,wed,126.0,3,999,0,nonexistent,no
5888,34,unknown,divorced,basic.4y,no,no,no,cellular,nov,wed,73.0,1,999,0,nonexistent,no
5889,57,technician,married,professional.course,no,yes,no,cellular,nov,fri,294.0,2,999,0,nonexistent,no
5890,44,admin.,married,high.school,no,no,no,telephone,may,wed,650.0,2,999,0,nonexistent,no
5891,41,technician,divorced,professional.course,no,no,no,telephone,jul,wed,38.0,1,999,0,nonexistent,no
5892,31,services,married,high.school,no,no,yes,cellular,nov,thu,49.0,1,999,0,nonexistent,no
5893,30,admin.,single,university.degree,no,yes,yes,cellular,apr,tue,178.0,1,999,0,nonexistent,no
5894,27,admin.,single,high.school,no,yes,no,telephone,nov,fri,24.0,1,999,0,nonexistent,no
5895,34,housemaid,married,basic.6y,no,yes,no,telephone,may,mon,300.0,2,999,0,nonexistent,no
5896,51,services,divorced,basic.4y,unknown,yes,no,telephone,may,thu,95.0,4,999,0,nonexistent,no
5897,37,services,married,basic.6y,unknown,yes,no,cellular,nov,mon,372.0,1,999,0,nonexistent,no
5898,42,technician,married,professional.course,no,yes,no,cellular,nov,mon,140.0,1,999,0,nonexistent,no
5899,30,services,single,high.school,no,no,no,telephone,may,tue,65.0,1,999,0,nonexistent,no
5900,48,housemaid,married,professional.course,no,yes,no,cellular,jul,wed,496.0,2,6,2,success,yes
5901,46,admin.,married,university.degree,no,no,no,cellular,jul,wed,29.0,2,999,0,nonexistent,no
5902,42,technician,married,university.degree,unknown,yes,no,cellular,may,wed,301.0,1,999,0,nonexistent,no
5903,35,blue-collar,divorced,basic.4y,no,no,yes,cellular,jul,tue,487.0,4,999,0,nonexistent,no
5904,45,blue-collar,married,basic.9y,unknown,yes,no,telephone,may,wed,944.0,3,999,0,nonexistent,no
5905,35,admin.,single,high.school,no,no,no,cellular,may,tue,147.0,4,999,1,failure,no
5906,34,technician,married,professional.course,no,yes,no,telephone,may,tue,148.0,1,999,0,nonexistent,no
5907,28,blue-collar,single,basic.9y,no,no,no,cellular,may,wed,155.0,1,999,1,failure,no
5908,43,management,married,university.degree,no,no,no,cellular,aug,wed,398.0,2,999,0,nonexistent,no
5909,23,admin.,single,professional.course,no,no,no,cellular,jul,wed,115.0,1,999,0,nonexistent,no
5910,63,unknown,married,unknown,no,yes,no,cellular,sep,thu,268.0,1,999,1,failure,no
5911,59,admin.,married,university.degree,no,yes,no,cellular,may,fri,324.0,2,999,1,failure,no
5912,31,blue-collar,single,high.school,no,yes,no,cellular,jul,tue,101.0,4,999,0,nonexistent,no
5913,36,services,married,high.school,no,no,yes,telephone,may,tue,1590.0,2,999,0,nonexistent,no
5914,39,admin.,married,university.degree,no,no,no,telephone,jun,thu,370.0,2,999,0,nonexistent,no
5915,46,services,married,high.school,no,no,no,cellular,jul,mon,93.0,3,999,0,nonexistent,no
5916,45,management,married,unknown,unknown,no,no,telephone,may,tue,121.0,3,999,0,nonexistent,no
5917,32,technician,single,professional.course,no,yes,no,telephone,aug,fri,107.0,2,999,1,failure,no
5918,58,services,married,high.school,no,no,no,telephone,jun,fri,181.0,1,999,0,nonexistent,no
5919,35,services,single,high.school,unknown,yes,no,telephone,jun,tue,437.0,2,999,0,nonexistent,no
5920,41,technician,single,professional.course,no,no,no,cellular,aug,tue,358.0,1,999,0,nonexistent,no
5921,39,technician,divorced,professional.course,no,yes,no,cellular,aug,thu,97.0,2,999,0,nonexistent,no
5922,43,management,married,professional.course,no,yes,no,telephone,may,mon,134.0,1,999,0,nonexistent,no
5923,57,services,married,basic.6y,no,no,no,telephone,may,thu,43.0,2,999,0,nonexistent,no
5924,59,retired,married,university.degree,unknown,no,no,cellular,jul,wed,108.0,2,999,0,nonexistent,no
5925,35,self-employed,single,high.school,no,yes,no,cellular,may,wed,109.0,1,999,1,failure,no
5926,34,admin.,married,university.degree,no,yes,no,cellular,jul,thu,417.0,1,6,3,success,yes
5927,47,admin.,married,university.degree,no,no,no,cellular,jul,fri,84.0,3,999,0,nonexistent,no
5928,36,technician,married,high.school,no,yes,yes,cellular,may,fri,659.0,1,999,0,nonexistent,yes
5929,42,entrepreneur,married,high.school,no,yes,no,cellular,jul,mon,247.0,1,999,0,nonexistent,no
5930,37,unemployed,single,university.degree,no,no,no,cellular,nov,thu,212.0,2,999,0,nonexistent,no
5931,44,services,married,unknown,no,yes,yes,telephone,jul,wed,329.0,3,999,0,nonexistent,no
5932,36,technician,divorced,professional.course,no,yes,no,cellular,aug,wed,76.0,1,999,0,nonexistent,no
5933,50,unemployed,married,professional.course,unknown,no,no,cellular,aug,fri,135.0,1,999,0,nonexistent,no
5934,31,technician,divorced,high.school,no,yes,no,cellular,aug,tue,254.0,3,999,0,nonexistent,no
5935,52,management,married,high.school,unknown,yes,no,telephone,may,fri,113.0,4,999,0,nonexistent,no
5936,29,services,divorced,high.school,no,no,no,cellular,may,mon,150.0,2,999,1,failure,no
5937,32,self-employed,single,high.school,no,yes,no,cellular,nov,mon,223.0,1,999,1,failure,no
5938,28,self-employed,single,university.degree,no,yes,yes,cellular,mar,fri,3076.0,1,999,0,nonexistent,yes
5939,33,services,married,professional.course,no,yes,no,cellular,aug,thu,56.0,1,999,0,nonexistent,no
5940,40,blue-collar,married,basic.4y,unknown,unknown,unknown,telephone,jul,wed,135.0,1,999,0,nonexistent,no
5941,33,blue-collar,married,professional.course,no,no,no,telephone,may,mon,53.0,1,999,0,nonexistent,no
5942,40,technician,married,high.school,no,no,no,cellular,aug,mon,304.0,3,999,0,nonexistent,no
5943,56,services,married,high.school,unknown,yes,no,telephone,jun,wed,75.0,14,999,0,nonexistent,no
5944,34,services,divorced,basic.9y,no,no,yes,cellular,may,mon,295.0,3,999,0,nonexistent,no
5945,25,admin.,single,university.degree,no,yes,no,cellular,may,fri,80.0,2,999,0,nonexistent,no
5946,29,admin.,married,university.degree,no,yes,yes,cellular,may,fri,567.0,3,13,2,failure,yes
5947,29,admin.,single,high.school,no,yes,no,cellular,nov,thu,87.0,2,999,0,nonexistent,no
5948,33,blue-collar,married,high.school,no,yes,no,cellular,apr,mon,114.0,2,999,0,nonexistent,no
5949,29,technician,single,basic.9y,no,yes,no,cellular,may,mon,170.0,1,999,1,failure,no
5950,50,unknown,married,basic.4y,unknown,yes,no,cellular,may,tue,12.0,8,999,0,nonexistent,no
5951,55,management,married,basic.4y,no,yes,yes,cellular,may,wed,1108.0,3,999,0,nonexistent,no
5952,49,management,married,university.degree,no,no,no,telephone,may,mon,27.0,1,999,0,nonexistent,no
5953,57,blue-collar,married,basic.6y,unknown,no,no,cellular,may,wed,97.0,5,999,0,nonexistent,no
5954,37,entrepreneur,divorced,high.school,no,no,no,cellular,nov,wed,298.0,2,999,0,nonexistent,no
5955,51,blue-collar,divorced,unknown,unknown,no,no,telephone,jun,wed,15.0,1,999,0,nonexistent,no
5956,39,entrepreneur,married,university.degree,no,yes,no,telephone,may,mon,247.0,1,999,0,nonexistent,no
5957,60,entrepreneur,married,basic.4y,no,yes,no,telephone,may,thu,442.0,2,999,0,nonexistent,no
5958,34,services,married,high.school,no,no,no,cellular,may,wed,251.0,2,999,0,nonexistent,no
5959,42,entrepreneur,married,university.degree,no,no,no,telephone,may,mon,148.0,1,999,0,nonexistent,no
5960,46,admin.,married,high.school,unknown,yes,no,cellular,nov,mon,219.0,1,999,0,nonexistent,no
5961,36,technician,single,professional.course,no,no,no,cellular,nov,mon,85.0,2,999,0,nonexistent,no
5962,36,admin.,married,university.degree,no,yes,no,cellular,aug,fri,194.0,2,999,0,nonexistent,no
5963,46,admin.,married,university.degree,no,yes,no,cellular,aug,mon,96.0,1,999,0,nonexistent,no
5964,43,technician,married,basic.9y,unknown,no,yes,telephone,may,tue,226.0,1,999,0,nonexistent,no
5965,57,housemaid,divorced,basic.4y,no,yes,yes,telephone,may,mon,205.0,2,999,0,nonexistent,no
5966,48,technician,married,high.school,unknown,yes,no,cellular,aug,mon,241.0,4,999,0,nonexistent,no
5967,76,retired,married,basic.6y,no,no,yes,cellular,aug,thu,284.0,1,999,1,failure,no
5968,33,blue-collar,single,basic.6y,unknown,no,no,cellular,may,wed,35.0,1,999,0,nonexistent,no
5969,35,unknown,married,basic.9y,no,no,no,cellular,aug,tue,117.0,1,999,0,nonexistent,no
5970,59,retired,married,university.degree,no,yes,no,cellular,aug,thu,77.0,4,999,0,nonexistent,no
5971,57,housemaid,married,basic.4y,no,yes,no,telephone,apr,wed,595.0,3,999,1,failure,yes
5972,30,services,married,high.school,no,yes,no,telephone,may,mon,92.0,2,999,0,nonexistent,no
5973,28,admin.,married,high.school,no,no,no,cellular,may,fri,35.0,3,999,1,failure,no
5974,30,blue-collar,married,professional.course,no,no,no,cellular,jul,thu,66.0,1,999,0,nonexistent,no
5975,59,retired,divorced,professional.course,no,no,no,cellular,may,wed,69.0,1,999,0,nonexistent,no
5976,44,blue-collar,married,basic.6y,no,no,no,cellular,aug,tue,141.0,2,999,0,nonexistent,no
5977,32,management,married,university.degree,no,no,no,cellular,may,fri,316.0,2,999,0,nonexistent,no
5978,28,services,single,basic.9y,unknown,yes,no,telephone,may,fri,59.0,3,999,0,nonexistent,no
5979,44,technician,married,professional.course,unknown,no,no,telephone,jun,fri,45.0,1,999,0,nonexistent,no
5980,30,services,divorced,basic.9y,no,yes,no,telephone,may,thu,49.0,1,999,0,nonexistent,no
5981,30,admin.,single,university.degree,no,yes,yes,cellular,jul,tue,204.0,1,999,0,nonexistent,no
5982,52,blue-collar,married,basic.9y,no,no,no,cellular,nov,thu,176.0,2,999,0,nonexistent,no
5983,34,technician,married,professional.course,unknown,yes,no,cellular,aug,thu,239.0,3,999,0,nonexistent,no
5984,28,admin.,single,high.school,no,yes,no,cellular,mar,tue,143.0,2,999,0,nonexistent,yes
5985,30,blue-collar,single,basic.9y,no,yes,no,cellular,jul,thu,307.0,1,999,0,nonexistent,no
5986,38,technician,married,professional.course,no,no,no,cellular,nov,wed,62.0,3,999,1,failure,no
5987,34,blue-collar,married,basic.9y,no,yes,yes,telephone,nov,thu,98.0,4,999,0,nonexistent,no
5988,25,admin.,married,university.degree,no,yes,no,telephone,jun,fri,109.0,1,999,0,nonexistent,no
5989,30,technician,single,university.degree,no,yes,no,telephone,may,wed,119.0,3,999,1,failure,no
5990,25,admin.,single,basic.9y,no,yes,yes,cellular,jul,thu,37.0,17,999,0,nonexistent,no
5991,56,blue-collar,married,basic.4y,unknown,yes,no,cellular,jul,fri,508.0,1,999,0,nonexistent,no
5992,29,services,married,high.school,no,yes,no,cellular,jul,mon,94.0,1,999,0,nonexistent,no
5993,31,services,married,high.school,unknown,no,no,telephone,may,tue,110.0,1,999,0,nonexistent,no
5994,36,management,married,university.degree,no,yes,yes,cellular,apr,mon,163.0,1,999,1,failure,no
5995,35,technician,single,professional.course,no,yes,yes,telephone,may,thu,150.0,1,999,0,nonexistent,no
5996,50,admin.,married,university.degree,no,yes,no,telephone,may,wed,686.0,1,999,0,nonexistent,no
5997,27,technician,single,university.degree,no,yes,no,cellular,jul,wed,71.0,1,999,0,nonexistent,no
5998,31,admin.,single,basic.9y,no,yes,no,telephone,may,mon,87.0,2,999,0,nonexistent,no
5999,42,self-employed,married,basic.4y,unknown,yes,no,cellular,aug,thu,52.0,2,999,0,nonexistent,no
6000,52,unemployed,married,high.school,unknown,yes,no,telephone,may,mon,151.0,1,999,0,nonexistent,no
6001,54,blue-collar,single,basic.4y,unknown,yes,no,telephone,may,fri,1171.0,1,999,0,nonexistent,no
6002,39,admin.,single,high.school,unknown,no,no,telephone,may,mon,399.0,2,999,0,nonexistent,no
6003,32,self-employed,divorced,university.degree,no,no,no,telephone,jun,mon,559.0,3,999,0,nonexistent,no
6004,28,admin.,single,university.degree,no,yes,yes,cellular,apr,thu,76.0,1,999,0,nonexistent,no
6005,42,admin.,married,university.degree,no,no,no,cellular,aug,fri,71.0,1,999,0,nonexistent,no
6006,51,services,married,high.school,no,yes,no,cellular,apr,mon,272.0,1,999,0,nonexistent,no
6007,22,student,single,basic.6y,no,yes,no,cellular,oct,tue,88.0,1,999,0,nonexistent,no
6008,42,blue-collar,married,basic.9y,unknown,no,no,telephone,jun,mon,213.0,3,999,0,nonexistent,no
6009,51,admin.,divorced,high.school,no,yes,no,cellular,nov,tue,283.0,1,3,7,success,no
6010,32,entrepreneur,married,high.school,no,yes,no,cellular,may,mon,101.0,2,999,1,failure,no
6011,47,unemployed,married,high.school,unknown,no,no,cellular,nov,wed,101.0,1,999,0,nonexistent,no
6012,29,unemployed,single,university.degree,no,no,no,telephone,may,thu,144.0,1,999,0,nonexistent,no
6013,30,blue-collar,single,basic.9y,no,yes,no,cellular,jul,mon,235.0,3,999,0,nonexistent,no
6014,53,management,married,unknown,no,yes,yes,cellular,jul,mon,88.0,9,999,0,nonexistent,no
6015,39,admin.,married,basic.6y,no,yes,no,telephone,may,thu,123.0,3,999,0,nonexistent,no
6016,49,self-employed,married,high.school,no,no,no,cellular,may,fri,532.0,3,999,0,nonexistent,yes
6017,42,blue-collar,married,basic.4y,no,yes,no,cellular,apr,mon,257.0,1,999,0,nonexistent,no
6018,30,management,married,university.degree,no,no,no,telephone,may,tue,851.0,4,999,0,nonexistent,no
6019,33,technician,married,high.school,no,yes,no,cellular,aug,wed,129.0,1,999,0,nonexistent,no
6020,34,admin.,single,university.degree,unknown,no,yes,cellular,aug,tue,285.0,3,999,0,nonexistent,no
6021,49,technician,married,professional.course,no,no,yes,cellular,jul,thu,70.0,2,999,0,nonexistent,no
6022,41,admin.,divorced,high.school,no,no,no,telephone,may,fri,556.0,1,999,0,nonexistent,no
6023,30,unemployed,divorced,high.school,no,no,no,cellular,jul,fri,167.0,3,999,0,nonexistent,no
6024,42,entrepreneur,married,high.school,no,yes,no,cellular,jul,mon,100.0,2,999,0,nonexistent,no
6025,39,technician,married,professional.course,no,no,no,telephone,may,thu,356.0,2,999,0,nonexistent,no
6026,46,blue-collar,married,basic.4y,no,no,no,cellular,aug,wed,131.0,2,999,0,nonexistent,no
6027,49,admin.,married,unknown,no,yes,no,telephone,nov,fri,29.0,9,999,0,nonexistent,no
6028,75,retired,married,basic.4y,no,no,no,cellular,aug,wed,248.0,2,6,3,success,yes
6029,41,admin.,married,high.school,no,no,no,cellular,nov,mon,297.0,1,999,1,failure,no
6030,42,blue-collar,married,basic.6y,no,no,no,telephone,may,wed,28.0,2,999,0,nonexistent,no
6031,42,services,single,high.school,no,yes,no,cellular,may,mon,36.0,2,999,0,nonexistent,no
6032,24,technician,single,university.degree,no,yes,no,cellular,may,fri,117.0,4,999,0,nonexistent,no
6033,42,admin.,married,high.school,no,yes,no,cellular,may,tue,111.0,1,999,0,nonexistent,no
6034,32,services,married,high.school,no,no,yes,telephone,may,fri,270.0,1,999,0,nonexistent,no
6035,36,blue-collar,married,basic.9y,unknown,yes,no,telephone,may,thu,744.0,6,999,0,nonexistent,no
6036,31,technician,married,professional.course,no,no,no,cellular,aug,fri,63.0,2,999,0,nonexistent,no
6037,52,blue-collar,married,basic.4y,unknown,no,no,cellular,aug,thu,82.0,1,999,0,nonexistent,no
6038,40,blue-collar,married,unknown,no,no,no,telephone,may,fri,338.0,4,999,0,nonexistent,no
6039,34,services,married,basic.9y,no,yes,yes,telephone,may,mon,437.0,2,999,1,failure,no
6040,32,management,married,university.degree,no,yes,yes,cellular,may,wed,36.0,9,999,1,failure,no
6041,41,services,married,high.school,no,no,no,cellular,may,thu,116.0,4,999,1,failure,no
6042,49,blue-collar,married,basic.4y,unknown,yes,no,telephone,may,thu,143.0,1,999,0,nonexistent,no
6043,44,services,married,high.school,no,yes,no,telephone,nov,wed,102.0,2,999,0,nonexistent,no
6044,44,management,married,basic.6y,no,yes,yes,cellular,mar,thu,218.0,1,999,0,nonexistent,no
6045,32,services,single,high.school,no,unknown,unknown,cellular,may,wed,363.0,1,999,1,failure,no
6046,34,blue-collar,married,basic.6y,unknown,yes,no,cellular,jul,tue,126.0,4,999,0,nonexistent,no
6047,44,entrepreneur,married,university.degree,unknown,no,yes,cellular,jul,thu,13.0,2,999,0,nonexistent,no
6048,37,blue-collar,divorced,basic.9y,unknown,yes,no,telephone,may,thu,219.0,3,999,0,nonexistent,no
6049,43,admin.,married,university.degree,no,no,no,telephone,jun,fri,1023.0,3,999,0,nonexistent,yes
6050,52,technician,single,professional.course,unknown,no,no,telephone,may,thu,223.0,4,999,0,nonexistent,no
6051,24,management,married,university.degree,no,unknown,unknown,cellular,jul,wed,530.0,2,999,0,nonexistent,no
6052,56,blue-collar,married,basic.9y,unknown,yes,no,cellular,jul,wed,125.0,1,999,0,nonexistent,no
6053,31,unemployed,divorced,university.degree,no,yes,yes,cellular,jul,wed,104.0,7,999,0,nonexistent,no
6054,38,entrepreneur,married,professional.course,no,yes,no,cellular,may,mon,583.0,6,2,4,success,yes
6055,35,technician,married,professional.course,no,yes,no,telephone,may,wed,205.0,3,999,0,nonexistent,no
6056,33,services,married,high.school,no,no,no,telephone,may,fri,73.0,4,999,0,nonexistent,no
6057,30,services,married,high.school,no,yes,yes,cellular,may,mon,296.0,1,999,0,nonexistent,no
6058,40,management,married,basic.6y,no,yes,no,cellular,apr,thu,77.0,1,999,1,failure,no
6059,36,technician,single,university.degree,unknown,no,no,telephone,may,fri,128.0,4,999,0,nonexistent,no
6060,30,technician,single,university.degree,no,no,yes,cellular,nov,thu,303.0,4,999,0,nonexistent,no
6061,39,management,married,university.degree,no,yes,yes,cellular,sep,tue,358.0,2,999,0,nonexistent,yes
6062,57,blue-collar,married,basic.9y,no,no,no,cellular,may,fri,199.0,2,999,0,nonexistent,no
6063,39,admin.,married,university.degree,no,no,no,cellular,nov,wed,117.0,2,999,0,nonexistent,no
6064,38,technician,single,professional.course,no,yes,no,cellular,nov,mon,68.0,1,999,0,nonexistent,no
6065,42,admin.,divorced,high.school,no,yes,no,telephone,nov,mon,124.0,1,999,0,nonexistent,no
6066,39,unemployed,married,basic.9y,unknown,no,no,cellular,nov,tue,149.0,1,999,1,failure,no
6067,32,blue-collar,married,basic.9y,no,yes,no,cellular,may,fri,34.0,11,999,0,nonexistent,no
6068,38,technician,single,professional.course,no,yes,no,cellular,sep,thu,386.0,2,6,1,success,yes
6069,44,admin.,married,high.school,no,yes,yes,cellular,aug,mon,64.0,1,999,0,nonexistent,no
6070,30,services,single,high.school,no,yes,no,cellular,jul,thu,70.0,6,999,0,nonexistent,no
6071,34,technician,single,professional.course,no,no,no,telephone,jun,thu,432.0,8,999,0,nonexistent,no
6072,35,blue-collar,married,high.school,no,yes,no,cellular,jul,mon,85.0,2,999,0,nonexistent,no
6073,57,services,divorced,high.school,no,no,no,telephone,may,fri,251.0,1,999,0,nonexistent,no
6074,35,technician,single,university.degree,no,yes,no,telephone,may,wed,294.0,1,999,0,nonexistent,no
6075,53,admin.,married,university.degree,no,no,no,cellular,aug,wed,184.0,3,999,0,nonexistent,no
6076,40,admin.,married,high.school,no,yes,yes,cellular,aug,wed,18.0,4,999,0,nonexistent,no
6077,55,services,married,high.school,unknown,yes,no,cellular,apr,fri,45.0,7,999,1,failure,no
6078,29,admin.,single,high.school,no,yes,no,cellular,jun,fri,213.0,2,999,0,nonexistent,no
6079,29,services,single,high.school,no,no,no,cellular,jul,fri,320.0,2,999,0,nonexistent,no
6080,42,admin.,single,university.degree,unknown,yes,yes,telephone,may,wed,62.0,3,999,0,nonexistent,no
6081,36,retired,married,high.school,no,yes,no,cellular,apr,thu,98.0,6,999,0,nonexistent,no
6082,31,management,married,university.degree,no,yes,yes,cellular,aug,mon,271.0,2,999,0,nonexistent,yes
6083,48,blue-collar,married,basic.9y,no,yes,no,telephone,may,tue,723.0,1,999,0,nonexistent,no
6084,36,services,married,high.school,unknown,yes,no,telephone,may,mon,395.0,3,999,0,nonexistent,no
6085,51,entrepreneur,married,basic.9y,no,no,no,cellular,aug,wed,135.0,1,999,0,nonexistent,no
6086,35,admin.,married,university.degree,no,no,yes,cellular,aug,thu,96.0,1,999,0,nonexistent,no
6087,32,blue-collar,married,basic.6y,unknown,yes,no,telephone,may,mon,205.0,3,999,0,nonexistent,no
6088,44,housemaid,married,high.school,unknown,no,no,telephone,may,fri,293.0,2,999,0,nonexistent,no
6089,28,services,married,high.school,no,yes,no,cellular,may,fri,237.0,4,999,0,nonexistent,no
6090,53,admin.,single,university.degree,no,yes,yes,telephone,nov,fri,212.0,3,999,1,failure,yes
6091,42,admin.,married,basic.9y,no,no,no,telephone,apr,mon,406.0,3,999,1,failure,no
6092,32,admin.,single,university.degree,unknown,yes,no,cellular,may,mon,157.0,4,999,1,failure,no
6093,35,management,married,university.degree,no,no,no,cellular,apr,thu,127.0,1,999,0,nonexistent,no
6094,29,admin.,single,high.school,no,yes,no,telephone,may,tue,1052.0,1,999,0,nonexistent,no
6095,30,admin.,married,university.degree,no,yes,no,telephone,may,fri,238.0,3,999,0,nonexistent,no
6096,37,admin.,married,high.school,no,no,yes,telephone,may,fri,851.0,2,999,0,nonexistent,no
6097,31,technician,single,professional.course,no,no,no,cellular,nov,tue,165.0,2,999,1,failure,no
6098,31,admin.,single,basic.9y,no,no,no,telephone,may,wed,80.0,1,999,1,failure,no
6099,29,unemployed,married,university.degree,no,yes,no,cellular,jul,thu,202.0,1,999,0,nonexistent,no
6100,29,technician,single,professional.course,no,yes,yes,cellular,aug,wed,162.0,3,999,0,nonexistent,no
6101,60,retired,married,high.school,no,no,no,cellular,aug,tue,123.0,1,4,1,success,no
6102,53,self-employed,married,university.degree,no,yes,no,cellular,aug,thu,171.0,1,999,0,nonexistent,no
6103,27,blue-collar,single,basic.9y,no,no,no,telephone,jun,wed,298.0,2,999,0,nonexistent,no
6104,55,blue-collar,divorced,basic.4y,unknown,no,no,cellular,may,wed,130.0,1,999,1,failure,no
6105,50,admin.,married,university.degree,no,no,no,cellular,jul,thu,356.0,1,999,0,nonexistent,yes
6106,25,services,divorced,high.school,no,no,no,telephone,may,fri,72.0,2,999,0,nonexistent,no
6107,38,technician,single,professional.course,no,yes,no,cellular,may,mon,428.0,2,999,0,nonexistent,no
6108,27,admin.,divorced,high.school,no,yes,no,cellular,may,mon,10.0,4,999,0,nonexistent,no
6109,57,blue-collar,married,high.school,no,yes,no,cellular,apr,tue,355.0,3,999,0,nonexistent,no
6110,26,blue-collar,single,high.school,unknown,no,no,cellular,may,mon,314.0,2,999,0,nonexistent,no
6111,36,blue-collar,married,basic.6y,unknown,yes,no,telephone,may,thu,12.0,2,999,0,nonexistent,no
6112,27,housemaid,married,basic.9y,unknown,yes,no,telephone,jun,tue,614.0,4,999,0,nonexistent,no
6113,44,technician,divorced,professional.course,no,yes,no,telephone,jun,mon,289.0,1,999,0,nonexistent,no
6114,27,unemployed,married,high.school,no,yes,yes,telephone,may,mon,470.0,1,999,0,nonexistent,no
6115,44,technician,single,professional.course,no,yes,no,cellular,aug,wed,112.0,1,999,0,nonexistent,no
6116,33,blue-collar,single,basic.9y,unknown,yes,yes,telephone,may,fri,97.0,1,999,0,nonexistent,no
6117,37,services,married,basic.9y,unknown,yes,no,telephone,may,wed,211.0,1,999,0,nonexistent,no
6118,35,blue-collar,married,basic.9y,unknown,yes,no,cellular,jul,wed,85.0,2,999,0,nonexistent,no
6119,41,blue-collar,married,basic.4y,no,no,no,telephone,may,fri,512.0,2,999,0,nonexistent,no
6120,44,admin.,married,university.degree,no,yes,no,cellular,sep,thu,331.0,1,999,0,nonexistent,yes
6121,37,admin.,married,professional.course,unknown,no,no,cellular,aug,mon,392.0,1,999,0,nonexistent,no
6122,47,management,married,high.school,no,no,no,cellular,aug,thu,3422.0,1,999,0,nonexistent,no
6123,54,blue-collar,divorced,basic.4y,no,no,no,telephone,may,mon,208.0,1,999,0,nonexistent,no
6124,24,management,single,university.degree,no,yes,no,telephone,may,thu,151.0,2,999,0,nonexistent,no
6125,34,unemployed,married,basic.4y,unknown,yes,no,cellular,nov,wed,98.0,1,999,1,failure,no
6126,20,student,single,high.school,no,yes,no,cellular,aug,tue,532.0,1,999,1,failure,yes
6127,55,blue-collar,married,basic.4y,no,no,no,cellular,nov,fri,227.0,2,999,0,nonexistent,yes
6128,29,admin.,single,high.school,no,no,no,telephone,may,fri,132.0,5,999,0,nonexistent,no
6129,50,blue-collar,married,professional.course,unknown,no,no,cellular,aug,tue,150.0,1,999,0,nonexistent,no
6130,52,admin.,married,high.school,no,yes,no,cellular,nov,wed,130.0,2,999,1,failure,no
6131,34,technician,married,professional.course,no,yes,no,cellular,nov,tue,333.0,1,999,0,nonexistent,no
6132,31,admin.,divorced,high.school,no,no,no,telephone,may,fri,267.0,4,999,0,nonexistent,no
6133,50,blue-collar,married,basic.4y,unknown,yes,no,cellular,jul,mon,122.0,2,999,0,nonexistent,no
6134,28,admin.,single,university.degree,no,no,no,telephone,may,mon,108.0,1,999,0,nonexistent,no
6135,44,admin.,married,university.degree,no,no,no,cellular,aug,tue,102.0,1,999,0,nonexistent,no
6136,26,blue-collar,single,professional.course,no,yes,no,cellular,jun,thu,77.0,2,999,0,nonexistent,no
6137,34,self-employed,single,university.degree,no,no,no,telephone,apr,tue,86.0,6,999,0,nonexistent,no
6138,39,technician,married,professional.course,no,no,no,telephone,may,tue,125.0,1,999,0,nonexistent,no
6139,30,admin.,single,university.degree,no,yes,no,cellular,jun,wed,244.0,2,999,0,nonexistent,yes
6140,54,blue-collar,married,basic.9y,unknown,yes,no,telephone,may,wed,166.0,1,999,0,nonexistent,no
6141,25,services,single,high.school,no,no,no,cellular,oct,mon,79.0,1,999,2,failure,no
6142,54,technician,married,professional.course,no,no,yes,telephone,may,tue,334.0,1,999,0,nonexistent,no
6143,33,blue-collar,single,basic.9y,no,no,no,telephone,may,wed,159.0,2,999,0,nonexistent,no
6144,39,technician,married,professional.course,no,unknown,unknown,telephone,may,wed,575.0,2,999,0,nonexistent,no
6145,35,blue-collar,married,high.school,unknown,yes,no,cellular,apr,mon,19.0,5,999,0,nonexistent,no
6146,40,admin.,married,high.school,no,no,no,cellular,jul,tue,305.0,1,999,0,nonexistent,no
6147,39,blue-collar,married,basic.9y,unknown,yes,yes,cellular,apr,wed,120.0,1,999,1,failure,no
6148,40,blue-collar,divorced,basic.9y,unknown,yes,no,cellular,jul,thu,41.0,1,999,0,nonexistent,no
6149,30,unemployed,married,basic.9y,no,yes,no,cellular,nov,thu,114.0,1,999,0,nonexistent,no
6150,49,unemployed,divorced,high.school,no,unknown,unknown,cellular,nov,thu,147.0,1,999,0,nonexistent,no
6151,34,admin.,single,university.degree,no,yes,no,cellular,aug,mon,103.0,4,999,0,nonexistent,no
6152,54,blue-collar,married,basic.9y,no,no,no,cellular,aug,wed,203.0,2,999,0,nonexistent,no
6153,30,blue-collar,single,high.school,no,yes,no,telephone,jul,thu,13.0,16,999,0,nonexistent,no
6154,35,,divorced,basic.9y,no,yes,no,cellular,jul,tue,130.0,1,999,0,nonexistent,no
6155,31,student,single,university.degree,no,yes,yes,cellular,apr,fri,183.0,1,6,2,success,yes
6156,49,blue-collar,married,basic.6y,no,yes,yes,cellular,aug,mon,280.0,3,999,0,nonexistent,no
6157,24,student,single,high.school,no,no,no,cellular,may,mon,557.0,1,999,0,nonexistent,no
6158,44,blue-collar,divorced,basic.4y,unknown,yes,no,telephone,may,wed,546.0,1,999,0,nonexistent,no
6159,53,admin.,married,professional.course,no,yes,no,telephone,may,tue,233.0,2,999,0,nonexistent,no
6160,28,student,single,university.degree,no,yes,no,cellular,may,thu,42.0,2,999,0,nonexistent,no
6161,57,admin.,married,university.degree,no,no,yes,telephone,may,mon,212.0,1,999,0,nonexistent,no
6162,35,unknown,single,basic.4y,unknown,yes,yes,telephone,may,mon,374.0,6,999,0,nonexistent,no
6163,39,blue-collar,married,basic.6y,no,no,no,telephone,may,thu,393.0,1,999,0,nonexistent,no
6164,50,housemaid,divorced,high.school,no,no,no,cellular,nov,wed,136.0,2,999,1,failure,no
6165,38,services,married,high.school,no,yes,no,cellular,jul,fri,47.0,1,999,0,nonexistent,no
6166,48,blue-collar,married,unknown,unknown,no,no,telephone,jun,mon,136.0,7,999,0,nonexistent,no
6167,34,admin.,married,university.degree,no,no,no,cellular,may,wed,89.0,4,999,1,failure,no
6168,48,blue-collar,married,basic.6y,no,no,no,telephone,may,fri,287.0,1,999,0,nonexistent,no
6169,42,blue-collar,single,basic.6y,unknown,yes,yes,cellular,jul,tue,85.0,1,999,0,nonexistent,no
6170,29,admin.,single,professional.course,no,yes,no,cellular,may,tue,788.0,2,999,0,nonexistent,no
6171,37,services,divorced,high.school,no,no,no,telephone,jul,tue,125.0,3,999,0,nonexistent,no
6172,56,services,divorced,high.school,unknown,yes,no,cellular,jul,mon,354.0,2,999,0,nonexistent,no
6173,55,technician,married,basic.9y,unknown,no,no,cellular,may,mon,180.0,1,999,0,nonexistent,no
6174,56,services,divorced,high.school,no,no,yes,telephone,jul,tue,150.0,1,999,0,nonexistent,no
6175,39,blue-collar,married,basic.6y,no,yes,no,cellular,may,tue,103.0,1,999,2,failure,no
6176,39,unemployed,married,high.school,no,no,yes,telephone,may,thu,135.0,1,999,0,nonexistent,no
6177,41,unemployed,divorced,university.degree,unknown,yes,no,cellular,aug,thu,122.0,1,999,0,nonexistent,no
6178,38,technician,married,university.degree,no,yes,no,cellular,may,tue,118.0,2,999,0,nonexistent,no
6179,35,admin.,married,high.school,no,no,no,cellular,jul,tue,100.0,11,999,0,nonexistent,no
6180,53,unknown,married,high.school,unknown,no,no,telephone,jun,wed,89.0,3,999,0,nonexistent,no
6181,54,blue-collar,married,basic.4y,no,no,no,cellular,sep,fri,49.0,2,999,1,failure,no
6182,52,technician,married,professional.course,no,no,yes,cellular,jul,fri,163.0,2,999,0,nonexistent,no
6183,48,unemployed,married,university.degree,no,no,no,cellular,jul,tue,277.0,2,999,0,nonexistent,no
6184,43,admin.,divorced,university.degree,no,no,no,cellular,jul,wed,281.0,1,999,0,nonexistent,no
6185,45,services,divorced,basic.9y,no,no,no,cellular,nov,wed,137.0,1,999,0,nonexistent,no
6186,78,retired,married,high.school,no,yes,no,cellular,may,mon,754.0,2,3,2,failure,no
6187,47,services,married,high.school,no,no,no,cellular,aug,fri,130.0,1,999,0,nonexistent,no
6188,32,management,single,university.degree,no,yes,no,cellular,nov,mon,80.0,1,999,0,nonexistent,no
6189,55,retired,married,basic.6y,unknown,no,no,telephone,may,tue,129.0,1,999,0,nonexistent,no
6190,53,retired,divorced,high.school,no,no,yes,telephone,may,thu,504.0,5,999,0,nonexistent,no
6191,25,admin.,single,high.school,no,yes,no,cellular,jul,thu,103.0,1,999,0,nonexistent,no
6192,39,technician,married,basic.9y,no,no,no,cellular,jul,mon,62.0,4,999,0,nonexistent,no
6193,32,technician,single,university.degree,no,no,no,cellular,aug,thu,64.0,1,999,0,nonexistent,no
6194,33,technician,single,high.school,no,yes,no,cellular,jul,fri,1422.0,2,999,0,nonexistent,yes
6195,31,admin.,married,university.degree,no,no,no,cellular,aug,tue,141.0,5,999,0,nonexistent,no
6196,39,blue-collar,married,basic.9y,no,yes,no,cellular,apr,fri,216.0,1,999,0,nonexistent,no
6197,35,blue-collar,married,basic.9y,unknown,yes,no,telephone,jun,thu,196.0,2,999,0,nonexistent,no
6198,33,technician,single,professional.course,no,yes,no,cellular,may,tue,377.0,1,999,1,failure,no
6199,28,management,single,university.degree,no,no,no,telephone,jun,wed,361.0,1,999,0,nonexistent,no
6200,28,admin.,single,high.school,no,no,yes,cellular,jul,mon,157.0,3,999,0,nonexistent,no
6201,34,technician,married,professional.course,no,yes,no,cellular,jul,wed,58.0,1,999,0,nonexistent,no
6202,29,technician,single,professional.course,no,yes,yes,cellular,aug,tue,110.0,1,999,0,nonexistent,no
6203,55,blue-collar,married,basic.4y,no,yes,no,cellular,aug,thu,100.0,1,999,0,nonexistent,no
6204,40,services,married,basic.9y,unknown,no,no,telephone,may,thu,13.0,2,999,0,nonexistent,no
6205,38,services,divorced,basic.6y,no,unknown,unknown,cellular,may,tue,351.0,1,999,0,nonexistent,no
6206,32,self-employed,married,basic.9y,no,yes,no,cellular,may,thu,374.0,2,999,0,nonexistent,no
6207,38,technician,divorced,high.school,no,yes,no,cellular,aug,mon,384.0,3,999,0,nonexistent,yes
6208,40,admin.,single,unknown,unknown,yes,no,telephone,may,wed,30.0,12,999,0,nonexistent,no
6209,58,retired,married,professional.course,no,no,no,cellular,nov,mon,318.0,1,999,0,nonexistent,no
6210,39,technician,single,professional.course,no,no,yes,cellular,jul,mon,452.0,4,999,0,nonexistent,no
6211,43,services,married,high.school,no,no,no,cellular,jul,mon,710.0,1,999,0,nonexistent,yes
6212,39,technician,single,professional.course,unknown,yes,no,cellular,may,fri,264.0,1,999,0,nonexistent,no
6213,38,blue-collar,married,basic.6y,unknown,no,no,telephone,may,mon,85.0,1,999,0,nonexistent,no
6214,28,technician,single,professional.course,no,yes,no,cellular,may,wed,244.0,1,999,1,failure,no
6215,50,blue-collar,married,basic.9y,no,yes,yes,cellular,aug,thu,46.0,5,999,0,nonexistent,no
6216,35,blue-collar,married,basic.9y,unknown,yes,yes,cellular,jul,fri,170.0,1,999,0,nonexistent,no
6217,34,technician,married,professional.course,no,yes,no,cellular,aug,fri,80.0,1,999,0,nonexistent,no
6218,29,technician,married,professional.course,no,no,no,telephone,may,tue,492.0,2,999,0,nonexistent,no
6219,31,admin.,single,university.degree,no,yes,no,cellular,aug,fri,118.0,2,999,0,nonexistent,no
6220,41,technician,married,professional.course,no,unknown,unknown,cellular,jun,tue,318.0,1,4,3,success,yes
6221,31,services,married,high.school,no,unknown,unknown,cellular,may,thu,582.0,2,999,1,failure,no
6222,21,student,single,high.school,no,yes,no,cellular,apr,mon,110.0,3,999,0,nonexistent,no
6223,56,retired,married,university.degree,no,no,no,cellular,nov,wed,232.0,1,3,1,success,yes
6224,45,services,married,high.school,no,yes,no,telephone,may,tue,869.0,2,999,0,nonexistent,no
6225,50,self-employed,married,basic.4y,unknown,yes,no,telephone,jun,fri,313.0,1,999,0,nonexistent,no
6226,26,student,single,university.degree,unknown,no,no,cellular,jun,wed,78.0,2,999,1,failure,no
6227,34,technician,married,professional.course,no,yes,no,cellular,apr,fri,171.0,2,999,0,nonexistent,no
6228,52,admin.,divorced,university.degree,unknown,no,no,cellular,jul,tue,,1,999,0,nonexistent,no
6229,43,technician,married,unknown,no,yes,no,telephone,may,tue,324.0,2,999,0,nonexistent,no
6230,46,services,married,unknown,no,yes,yes,cellular,aug,fri,147.0,1,999,0,nonexistent,no
6231,47,technician,single,professional.course,no,yes,no,cellular,jul,mon,365.0,3,999,0,nonexistent,yes
6232,36,technician,married,professional.course,no,yes,no,cellular,aug,fri,197.0,1,999,0,nonexistent,no
6233,51,retired,divorced,high.school,no,no,no,cellular,jul,wed,115.0,3,999,0,nonexistent,yes
6234,37,services,single,high.school,no,yes,no,cellular,apr,wed,165.0,1,999,0,nonexistent,yes
6235,39,technician,married,professional.course,no,yes,no,cellular,jul,wed,231.0,2,999,0,nonexistent,no
6236,33,technician,married,high.school,unknown,yes,no,telephone,jun,mon,119.0,2,999,0,nonexistent,no
6237,35,blue-collar,single,basic.6y,no,yes,no,telephone,may,wed,198.0,3,999,0,nonexistent,no
6238,30,technician,married,professional.course,no,yes,no,cellular,oct,mon,253.0,1,9,2,success,yes
6239,55,services,married,basic.6y,unknown,yes,no,cellular,jul,tue,326.0,6,999,0,nonexistent,no
6240,45,self-employed,married,university.degree,no,yes,no,cellular,may,thu,171.0,4,999,0,nonexistent,no
6241,46,self-employed,divorced,basic.9y,unknown,unknown,unknown,cellular,nov,thu,125.0,1,999,1,failure,no
6242,45,admin.,married,unknown,no,no,no,cellular,jun,fri,438.0,2,999,0,nonexistent,yes
6243,57,blue-collar,married,basic.4y,unknown,yes,no,telephone,may,thu,1051.0,3,999,0,nonexistent,no
6244,49,blue-collar,married,basic.9y,unknown,no,no,cellular,jul,thu,134.0,1,999,0,nonexistent,no
6245,30,management,married,university.degree,no,yes,no,cellular,mar,mon,106.0,3,999,0,nonexistent,no
6246,48,admin.,married,university.degree,no,no,no,telephone,may,fri,76.0,9,999,0,nonexistent,no
6247,36,admin.,married,high.school,no,no,no,cellular,nov,tue,141.0,2,999,0,nonexistent,no
6248,39,management,divorced,university.degree,unknown,no,no,telephone,jun,thu,91.0,2,999,0,nonexistent,no
6249,39,blue-collar,married,basic.6y,unknown,yes,no,telephone,jun,thu,453.0,1,999,0,nonexistent,no
6250,52,technician,married,basic.9y,no,yes,yes,cellular,nov,wed,323.0,2,999,0,nonexistent,no
6251,42,blue-collar,married,unknown,no,yes,no,cellular,apr,fri,496.0,3,999,0,nonexistent,no
6252,51,services,married,basic.6y,no,no,no,cellular,apr,thu,407.0,1,2,1,success,yes
6253,56,blue-collar,married,basic.4y,no,no,no,telephone,may,mon,136.0,1,999,0,nonexistent,no
6254,34,management,married,university.degree,no,no,no,cellular,nov,wed,363.0,2,999,0,nonexistent,no
6255,40,blue-collar,married,high.school,no,yes,no,telephone,may,thu,183.0,1,999,0,nonexistent,no
6256,59,blue-collar,married,basic.4y,no,no,no,telephone,may,fri,159.0,1,999,0,nonexistent,no
6257,51,self-employed,married,university.degree,unknown,no,no,cellular,nov,fri,46.0,4,999,1,failure,no
6258,50,unknown,married,unknown,unknown,yes,no,telephone,jul,tue,237.0,1,999,0,nonexistent,no
6259,35,admin.,married,high.school,no,yes,no,cellular,mar,thu,117.0,2,999,0,nonexistent,yes
6260,44,self-employed,married,university.degree,no,no,no,cellular,jun,tue,234.0,2,3,1,success,yes
6261,41,technician,divorced,university.degree,no,yes,no,cellular,aug,thu,95.0,1,999,0,nonexistent,no
6262,39,blue-collar,married,basic.9y,unknown,unknown,unknown,telephone,may,fri,143.0,4,999,0,nonexistent,no
6263,35,technician,married,basic.6y,no,no,no,telephone,may,wed,104.0,2,999,0,nonexistent,no
6264,77,retired,married,basic.4y,no,no,no,cellular,aug,thu,318.0,1,9,4,failure,yes
6265,82,retired,married,university.degree,no,yes,no,cellular,oct,tue,526.0,1,999,0,nonexistent,no
6266,47,technician,married,high.school,no,no,no,cellular,aug,tue,73.0,9,999,0,nonexistent,no
6267,23,admin.,single,high.school,no,no,no,cellular,may,thu,67.0,3,999,0,nonexistent,no
6268,57,retired,divorced,university.degree,no,no,no,cellular,may,mon,46.0,6,999,1,failure,no
6269,39,admin.,single,university.degree,no,yes,no,cellular,aug,tue,104.0,1,999,0,nonexistent,no
6270,30,admin.,married,unknown,no,no,no,cellular,jul,mon,246.0,3,999,0,nonexistent,no
6271,64,retired,married,basic.9y,no,yes,no,cellular,aug,mon,79.0,2,3,1,success,no
6272,42,services,married,high.school,no,yes,no,telephone,jun,fri,174.0,1,999,0,nonexistent,no
6273,38,entrepreneur,married,professional.course,no,yes,no,cellular,nov,wed,388.0,3,999,0,nonexistent,no
6274,33,admin.,single,university.degree,no,no,no,cellular,nov,thu,986.0,6,999,0,nonexistent,no
6275,45,management,married,university.degree,no,no,no,telephone,may,fri,381.0,2,999,0,nonexistent,no
6276,38,technician,single,high.school,no,no,no,cellular,aug,wed,74.0,2,999,0,nonexistent,no
6277,46,admin.,single,university.degree,no,unknown,unknown,telephone,may,wed,74.0,1,999,0,nonexistent,no
6278,40,blue-collar,married,basic.6y,unknown,yes,no,telephone,may,mon,153.0,1,999,0,nonexistent,no
6279,36,blue-collar,married,basic.6y,unknown,yes,no,cellular,jul,mon,214.0,2,999,0,nonexistent,no
6280,36,services,married,high.school,no,yes,no,telephone,oct,thu,41.0,1,999,0,nonexistent,no
6281,31,blue-collar,married,high.school,no,yes,no,cellular,may,wed,207.0,1,999,1,failure,no
6282,56,services,married,basic.4y,no,yes,yes,cellular,apr,mon,15.0,1,999,0,nonexistent,no
6283,60,management,married,university.degree,unknown,yes,no,telephone,may,thu,152.0,2,999,0,nonexistent,no
6284,50,blue-collar,married,basic.9y,unknown,yes,no,cellular,jul,tue,215.0,3,999,0,nonexistent,no
6285,53,admin.,married,university.degree,no,yes,no,cellular,aug,mon,267.0,1,999,1,failure,yes
6286,52,admin.,divorced,university.degree,no,no,no,telephone,may,tue,136.0,2,999,0,nonexistent,no
6287,36,entrepreneur,married,basic.9y,no,no,no,cellular,may,mon,104.0,3,999,0,nonexistent,no
6288,33,technician,married,professional.course,no,yes,no,cellular,aug,mon,417.0,2,999,0,nonexistent,no
6289,39,management,married,university.degree,no,yes,no,cellular,may,thu,162.0,1,999,0,nonexistent,no
6290,38,blue-collar,married,basic.4y,no,yes,no,cellular,may,wed,100.0,1,999,0,nonexistent,no
6291,47,admin.,married,basic.9y,no,yes,no,telephone,may,thu,146.0,1,999,0,nonexistent,no
6292,30,technician,single,professional.course,no,yes,no,cellular,aug,thu,121.0,1,999,0,nonexistent,no
6293,56,admin.,married,basic.9y,no,yes,no,cellular,oct,tue,1573.0,2,999,1,failure,no
6294,34,unemployed,single,university.degree,no,yes,no,cellular,jun,tue,167.0,2,999,0,nonexistent,yes
6295,54,blue-collar,married,unknown,unknown,yes,yes,cellular,aug,fri,150.0,1,999,0,nonexistent,no
6296,34,blue-collar,married,basic.6y,unknown,no,no,cellular,jul,wed,727.0,3,999,0,nonexistent,yes
6297,35,admin.,single,university.degree,no,no,no,telephone,may,mon,209.0,2,999,0,nonexistent,no
6298,53,management,married,university.degree,no,yes,no,cellular,apr,fri,111.0,2,999,0,nonexistent,no
6299,33,technician,married,high.school,no,no,no,cellular,aug,fri,108.0,1,999,0,nonexistent,no
6300,45,technician,married,university.degree,unknown,yes,no,telephone,may,tue,122.0,1,999,0,nonexistent,no
6301,50,blue-collar,married,basic.9y,unknown,yes,no,cellular,apr,thu,1285.0,2,999,1,failure,no
6302,36,retired,married,unknown,no,no,no,telephone,jul,thu,88.0,1,999,0,nonexistent,no
6303,41,housemaid,married,high.school,no,no,no,telephone,may,fri,206.0,2,999,0,nonexistent,no
6304,38,technician,divorced,high.school,no,yes,no,telephone,nov,wed,137.0,4,999,1,failure,no
6305,40,blue-collar,married,high.school,no,no,no,cellular,jul,wed,319.0,1,999,0,nonexistent,no
6306,52,self-employed,married,university.degree,unknown,yes,yes,telephone,jun,mon,106.0,1,999,0,nonexistent,no
6307,70,retired,married,basic.4y,no,yes,no,cellular,may,thu,331.0,1,3,2,success,yes
6308,34,services,married,high.school,unknown,no,no,telephone,may,tue,1313.0,2,999,0,nonexistent,no
6309,50,admin.,married,high.school,no,no,no,telephone,may,wed,260.0,5,999,0,nonexistent,no
6310,26,unemployed,single,professional.course,no,no,no,telephone,may,thu,7.0,7,999,0,nonexistent,no
6311,29,blue-collar,married,basic.4y,no,yes,yes,cellular,jul,mon,472.0,1,999,0,nonexistent,no
6312,31,services,divorced,high.school,no,yes,yes,cellular,nov,mon,90.0,1,999,0,nonexistent,no
6313,33,blue-collar,single,basic.4y,no,no,yes,cellular,may,fri,328.0,2,999,1,failure,no
6314,29,admin.,single,university.degree,no,yes,no,cellular,nov,mon,183.0,1,999,0,nonexistent,no
6315,29,admin.,married,high.school,no,no,no,cellular,jun,wed,200.0,1,999,0,nonexistent,yes
6316,29,services,single,high.school,unknown,no,no,telephone,jun,mon,123.0,2,999,0,nonexistent,no
6317,58,admin.,married,high.school,no,yes,no,cellular,jul,thu,214.0,4,999,2,failure,no
6318,48,services,divorced,high.school,unknown,no,no,cellular,apr,thu,235.0,2,999,1,failure,no
6319,30,technician,single,high.school,no,yes,no,telephone,may,wed,83.0,5,999,0,nonexistent,no
6320,42,blue-collar,married,basic.4y,unknown,yes,no,telephone,may,mon,528.0,1,999,0,nonexistent,no
6321,57,services,divorced,high.school,unknown,no,no,telephone,jun,fri,53.0,2,999,0,nonexistent,no
6322,27,services,married,basic.9y,no,yes,no,cellular,may,mon,220.0,2,999,0,nonexistent,no
6323,41,technician,married,university.degree,no,yes,no,cellular,aug,tue,27.0,3,999,0,nonexistent,no
6324,36,admin.,divorced,high.school,no,yes,no,cellular,apr,fri,117.0,1,999,0,nonexistent,no
6325,33,admin.,married,high.school,no,no,no,telephone,may,wed,143.0,1,999,0,nonexistent,no
6326,34,admin.,single,high.school,no,yes,no,cellular,jul,wed,271.0,2,999,0,nonexistent,no
6327,49,admin.,married,high.school,no,yes,no,cellular,aug,fri,183.0,1,999,0,nonexistent,no
6328,53,management,married,university.degree,no,yes,no,cellular,aug,tue,1133.0,3,999,0,nonexistent,yes
6329,37,technician,married,basic.9y,no,no,no,telephone,jun,mon,226.0,1,999,0,nonexistent,no
6330,53,unemployed,single,basic.9y,no,no,no,cellular,nov,fri,125.0,2,999,0,nonexistent,no
6331,36,unemployed,divorced,high.school,no,yes,yes,cellular,nov,mon,68.0,1,999,1,failure,no
6332,42,retired,married,basic.9y,unknown,no,no,telephone,jun,fri,42.0,1,999,0,nonexistent,no
6333,58,blue-collar,unknown,basic.9y,unknown,no,no,telephone,jun,fri,180.0,6,999,0,nonexistent,no
6334,25,services,married,high.school,no,yes,no,cellular,jul,fri,164.0,1,999,0,nonexistent,no
6335,41,blue-collar,married,basic.4y,no,no,no,telephone,may,fri,43.0,2,999,0,nonexistent,no
6336,50,management,single,university.degree,no,no,no,telephone,jun,tue,255.0,1,999,0,nonexistent,no
6337,31,unemployed,single,university.degree,no,yes,no,cellular,aug,tue,77.0,2,999,0,nonexistent,no
6338,34,admin.,single,university.degree,no,yes,no,cellular,aug,thu,419.0,3,999,0,nonexistent,no
6339,46,blue-collar,married,basic.9y,no,no,no,cellular,aug,mon,488.0,2,999,0,nonexistent,no
6340,34,services,married,high.school,no,no,no,cellular,may,wed,215.0,2,999,2,failure,no
6341,38,admin.,married,university.degree,no,yes,no,cellular,aug,mon,1070.0,1,999,0,nonexistent,yes
6342,57,retired,married,university.degree,no,no,no,cellular,aug,mon,497.0,2,999,1,failure,no
6343,47,technician,married,university.degree,no,yes,no,cellular,aug,wed,206.0,2,999,0,nonexistent,no
6344,46,entrepreneur,married,university.degree,unknown,yes,no,telephone,jun,thu,563.0,2,999,0,nonexistent,no
6345,54,retired,married,basic.4y,no,no,no,cellular,nov,fri,18.0,1,999,0,nonexistent,no
6346,27,admin.,single,university.degree,no,yes,no,cellular,jun,fri,266.0,2,999,1,failure,yes
6347,58,technician,married,professional.course,no,no,yes,telephone,jul,mon,76.0,18,999,0,nonexistent,no
6348,36,technician,married,university.degree,no,no,no,telephone,jun,tue,107.0,4,999,0,nonexistent,no
6349,35,admin.,married,high.school,no,yes,yes,telephone,jun,fri,14.0,9,999,0,nonexistent,no
6350,42,admin.,single,high.school,no,yes,no,cellular,aug,wed,138.0,1,999,0,nonexistent,no
6351,28,admin.,single,professional.course,no,no,no,telephone,may,thu,462.0,1,999,0,nonexistent,no
6352,57,admin.,married,university.degree,no,no,no,cellular,jul,mon,230.0,1,999,0,nonexistent,no
6353,35,admin.,married,university.degree,no,yes,no,cellular,aug,wed,768.0,2,999,2,failure,yes
6354,46,technician,divorced,professional.course,no,yes,no,cellular,jul,tue,513.0,5,999,0,nonexistent,no
6355,30,admin.,married,university.degree,no,yes,yes,cellular,aug,wed,112.0,6,999,0,nonexistent,no
6356,43,blue-collar,married,basic.6y,no,no,yes,cellular,may,fri,67.0,3,999,0,nonexistent,no
6357,59,unknown,married,unknown,no,yes,no,cellular,may,mon,399.0,2,999,0,nonexistent,no
6358,33,admin.,married,high.school,no,yes,no,telephone,may,thu,672.0,3,999,0,nonexistent,no
6359,38,technician,single,professional.course,no,no,no,cellular,jul,tue,815.0,4,999,0,nonexistent,yes
6360,58,retired,married,university.degree,no,yes,no,telephone,may,mon,101.0,2,999,0,nonexistent,no
6361,39,admin.,married,professional.course,no,yes,yes,cellular,aug,fri,112.0,3,999,0,nonexistent,no
6362,39,services,married,high.school,no,no,no,telephone,may,wed,178.0,1,999,0,nonexistent,no
6363,60,retired,married,university.degree,unknown,yes,no,cellular,aug,mon,174.0,1,999,0,nonexistent,no
6364,36,admin.,married,university.degree,unknown,yes,no,cellular,aug,tue,181.0,3,999,0,nonexistent,no
6365,42,admin.,married,university.degree,unknown,no,no,telephone,may,tue,258.0,1,999,0,nonexistent,no
6366,47,admin.,divorced,university.degree,no,no,no,telephone,jun,wed,121.0,4,999,0,nonexistent,no
6367,37,blue-collar,single,basic.4y,unknown,yes,yes,telephone,jun,thu,270.0,2,999,0,nonexistent,no
6368,36,admin.,divorced,university.degree,unknown,yes,yes,cellular,jul,wed,123.0,1,999,0,nonexistent,no
6369,24,student,single,high.school,no,yes,no,cellular,may,tue,153.0,2,6,2,success,yes
6370,62,retired,married,university.degree,no,yes,no,cellular,sep,wed,105.0,3,999,1,failure,no
6371,51,blue-collar,married,basic.4y,unknown,yes,no,telephone,may,mon,792.0,4,999,0,nonexistent,no
6372,52,services,married,basic.6y,no,yes,no,cellular,nov,thu,283.0,2,999,0,nonexistent,no
6373,33,admin.,married,university.degree,no,yes,yes,cellular,may,mon,312.0,2,999,0,nonexistent,no
6374,36,entrepreneur,married,university.degree,unknown,unknown,unknown,telephone,jun,fri,217.0,2,999,0,nonexistent,no
6375,26,blue-collar,single,basic.9y,no,yes,no,cellular,jul,tue,56.0,3,999,0,nonexistent,no
6376,59,self-employed,married,university.degree,no,no,no,cellular,dec,mon,193.0,1,999,1,failure,no
6377,46,blue-collar,married,basic.4y,unknown,yes,no,cellular,aug,tue,978.0,1,999,0,nonexistent,yes
6378,56,unknown,married,basic.4y,no,yes,no,cellular,oct,tue,172.0,1,999,0,nonexistent,no
6379,53,blue-collar,divorced,basic.4y,unknown,no,no,telephone,jun,fri,63.0,3,999,0,nonexistent,no
6380,48,services,divorced,high.school,no,yes,no,cellular,apr,mon,90.0,3,999,1,failure,no
6381,51,blue-collar,married,basic.6y,unknown,yes,yes,telephone,may,thu,88.0,2,999,0,nonexistent,no
6382,49,blue-collar,single,basic.4y,unknown,no,no,cellular,jul,wed,121.0,1,999,0,nonexistent,no
6383,45,services,single,unknown,no,yes,no,cellular,apr,fri,164.0,4,999,0,nonexistent,yes
6384,25,admin.,single,university.degree,no,no,no,cellular,dec,fri,1139.0,2,4,1,success,no
6385,32,services,married,high.school,no,no,yes,cellular,apr,fri,340.0,2,999,0,nonexistent,no
6386,51,blue-collar,married,basic.4y,unknown,yes,no,cellular,jul,mon,301.0,6,999,0,nonexistent,no
6387,35,blue-collar,married,unknown,no,no,no,cellular,may,thu,446.0,1,999,1,failure,no
6388,48,self-employed,married,university.degree,unknown,no,no,telephone,may,tue,138.0,8,999,0,nonexistent,no
6389,35,technician,married,professional.course,no,yes,no,cellular,may,wed,156.0,1,999,0,nonexistent,no
6390,34,blue-collar,married,basic.9y,unknown,no,yes,cellular,jul,fri,196.0,2,999,0,nonexistent,no
6391,34,admin.,married,high.school,no,no,no,cellular,nov,tue,201.0,3,999,1,failure,no
6392,35,entrepreneur,married,university.degree,no,yes,no,cellular,aug,thu,51.0,3,999,0,nonexistent,no
6393,50,services,married,basic.6y,no,no,no,telephone,may,tue,377.0,1,999,0,nonexistent,no
6394,41,admin.,divorced,high.school,no,no,no,telephone,may,mon,177.0,4,999,0,nonexistent,no
6395,46,services,married,high.school,unknown,no,no,telephone,may,thu,79.0,2,999,0,nonexistent,no
6396,48,management,married,university.degree,unknown,yes,no,telephone,may,tue,289.0,1,999,0,nonexistent,no
6397,29,blue-collar,single,basic.9y,no,yes,no,cellular,may,fri,372.0,2,12,1,success,no
6398,32,admin.,single,high.school,no,yes,no,cellular,nov,thu,141.0,4,999,0,nonexistent,no
6399,44,technician,married,high.school,no,no,no,telephone,jun,mon,,3,999,0,nonexistent,no
6400,59,retired,married,unknown,unknown,no,no,telephone,may,mon,188.0,1,999,0,nonexistent,no
6401,58,retired,married,basic.9y,no,no,yes,cellular,may,wed,144.0,1,999,0,nonexistent,no
6402,35,technician,married,university.degree,no,yes,no,cellular,oct,wed,68.0,1,999,0,nonexistent,no
6403,52,admin.,divorced,high.school,no,no,no,cellular,jul,fri,87.0,5,999,0,nonexistent,no
6404,29,technician,single,professional.course,no,no,no,cellular,aug,mon,165.0,2,999,0,nonexistent,no
6405,41,technician,married,professional.course,unknown,yes,no,telephone,jun,wed,649.0,3,999,0,nonexistent,yes
6406,37,self-employed,married,university.degree,no,yes,no,cellular,may,fri,279.0,1,999,0,nonexistent,no
6407,40,self-employed,married,basic.4y,unknown,no,no,telephone,jun,fri,420.0,1,999,0,nonexistent,no
6408,46,blue-collar,married,professional.course,unknown,no,no,telephone,jun,wed,1138.0,1,999,0,nonexistent,no
6409,34,management,married,university.degree,no,no,no,telephone,jun,thu,221.0,1,999,0,nonexistent,no
6410,41,technician,single,university.degree,no,yes,no,cellular,aug,thu,127.0,1,999,0,nonexistent,no
6411,43,admin.,married,university.degree,no,yes,yes,cellular,aug,thu,398.0,1,999,0,nonexistent,no
6412,47,entrepreneur,married,university.degree,no,yes,no,cellular,aug,tue,641.0,2,999,0,nonexistent,yes
6413,35,admin.,married,high.school,no,yes,no,cellular,may,mon,226.0,1,999,0,nonexistent,yes
6414,41,technician,married,professional.course,no,no,no,cellular,aug,mon,157.0,3,999,0,nonexistent,no
6415,32,services,married,high.school,no,yes,no,cellular,nov,thu,282.0,2,999,0,nonexistent,no
6416,41,technician,married,university.degree,no,yes,yes,cellular,aug,tue,124.0,1,999,0,nonexistent,no
6417,42,technician,divorced,professional.course,no,yes,no,cellular,apr,fri,93.0,2,999,0,nonexistent,no
6418,54,blue-collar,married,basic.4y,no,unknown,unknown,cellular,aug,mon,320.0,6,999,0,nonexistent,no
6419,36,services,married,high.school,no,no,no,telephone,may,tue,445.0,2,999,0,nonexistent,no
6420,47,technician,single,professional.course,unknown,no,no,telephone,jun,tue,126.0,1,999,0,nonexistent,no
6421,29,admin.,single,high.school,no,yes,no,cellular,may,wed,443.0,7,999,1,failure,yes
6422,30,admin.,married,university.degree,no,yes,no,cellular,jul,fri,799.0,2,999,0,nonexistent,yes
6423,41,admin.,married,basic.9y,unknown,no,no,cellular,jul,fri,823.0,3,999,0,nonexistent,no
6424,32,technician,married,high.school,no,no,no,cellular,may,fri,428.0,3,999,0,nonexistent,no
6425,39,housemaid,single,university.degree,unknown,no,no,telephone,jul,tue,39.0,9,999,0,nonexistent,no
6426,27,student,single,university.degree,no,yes,no,telephone,may,mon,104.0,1,999,0,nonexistent,no
6427,40,services,married,high.school,no,no,yes,telephone,may,fri,762.0,3,999,0,nonexistent,yes
6428,36,services,divorced,professional.course,no,yes,no,telephone,jul,tue,261.0,12,999,0,nonexistent,no
6429,60,retired,married,basic.6y,no,unknown,unknown,cellular,jun,fri,110.0,2,999,0,nonexistent,no
6430,21,blue-collar,single,basic.9y,no,no,no,cellular,may,mon,154.0,1,999,0,nonexistent,no
6431,33,entrepreneur,single,university.degree,no,yes,no,cellular,nov,tue,435.0,4,999,0,nonexistent,no
6432,39,services,married,high.school,no,yes,no,cellular,may,mon,198.0,1,999,0,nonexistent,no
6433,31,blue-collar,single,professional.course,no,yes,no,cellular,may,thu,60.0,5,999,1,failure,no
6434,38,admin.,married,university.degree,no,yes,no,cellular,aug,thu,191.0,3,999,0,nonexistent,no
6435,34,technician,married,university.degree,no,yes,no,telephone,may,wed,396.0,1,999,0,nonexistent,no
6436,49,services,married,high.school,unknown,yes,yes,telephone,may,fri,178.0,1,999,0,nonexistent,no
6437,24,student,married,university.degree,no,no,no,cellular,jul,tue,114.0,1,999,0,nonexistent,no
6438,31,admin.,divorced,university.degree,no,yes,yes,cellular,aug,tue,134.0,1,999,0,nonexistent,no
6439,33,admin.,single,high.school,no,yes,no,cellular,may,wed,135.0,1,999,1,failure,no
6440,51,admin.,married,high.school,no,yes,no,cellular,nov,wed,121.0,3,999,0,nonexistent,no
6441,36,admin.,married,university.degree,no,yes,no,telephone,jun,tue,120.0,11,999,0,nonexistent,no
6442,27,services,married,basic.9y,no,yes,yes,cellular,may,mon,304.0,1,999,1,failure,no
6443,38,entrepreneur,married,professional.course,no,yes,yes,cellular,jun,tue,262.0,2,999,1,failure,no
6444,45,housemaid,divorced,basic.4y,unknown,no,no,cellular,jul,fri,420.0,1,999,0,nonexistent,yes
6445,40,management,single,university.degree,no,yes,no,cellular,may,fri,52.0,1,999,0,nonexistent,no
6446,60,retired,married,professional.course,no,no,no,telephone,sep,fri,618.0,1,999,1,failure,no
6447,48,services,married,basic.4y,unknown,no,no,cellular,aug,thu,118.0,2,999,0,nonexistent,no
6448,27,technician,single,university.degree,no,no,no,cellular,aug,thu,103.0,1,4,1,success,no
6449,54,admin.,married,university.degree,unknown,yes,no,telephone,jun,wed,79.0,10,999,0,nonexistent,no
6450,29,admin.,single,university.degree,unknown,yes,no,cellular,aug,thu,158.0,1,999,0,nonexistent,no
6451,36,technician,married,professional.course,no,no,yes,telephone,may,tue,95.0,1,999,0,nonexistent,no
6452,39,admin.,single,university.degree,no,yes,no,cellular,jul,wed,150.0,1,999,0,nonexistent,no
6453,45,blue-collar,married,basic.6y,no,yes,yes,cellular,aug,thu,425.0,2,999,0,nonexistent,no
6454,21,services,single,high.school,no,no,no,cellular,may,tue,68.0,1,999,1,failure,no
6455,36,self-employed,divorced,basic.4y,no,yes,no,telephone,jun,thu,174.0,1,999,0,nonexistent,no
6456,39,admin.,married,university.degree,no,yes,no,telephone,nov,thu,442.0,4,999,0,nonexistent,no
6457,53,admin.,married,high.school,no,no,no,cellular,aug,wed,245.0,1,999,0,nonexistent,no
6458,33,blue-collar,married,basic.4y,no,yes,no,telephone,jun,wed,313.0,2,999,0,nonexistent,no
6459,29,admin.,married,university.degree,no,yes,no,cellular,aug,mon,72.0,1,999,0,nonexistent,no
6460,26,blue-collar,married,professional.course,no,no,no,cellular,may,thu,1071.0,2,999,0,nonexistent,yes
6461,51,management,married,basic.4y,no,yes,no,cellular,jul,thu,47.0,2,999,0,nonexistent,no
6462,44,blue-collar,married,basic.9y,unknown,yes,no,cellular,jul,thu,101.0,1,999,0,nonexistent,no
6463,43,admin.,married,university.degree,no,no,no,telephone,may,wed,68.0,1,999,0,nonexistent,no
6464,37,technician,single,high.school,no,yes,no,telephone,apr,thu,201.0,1,999,0,nonexistent,no
6465,46,admin.,single,university.degree,no,no,no,telephone,jun,thu,57.0,6,999,0,nonexistent,no
6466,39,technician,single,basic.6y,unknown,no,no,telephone,may,wed,362.0,1,999,0,nonexistent,no
6467,53,housemaid,married,unknown,no,yes,no,cellular,nov,thu,65.0,2,999,0,nonexistent,no
6468,44,admin.,married,university.degree,no,no,no,telephone,jun,fri,8.0,10,999,0,nonexistent,no
6469,45,services,single,basic.9y,unknown,no,yes,cellular,jul,mon,236.0,1,999,0,nonexistent,no
6470,36,admin.,married,university.degree,no,yes,yes,telephone,may,thu,238.0,3,999,0,nonexistent,no
6471,43,technician,married,professional.course,unknown,no,no,cellular,aug,mon,67.0,4,999,0,nonexistent,no
6472,36,blue-collar,married,basic.6y,no,yes,yes,cellular,may,tue,333.0,2,999,0,nonexistent,no
6473,28,student,single,high.school,no,no,no,cellular,sep,fri,555.0,2,999,0,nonexistent,yes
6474,36,blue-collar,married,basic.9y,no,no,no,telephone,jun,wed,244.0,2,999,0,nonexistent,no
6475,26,admin.,single,high.school,unknown,no,no,cellular,may,thu,136.0,3,999,0,nonexistent,no
6476,65,retired,married,high.school,no,no,no,cellular,aug,mon,80.0,1,999,1,failure,no
6477,58,retired,divorced,university.degree,no,yes,no,cellular,apr,wed,282.0,2,999,0,nonexistent,yes
6478,34,blue-collar,married,basic.9y,no,yes,no,cellular,apr,fri,218.0,1,999,0,nonexistent,no
6479,42,blue-collar,single,basic.4y,no,unknown,unknown,telephone,jul,fri,385.0,1,999,0,nonexistent,no
6480,46,housemaid,married,basic.4y,no,yes,no,telephone,may,wed,238.0,8,999,0,nonexistent,no
6481,47,admin.,married,high.school,no,yes,no,cellular,nov,fri,140.0,3,999,0,nonexistent,no
6482,33,self-employed,married,university.degree,no,yes,no,cellular,mar,wed,184.0,1,11,1,success,no
6483,33,entrepreneur,married,basic.9y,no,yes,yes,telephone,jul,wed,85.0,6,999,0,nonexistent,no
6484,28,entrepreneur,married,basic.9y,no,no,no,telephone,may,mon,896.0,3,999,0,nonexistent,yes
6485,39,management,married,university.degree,no,no,no,telephone,jun,mon,721.0,3,999,0,nonexistent,yes
6486,41,blue-collar,single,unknown,unknown,no,no,cellular,jul,fri,96.0,2,999,0,nonexistent,no
6487,31,blue-collar,single,basic.9y,no,unknown,unknown,cellular,may,tue,88.0,2,999,0,nonexistent,no
6488,52,admin.,married,university.degree,no,yes,no,cellular,apr,mon,181.0,2,999,1,failure,no
6489,34,technician,married,university.degree,no,yes,no,cellular,aug,thu,99.0,4,999,0,nonexistent,no
6490,53,technician,divorced,high.school,no,yes,yes,cellular,nov,thu,319.0,1,999,0,nonexistent,no
6491,48,blue-collar,married,high.school,no,no,no,cellular,may,tue,407.0,2,3,1,success,no
6492,37,services,single,professional.course,no,yes,no,cellular,apr,mon,93.0,3,999,1,failure,no
6493,36,blue-collar,married,unknown,no,no,no,telephone,may,thu,55.0,1,999,0,nonexistent,no
6494,45,admin.,divorced,basic.9y,no,no,no,telephone,may,tue,233.0,2,999,0,nonexistent,no
6495,31,blue-collar,single,basic.9y,no,no,no,telephone,oct,tue,114.0,1,999,0,nonexistent,no
6496,28,services,single,high.school,no,no,no,telephone,may,wed,72.0,3,999,0,nonexistent,no
6497,38,admin.,single,high.school,no,yes,no,cellular,may,tue,324.0,2,999,0,nonexistent,no
6498,46,blue-collar,married,basic.4y,unknown,yes,no,cellular,may,thu,882.0,2,999,0,nonexistent,yes
6499,63,retired,married,professional.course,no,yes,yes,cellular,may,mon,444.0,2,14,1,success,yes
6500,50,blue-collar,married,basic.4y,no,yes,yes,cellular,aug,mon,69.0,3,999,0,nonexistent,no
6501,45,technician,single,university.degree,no,no,no,cellular,may,fri,445.0,2,999,1,failure,no
6502,37,admin.,married,high.school,no,yes,no,telephone,jun,fri,14.0,3,999,0,nonexistent,no
6503,38,services,married,high.school,no,no,yes,telephone,may,thu,117.0,1,999,0,nonexistent,no
6504,37,admin.,divorced,university.degree,unknown,yes,no,cellular,may,wed,291.0,8,999,1,failure,no
6505,37,blue-collar,single,high.school,no,no,no,cellular,jul,tue,31.0,19,999,0,nonexistent,no
6506,28,blue-collar,single,basic.4y,unknown,no,no,cellular,jul,tue,67.0,5,999,0,nonexistent,no
6507,59,retired,divorced,university.degree,no,no,no,cellular,jun,tue,368.0,2,999,0,nonexistent,no
6508,50,services,single,basic.4y,no,yes,no,telephone,jun,tue,355.0,2,999,0,nonexistent,no
6509,50,unemployed,married,high.school,unknown,yes,no,cellular,aug,wed,344.0,2,999,0,nonexistent,no
6510,29,services,single,basic.6y,no,yes,no,cellular,jul,wed,476.0,3,999,0,nonexistent,no
6511,74,retired,married,high.school,no,yes,no,cellular,aug,thu,1452.0,1,999,1,failure,yes
6512,45,management,married,university.degree,no,no,no,cellular,nov,tue,401.0,2,999,0,nonexistent,no
6513,36,admin.,married,professional.course,no,yes,no,cellular,nov,tue,201.0,2,999,0,nonexistent,no
6514,48,admin.,married,university.degree,no,yes,no,telephone,may,wed,396.0,1,999,0,nonexistent,no
6515,30,blue-collar,married,basic.9y,no,yes,no,cellular,jul,wed,532.0,1,999,0,nonexistent,no
6516,54,blue-collar,married,basic.4y,no,yes,no,cellular,aug,thu,86.0,3,999,0,nonexistent,no
6517,36,blue-collar,married,basic.6y,unknown,yes,no,telephone,may,fri,109.0,2,999,0,nonexistent,no
6518,48,technician,single,high.school,no,yes,no,telephone,may,fri,76.0,3,999,0,nonexistent,no
6519,47,management,married,high.school,no,yes,yes,cellular,nov,fri,225.0,3,999,0,nonexistent,no
6520,46,admin.,single,high.school,no,yes,yes,cellular,may,mon,65.0,2,999,0,nonexistent,no
6521,30,technician,single,professional.course,unknown,yes,no,cellular,aug,wed,46.0,9,999,0,nonexistent,no
6522,45,blue-collar,married,basic.6y,unknown,yes,no,cellular,aug,thu,152.0,1,999,0,nonexistent,no
6523,59,admin.,divorced,professional.course,unknown,yes,no,cellular,aug,wed,87.0,2,999,0,nonexistent,no
6524,28,admin.,single,university.degree,no,yes,no,cellular,may,tue,187.0,1,999,0,nonexistent,no
6525,71,retired,married,university.degree,no,yes,no,cellular,aug,thu,134.0,1,999,0,nonexistent,no
6526,44,entrepreneur,married,basic.6y,unknown,no,no,cellular,jul,mon,973.0,3,999,0,nonexistent,yes
6527,51,management,married,university.degree,no,no,no,cellular,jul,wed,175.0,1,999,0,nonexistent,no
6528,43,admin.,married,professional.course,no,yes,yes,telephone,may,tue,161.0,2,999,0,nonexistent,no
6529,42,blue-collar,married,basic.6y,no,no,yes,telephone,jun,wed,292.0,1,999,0,nonexistent,no
6530,47,services,single,basic.9y,no,no,no,cellular,nov,tue,187.0,2,999,0,nonexistent,no
6531,33,admin.,single,university.degree,no,yes,no,cellular,aug,wed,25.0,1,999,0,nonexistent,no
6532,44,entrepreneur,divorced,university.degree,no,yes,no,cellular,apr,thu,580.0,1,999,1,failure,no
6533,33,blue-collar,single,basic.4y,no,no,no,telephone,jun,tue,147.0,1,999,0,nonexistent,no
6534,34,management,married,university.degree,no,no,no,cellular,may,wed,323.0,3,999,1,failure,no
6535,25,admin.,married,university.degree,no,yes,no,telephone,jun,tue,64.0,1,999,0,nonexistent,no
6536,48,services,married,basic.9y,unknown,no,no,cellular,may,fri,18.0,8,999,0,nonexistent,no
6537,30,housemaid,married,high.school,unknown,yes,yes,telephone,jun,mon,18.0,1,999,0,nonexistent,no
6538,26,technician,married,basic.6y,no,yes,no,telephone,may,fri,138.0,1,999,0,nonexistent,no
6539,33,unemployed,married,university.degree,no,yes,no,cellular,aug,fri,53.0,2,999,0,nonexistent,no
6540,39,blue-collar,married,basic.9y,no,yes,no,cellular,jul,fri,113.0,6,999,0,nonexistent,no
6541,30,blue-collar,married,basic.9y,no,yes,no,telephone,jun,fri,12.0,14,999,0,nonexistent,no
6542,39,blue-collar,single,basic.9y,unknown,yes,no,cellular,may,wed,82.0,2,999,1,failure,no
6543,28,admin.,single,university.degree,no,no,no,cellular,apr,fri,69.0,1,999,0,nonexistent,no
6544,35,services,married,professional.course,unknown,no,no,telephone,jun,fri,103.0,1,999,0,nonexistent,no
6545,56,admin.,married,basic.9y,no,yes,no,telephone,may,mon,158.0,2,999,0,nonexistent,no
6546,58,retired,married,high.school,no,no,no,cellular,aug,thu,144.0,1,999,0,nonexistent,no
6547,57,retired,single,high.school,no,yes,yes,telephone,may,mon,507.0,1,999,0,nonexistent,no
6548,37,technician,single,university.degree,unknown,yes,no,cellular,jul,wed,390.0,2,999,0,nonexistent,no
6549,28,admin.,single,university.degree,no,no,yes,cellular,mar,wed,96.0,2,999,0,nonexistent,yes
6550,39,unemployed,married,basic.4y,unknown,no,no,cellular,jul,thu,120.0,1,999,0,nonexistent,no
6551,26,admin.,single,basic.4y,no,yes,yes,telephone,jun,tue,68.0,6,999,0,nonexistent,no
6552,31,unknown,single,high.school,no,no,no,cellular,may,mon,392.0,1,999,0,nonexistent,yes
6553,52,management,married,professional.course,no,yes,yes,telephone,may,tue,280.0,1,999,0,nonexistent,no
6554,53,management,married,basic.9y,unknown,yes,yes,cellular,jul,fri,1041.0,2,999,0,nonexistent,yes
6555,37,admin.,married,university.degree,no,yes,no,cellular,apr,wed,142.0,5,999,0,nonexistent,no
6556,38,blue-collar,single,basic.4y,no,yes,no,telephone,may,thu,187.0,2,999,0,nonexistent,no
6557,26,self-employed,married,high.school,no,yes,yes,cellular,may,thu,181.0,5,999,0,nonexistent,no
6558,40,blue-collar,married,basic.9y,unknown,no,no,telephone,jun,mon,154.0,3,999,0,nonexistent,no
6559,72,retired,single,university.degree,no,yes,yes,cellular,may,fri,589.0,3,999,0,nonexistent,no
6560,34,management,married,university.degree,no,no,no,telephone,may,fri,66.0,2,999,0,nonexistent,no
6561,58,housemaid,divorced,basic.4y,no,yes,yes,cellular,sep,wed,511.0,1,999,0,nonexistent,no
6562,42,services,married,high.school,no,no,no,telephone,jun,fri,55.0,2,999,0,nonexistent,no
6563,29,admin.,single,university.degree,unknown,no,no,cellular,aug,fri,140.0,2,999,0,nonexistent,no
6564,35,admin.,married,university.degree,no,no,no,cellular,jul,mon,141.0,2,999,0,nonexistent,no
6565,31,self-employed,married,university.degree,no,no,no,cellular,aug,tue,135.0,5,999,0,nonexistent,no
6566,53,technician,married,professional.course,no,yes,no,telephone,may,wed,248.0,6,999,0,nonexistent,no
6567,49,blue-collar,married,basic.9y,no,yes,no,cellular,may,thu,105.0,1,999,1,failure,no
6568,35,services,single,high.school,unknown,no,yes,telephone,may,tue,234.0,1,999,0,nonexistent,no
6569,36,services,married,high.school,unknown,yes,yes,cellular,apr,fri,294.0,1,999,1,failure,no
6570,26,services,married,high.school,no,yes,yes,cellular,jul,mon,114.0,2,999,0,nonexistent,no
6571,36,admin.,divorced,high.school,no,no,no,cellular,apr,tue,197.0,1,999,0,nonexistent,no
6572,45,admin.,divorced,basic.9y,no,yes,yes,telephone,aug,tue,8.0,1,999,0,nonexistent,no
6573,56,management,married,university.degree,no,no,yes,telephone,may,wed,171.0,1,999,0,nonexistent,no
6574,59,retired,married,basic.4y,no,no,no,cellular,aug,mon,357.0,3,999,0,nonexistent,no
6575,25,services,single,high.school,no,yes,no,cellular,jul,fri,172.0,2,999,0,nonexistent,no
6576,57,admin.,divorced,university.degree,no,yes,yes,cellular,nov,thu,1154.0,1,999,0,nonexistent,yes
6577,52,blue-collar,married,basic.6y,no,yes,no,cellular,aug,fri,100.0,1,999,0,nonexistent,no
6578,29,admin.,married,high.school,no,yes,yes,cellular,nov,mon,58.0,1,999,1,failure,no
6579,33,admin.,married,high.school,no,no,no,cellular,aug,fri,207.0,3,15,1,success,yes
6580,35,technician,married,professional.course,no,no,no,cellular,aug,thu,72.0,2,999,0,nonexistent,no
6581,36,management,married,university.degree,no,yes,no,telephone,may,mon,165.0,1,999,0,nonexistent,no
6582,30,blue-collar,married,basic.9y,no,yes,no,cellular,jul,fri,1294.0,2,999,0,nonexistent,yes
6583,47,unemployed,married,professional.course,no,yes,no,cellular,nov,wed,248.0,1,999,0,nonexistent,no
6584,57,admin.,divorced,university.degree,unknown,no,yes,cellular,nov,fri,48.0,1,999,0,nonexistent,no
6585,55,technician,married,university.degree,no,yes,yes,cellular,may,thu,895.0,2,999,1,failure,yes
6586,56,retired,single,professional.course,unknown,yes,no,cellular,jul,fri,161.0,4,999,0,nonexistent,no
6587,30,blue-collar,single,basic.9y,no,yes,yes,cellular,jul,mon,52.0,6,999,0,nonexistent,no
6588,60,admin.,married,unknown,no,yes,no,cellular,oct,wed,290.0,1,999,1,failure,yes
6589,32,blue-collar,married,basic.9y,no,yes,no,cellular,may,fri,144.0,2,999,1,failure,no
6590,51,housemaid,married,unknown,no,yes,yes,cellular,apr,thu,132.0,2,999,0,nonexistent,no
6591,52,housemaid,married,basic.4y,no,no,no,cellular,jul,fri,479.0,2,999,0,nonexistent,no
6592,37,technician,single,university.degree,no,no,no,cellular,apr,mon,190.0,1,999,0,nonexistent,no
6593,32,blue-collar,married,basic.9y,no,yes,no,telephone,jun,mon,39.0,1,999,0,nonexistent,no
6594,35,technician,married,professional.course,no,no,no,telephone,jun,mon,200.0,3,999,0,nonexistent,no
6595,33,services,married,basic.9y,unknown,yes,no,cellular,jul,wed,133.0,2,999,0,nonexistent,no
6596,42,services,married,university.degree,no,no,no,cellular,dec,wed,179.0,1,6,1,success,yes
6597,30,admin.,single,high.school,no,no,no,cellular,aug,fri,72.0,1,999,0,nonexistent,no
6598,29,admin.,single,high.school,no,yes,no,telephone,may,wed,143.0,2,999,0,nonexistent,no
6599,42,services,married,high.school,no,no,no,telephone,jun,mon,276.0,2,999,0,nonexistent,no
6600,32,technician,married,university.degree,no,no,yes,cellular,nov,thu,382.0,2,999,0,nonexistent,no
6601,28,admin.,single,high.school,no,yes,no,cellular,jul,thu,270.0,2,999,0,nonexistent,no
6602,27,technician,single,basic.9y,no,yes,no,cellular,apr,wed,88.0,3,999,0,nonexistent,no
6603,38,unknown,married,unknown,unknown,no,no,telephone,may,mon,362.0,4,999,0,nonexistent,no
6604,49,admin.,married,university.degree,unknown,no,no,cellular,aug,thu,54.0,2,999,0,nonexistent,no
6605,46,unemployed,single,university.degree,no,no,no,cellular,mar,tue,263.0,1,10,2,success,yes
6606,38,blue-collar,divorced,basic.9y,no,no,yes,cellular,jul,fri,706.0,2,999,0,nonexistent,no
6607,36,technician,single,professional.course,no,yes,no,cellular,nov,tue,216.0,1,999,0,nonexistent,no
6608,25,services,single,basic.9y,no,yes,no,cellular,jul,wed,197.0,1,999,0,nonexistent,no
6609,35,admin.,married,high.school,unknown,no,no,telephone,may,mon,66.0,4,999,0,nonexistent,no
6610,48,admin.,married,university.degree,no,no,no,cellular,nov,wed,128.0,7,999,0,nonexistent,no
6611,45,blue-collar,married,basic.4y,no,no,no,cellular,may,tue,77.0,1,999,1,failure,no
6612,30,services,single,high.school,unknown,yes,no,cellular,may,fri,55.0,2,999,1,failure,no
6613,44,blue-collar,married,unknown,unknown,yes,no,telephone,may,tue,336.0,3,999,0,nonexistent,no
6614,30,blue-collar,single,high.school,no,yes,no,telephone,may,thu,399.0,1,999,0,nonexistent,no
6615,51,admin.,married,high.school,no,no,yes,cellular,oct,thu,181.0,2,999,1,failure,no
6616,41,services,married,high.school,no,no,no,telephone,may,tue,177.0,2,999,0,nonexistent,no
6617,49,blue-collar,married,basic.4y,unknown,no,no,telephone,jun,thu,67.0,3,999,0,nonexistent,no
6618,37,admin.,married,high.school,no,yes,yes,telephone,jul,wed,1089.0,2,999,0,nonexistent,yes
6619,50,admin.,married,high.school,no,no,no,cellular,aug,mon,67.0,6,999,0,nonexistent,no
6620,42,blue-collar,married,basic.4y,no,yes,no,cellular,jul,mon,227.0,6,999,0,nonexistent,no
6621,37,admin.,married,university.degree,unknown,yes,no,cellular,jul,mon,110.0,5,999,0,nonexistent,no
6622,49,admin.,divorced,basic.9y,no,yes,no,cellular,jul,wed,70.0,1,999,0,nonexistent,no
6623,54,admin.,married,high.school,no,yes,yes,telephone,may,thu,171.0,2,999,0,nonexistent,no
6624,40,services,divorced,basic.6y,no,no,yes,telephone,jun,fri,386.0,1,999,0,nonexistent,no
6625,35,services,married,basic.9y,no,yes,no,cellular,may,wed,523.0,2,999,1,failure,no
6626,45,unemployed,married,basic.6y,unknown,no,no,telephone,may,mon,265.0,1,999,0,nonexistent,no
6627,35,admin.,single,university.degree,no,yes,no,cellular,aug,tue,448.0,1,999,0,nonexistent,no
6628,50,services,divorced,basic.4y,unknown,unknown,unknown,telephone,may,fri,225.0,1,999,0,nonexistent,no
6629,28,admin.,married,high.school,no,no,no,cellular,jul,thu,964.0,1,999,0,nonexistent,no
6630,32,blue-collar,married,professional.course,unknown,yes,no,telephone,may,tue,128.0,1,999,0,nonexistent,no
6631,31,blue-collar,married,basic.9y,no,unknown,unknown,telephone,may,mon,73.0,1,999,0,nonexistent,no
6632,47,housemaid,married,basic.4y,no,yes,yes,telephone,jun,mon,106.0,2,999,0,nonexistent,no
6633,31,admin.,married,university.degree,no,no,no,cellular,aug,thu,366.0,1,999,0,nonexistent,no
6634,35,management,married,university.degree,no,no,yes,telephone,aug,mon,67.0,5,999,0,nonexistent,no
6635,30,technician,married,university.degree,no,yes,no,cellular,may,thu,46.0,3,999,0,nonexistent,no
6636,36,services,married,high.school,no,no,no,telephone,jun,fri,100.0,2,999,0,nonexistent,no
6637,44,services,divorced,high.school,no,yes,yes,cellular,jul,mon,1169.0,1,999,0,nonexistent,yes
6638,32,admin.,divorced,high.school,no,no,yes,telephone,may,thu,15.0,1,999,0,nonexistent,no
6639,37,entrepreneur,married,university.degree,no,yes,no,cellular,jun,tue,108.0,1,999,0,nonexistent,no
6640,43,admin.,married,high.school,no,no,yes,cellular,jul,mon,551.0,3,999,0,nonexistent,yes
6641,57,blue-collar,married,basic.4y,unknown,no,no,cellular,aug,wed,125.0,1,999,0,nonexistent,no
6642,53,technician,married,high.school,no,no,no,telephone,may,fri,269.0,2,999,0,nonexistent,no
6643,50,admin.,divorced,high.school,no,no,no,cellular,aug,tue,664.0,9,999,0,nonexistent,yes
6644,32,blue-collar,married,basic.4y,no,no,no,cellular,apr,thu,772.0,2,999,1,failure,no
6645,24,student,single,unknown,no,yes,yes,cellular,aug,fri,744.0,1,3,2,success,yes
6646,28,blue-collar,single,basic.9y,no,no,no,telephone,jul,thu,610.0,2,999,0,nonexistent,no
6647,36,blue-collar,married,basic.9y,no,yes,no,cellular,may,wed,499.0,3,999,0,nonexistent,no
6648,31,student,single,university.degree,no,yes,no,cellular,jul,thu,277.0,1,999,0,nonexistent,no
6649,53,technician,married,professional.course,no,yes,no,cellular,aug,thu,100.0,1,999,1,failure,no
6650,53,self-employed,married,university.degree,unknown,yes,no,cellular,aug,mon,693.0,6,999,0,nonexistent,no
6651,39,blue-collar,married,high.school,no,yes,no,telephone,may,mon,356.0,2,999,0,nonexistent,no
6652,32,technician,married,professional.course,no,yes,no,cellular,aug,thu,183.0,7,999,0,nonexistent,no
6653,37,services,married,basic.9y,no,no,yes,cellular,may,thu,447.0,2,999,1,failure,no
6654,35,blue-collar,married,high.school,unknown,yes,yes,telephone,jul,mon,281.0,3,999,0,nonexistent,no
6655,31,admin.,single,university.degree,no,no,yes,telephone,may,thu,515.0,3,999,0,nonexistent,no
6656,34,blue-collar,married,basic.9y,unknown,no,yes,cellular,nov,wed,104.0,3,999,0,nonexistent,no
6657,41,admin.,divorced,university.degree,unknown,no,no,cellular,aug,thu,120.0,2,999,0,nonexistent,no
6658,54,entrepreneur,married,professional.course,no,yes,yes,cellular,nov,tue,134.0,1,999,0,nonexistent,no
6659,36,blue-collar,married,basic.9y,no,no,no,cellular,jun,mon,86.0,1,999,0,nonexistent,no
6660,38,technician,married,professional.course,no,no,no,cellular,nov,mon,113.0,1,999,0,nonexistent,no
6661,41,technician,married,professional.course,unknown,yes,no,telephone,may,thu,768.0,4,999,0,nonexistent,no
6662,30,blue-collar,single,basic.9y,no,no,yes,cellular,jul,mon,985.0,11,999,0,nonexistent,yes
6663,27,admin.,married,university.degree,no,yes,no,cellular,jun,mon,262.0,3,999,0,nonexistent,no
6664,28,admin.,single,university.degree,no,yes,no,cellular,apr,thu,249.0,1,999,0,nonexistent,no
6665,52,services,divorced,basic.4y,unknown,yes,yes,cellular,nov,fri,23.0,8,999,0,nonexistent,no
6666,46,blue-collar,married,unknown,no,yes,no,telephone,may,mon,299.0,1,999,0,nonexistent,no
6667,39,admin.,single,university.degree,unknown,yes,no,cellular,apr,mon,372.0,2,999,0,nonexistent,no
6668,31,admin.,married,basic.9y,no,no,no,cellular,nov,wed,205.0,1,999,0,nonexistent,no
6669,46,blue-collar,single,basic.4y,unknown,no,no,cellular,nov,wed,584.0,1,999,1,failure,no
6670,57,services,married,high.school,no,yes,yes,cellular,may,mon,473.0,3,999,0,nonexistent,yes
6671,37,technician,single,basic.9y,unknown,no,no,telephone,may,tue,83.0,1,999,0,nonexistent,no
6672,35,services,married,high.school,no,yes,no,cellular,may,thu,117.0,3,999,1,failure,no
6673,33,blue-collar,married,basic.6y,no,yes,no,telephone,may,wed,134.0,1,999,0,nonexistent,no
6674,28,technician,single,university.degree,no,yes,no,cellular,jul,tue,175.0,5,999,0,nonexistent,no
6675,34,housemaid,married,high.school,unknown,yes,no,cellular,may,fri,106.0,1,999,1,failure,no
6676,36,management,married,university.degree,no,yes,yes,cellular,mar,thu,94.0,1,999,0,nonexistent,no
6677,43,admin.,divorced,high.school,no,no,no,telephone,may,mon,311.0,2,999,0,nonexistent,no
6678,55,technician,married,professional.course,no,no,yes,cellular,may,fri,543.0,3,999,1,failure,no
6679,30,admin.,divorced,high.school,no,no,no,cellular,nov,wed,59.0,2,999,1,failure,no
6680,31,admin.,single,university.degree,no,yes,no,cellular,may,wed,157.0,1,999,1,failure,no
6681,45,admin.,single,high.school,no,yes,no,cellular,may,tue,305.0,2,999,0,nonexistent,no
6682,37,,single,university.degree,no,yes,no,cellular,jul,wed,158.0,1,999,0,nonexistent,no
6683,24,services,single,high.school,no,no,no,cellular,jul,thu,360.0,2,999,0,nonexistent,no
6684,31,entrepreneur,married,university.degree,no,yes,no,cellular,aug,fri,138.0,1,999,0,nonexistent,no
6685,50,technician,married,high.school,no,no,no,cellular,dec,mon,620.0,3,999,0,nonexistent,yes
6686,29,technician,married,university.degree,no,yes,no,telephone,aug,thu,137.0,1,999,0,nonexistent,no
6687,53,entrepreneur,married,basic.6y,no,yes,no,telephone,nov,fri,228.0,6,999,0,nonexistent,no
6688,32,blue-collar,married,basic.4y,no,yes,no,cellular,may,fri,906.0,5,999,0,nonexistent,no
6689,29,admin.,single,high.school,no,yes,no,telephone,may,mon,115.0,1,999,0,nonexistent,no
6690,30,services,married,high.school,no,yes,no,cellular,may,tue,93.0,1,999,0,nonexistent,no
6691,44,blue-collar,married,basic.4y,no,yes,yes,cellular,may,wed,94.0,1,999,0,nonexistent,no
6692,46,blue-collar,married,basic.4y,no,yes,no,cellular,aug,mon,626.0,2,999,0,nonexistent,yes
6693,58,retired,divorced,professional.course,unknown,no,no,telephone,jun,mon,210.0,2,999,0,nonexistent,no
6694,55,housemaid,divorced,unknown,unknown,yes,no,cellular,jul,thu,80.0,5,999,0,nonexistent,no
6695,35,services,married,basic.9y,no,no,yes,telephone,jun,thu,98.0,1,999,0,nonexistent,no
6696,33,blue-collar,married,basic.9y,unknown,yes,no,telephone,may,tue,408.0,2,999,1,failure,no
6697,32,technician,single,university.degree,no,unknown,unknown,cellular,nov,thu,26.0,1,999,1,failure,no
6698,28,blue-collar,single,basic.9y,no,yes,no,cellular,may,thu,225.0,1,999,1,failure,no
6699,31,technician,single,unknown,unknown,yes,no,cellular,nov,thu,276.0,1,999,0,nonexistent,no
6700,34,admin.,single,basic.6y,no,no,no,cellular,apr,mon,28.0,5,999,0,nonexistent,no
6701,44,admin.,divorced,university.degree,no,no,no,telephone,apr,thu,74.0,3,999,0,nonexistent,no
6702,53,retired,divorced,basic.4y,no,no,no,telephone,may,mon,460.0,1,999,0,nonexistent,no
6703,31,entrepreneur,single,university.degree,unknown,no,no,telephone,jun,fri,22.0,12,999,0,nonexistent,no
6704,29,blue-collar,single,unknown,no,no,no,telephone,may,fri,299.0,2,999,0,nonexistent,no
6705,28,admin.,married,university.degree,no,yes,yes,cellular,sep,mon,589.0,3,999,1,failure,no
6706,31,housemaid,single,university.degree,no,yes,no,cellular,aug,tue,348.0,1,999,0,nonexistent,no
6707,39,entrepreneur,married,basic.6y,unknown,no,no,telephone,may,mon,66.0,3,999,0,nonexistent,no
6708,54,blue-collar,married,basic.9y,no,yes,no,telephone,may,wed,505.0,2,999,0,nonexistent,no
6709,27,blue-collar,single,basic.9y,no,no,no,cellular,nov,tue,217.0,1,999,2,failure,yes
6710,38,technician,married,university.degree,no,no,no,cellular,mar,tue,59.0,1,999,0,nonexistent,no
6711,42,entrepreneur,married,university.degree,no,yes,no,cellular,jul,tue,578.0,1,999,0,nonexistent,no
6712,33,admin.,married,basic.9y,no,yes,no,cellular,may,tue,118.0,2,999,1,failure,no
6713,54,management,married,unknown,no,yes,no,cellular,jul,thu,154.0,1,999,1,failure,no
6714,42,management,married,university.degree,no,yes,no,telephone,aug,wed,220.0,11,999,0,nonexistent,no
6715,26,technician,single,university.degree,no,yes,no,cellular,oct,thu,152.0,1,999,0,nonexistent,no
6716,50,entrepreneur,married,university.degree,no,yes,no,cellular,may,tue,191.0,3,999,0,nonexistent,no
6717,37,services,married,basic.9y,no,yes,no,cellular,apr,wed,103.0,2,999,0,nonexistent,no
6718,35,entrepreneur,married,high.school,no,no,no,cellular,sep,tue,91.0,2,999,0,nonexistent,no
6719,54,technician,married,university.degree,unknown,no,no,telephone,jun,thu,322.0,2,999,0,nonexistent,no
6720,30,admin.,married,university.degree,no,no,no,telephone,jun,fri,75.0,1,999,0,nonexistent,no
6721,25,admin.,single,university.degree,no,no,no,cellular,may,wed,101.0,1,999,0,nonexistent,no
6722,36,admin.,divorced,high.school,no,no,yes,cellular,aug,fri,263.0,1,999,0,nonexistent,no
6723,45,blue-collar,married,basic.9y,unknown,yes,no,cellular,apr,mon,282.0,2,999,0,nonexistent,no
6724,28,student,single,unknown,no,yes,no,telephone,aug,fri,268.0,3,999,0,nonexistent,no
6725,48,services,married,high.school,no,yes,no,cellular,nov,tue,835.0,1,999,0,nonexistent,no
6726,46,admin.,single,university.degree,no,no,yes,cellular,may,mon,11.0,6,999,0,nonexistent,no
6727,48,unemployed,married,professional.course,no,no,no,cellular,may,wed,317.0,1,6,3,success,yes
6728,40,entrepreneur,married,basic.9y,no,no,no,telephone,jun,thu,331.0,1,999,0,nonexistent,no
6729,34,services,married,high.school,no,no,no,cellular,may,wed,71.0,3,999,0,nonexistent,no
6730,27,housemaid,married,high.school,no,yes,no,cellular,mar,fri,101.0,12,999,0,nonexistent,no
6731,27,admin.,single,university.degree,no,no,no,cellular,aug,tue,249.0,1,999,0,nonexistent,yes
6732,32,blue-collar,married,basic.9y,unknown,no,no,telephone,may,fri,180.0,2,999,0,nonexistent,no
6733,35,admin.,married,university.degree,no,no,no,telephone,may,tue,127.0,8,999,0,nonexistent,no
6734,60,retired,married,university.degree,unknown,yes,no,telephone,may,fri,576.0,1,999,0,nonexistent,no
6735,30,admin.,married,university.degree,no,no,no,cellular,jul,fri,438.0,2,999,0,nonexistent,yes
6736,42,admin.,married,university.degree,unknown,no,no,telephone,may,tue,42.0,4,999,0,nonexistent,no
6737,44,admin.,married,university.degree,no,yes,no,cellular,jul,thu,947.0,6,999,0,nonexistent,no
6738,47,management,divorced,university.degree,no,no,yes,telephone,jun,mon,302.0,1,999,0,nonexistent,no
6739,50,technician,married,professional.course,no,unknown,unknown,cellular,oct,fri,447.0,1,8,2,failure,yes
6740,45,management,single,basic.9y,no,yes,no,telephone,jun,thu,69.0,1,999,0,nonexistent,no
6741,62,admin.,married,high.school,no,no,no,cellular,oct,tue,318.0,1,4,3,success,yes
6742,32,blue-collar,married,basic.9y,no,unknown,unknown,telephone,may,thu,276.0,4,999,0,nonexistent,no
6743,50,admin.,married,high.school,no,yes,no,cellular,may,wed,333.0,1,999,2,failure,no
6744,54,technician,married,professional.course,no,no,no,cellular,sep,mon,99.0,1,999,0,nonexistent,no
6745,36,admin.,married,high.school,no,yes,no,telephone,jun,wed,159.0,1,999,0,nonexistent,no
6746,45,blue-collar,divorced,basic.4y,no,no,no,telephone,may,tue,78.0,2,999,0,nonexistent,no
6747,39,blue-collar,married,basic.9y,no,yes,no,cellular,sep,fri,293.0,1,3,1,success,yes
6748,58,blue-collar,married,basic.9y,no,no,no,cellular,nov,tue,64.0,1,999,1,failure,no
6749,33,blue-collar,married,basic.9y,no,yes,yes,cellular,may,mon,70.0,1,999,0,nonexistent,no
6750,32,management,single,university.degree,no,yes,no,cellular,mar,mon,75.0,2,999,0,nonexistent,no
6751,55,technician,married,professional.course,unknown,no,no,telephone,jul,mon,89.0,13,999,0,nonexistent,no
6752,54,services,married,unknown,no,no,no,telephone,may,fri,270.0,1,999,0,nonexistent,no
6753,27,unemployed,single,university.degree,no,yes,no,cellular,mar,mon,269.0,1,999,0,nonexistent,no
6754,40,blue-collar,married,unknown,unknown,no,no,telephone,jun,fri,22.0,8,999,0,nonexistent,no
6755,34,blue-collar,married,high.school,no,yes,no,cellular,apr,mon,143.0,1,999,1,failure,no
6756,50,technician,married,professional.course,no,yes,no,telephone,may,thu,275.0,1,999,0,nonexistent,no
6757,31,technician,single,unknown,no,unknown,unknown,cellular,jul,fri,177.0,3,999,0,nonexistent,no
6758,27,admin.,married,high.school,no,yes,yes,cellular,may,thu,201.0,1,999,0,nonexistent,no
6759,45,unknown,married,unknown,unknown,no,no,telephone,may,mon,139.0,6,999,0,nonexistent,no
6760,45,technician,married,professional.course,unknown,yes,no,cellular,aug,tue,183.0,1,999,0,nonexistent,no
6761,33,technician,single,professional.course,no,no,no,cellular,aug,mon,266.0,2,999,0,nonexistent,no
6762,50,management,married,university.degree,unknown,yes,no,cellular,aug,mon,734.0,2,999,0,nonexistent,yes
6763,29,admin.,single,professional.course,no,no,no,telephone,nov,fri,346.0,4,999,1,failure,no
6764,27,student,single,high.school,no,no,no,telephone,oct,tue,5.0,1,999,0,nonexistent,no
6765,31,admin.,single,university.degree,no,yes,no,cellular,aug,fri,961.0,2,999,0,nonexistent,no
6766,31,admin.,married,high.school,no,no,no,cellular,jul,thu,293.0,1,999,0,nonexistent,no
6767,39,technician,single,university.degree,no,yes,no,cellular,may,mon,612.0,1,999,0,nonexistent,yes
6768,51,blue-collar,married,basic.9y,unknown,yes,yes,cellular,may,wed,220.0,1,999,0,nonexistent,no
6769,33,admin.,single,university.degree,no,no,no,cellular,aug,tue,247.0,9,999,0,nonexistent,no
6770,39,technician,single,professional.course,no,yes,no,cellular,aug,thu,91.0,1,999,0,nonexistent,no
6771,41,admin.,married,high.school,no,no,yes,cellular,apr,mon,239.0,2,999,1,failure,no
6772,45,self-employed,married,high.school,no,yes,no,cellular,may,thu,21.0,2,999,0,nonexistent,no
6773,45,blue-collar,divorced,basic.4y,unknown,yes,no,cellular,jul,fri,120.0,1,999,0,nonexistent,no
6774,30,technician,single,university.degree,no,yes,no,cellular,jul,wed,72.0,15,999,0,nonexistent,no
6775,72,retired,divorced,basic.6y,no,yes,no,cellular,nov,wed,244.0,2,999,0,nonexistent,yes
6776,34,self-employed,married,university.degree,no,yes,no,cellular,nov,wed,905.0,1,999,1,failure,no
6777,41,technician,married,professional.course,unknown,yes,no,telephone,may,mon,579.0,1,999,0,nonexistent,yes
6778,30,technician,single,university.degree,no,unknown,unknown,cellular,apr,mon,112.0,1,999,0,nonexistent,yes
6779,57,services,married,high.school,no,yes,no,cellular,apr,thu,275.0,2,999,1,failure,no
6780,36,admin.,married,university.degree,no,yes,no,telephone,jun,mon,141.0,1,999,0,nonexistent,no
6781,33,admin.,single,university.degree,unknown,no,yes,cellular,apr,fri,526.0,1,999,0,nonexistent,yes
6782,57,management,divorced,university.degree,no,yes,no,telephone,may,thu,81.0,1,999,0,nonexistent,no
6783,54,admin.,married,university.degree,no,no,no,telephone,may,thu,513.0,1,999,0,nonexistent,yes
6784,45,technician,single,university.degree,no,no,no,cellular,aug,thu,146.0,1,999,0,nonexistent,no
6785,57,management,divorced,university.degree,no,unknown,unknown,telephone,may,wed,435.0,2,999,0,nonexistent,no
6786,48,self-employed,married,basic.9y,unknown,yes,no,telephone,may,tue,318.0,2,999,0,nonexistent,no
6787,27,technician,married,professional.course,no,yes,yes,telephone,jun,wed,299.0,2,999,0,nonexistent,no
6788,32,blue-collar,married,basic.9y,unknown,yes,no,cellular,may,fri,83.0,1,999,1,failure,no
6789,47,blue-collar,married,basic.6y,unknown,yes,no,telephone,jun,thu,86.0,2,999,0,nonexistent,no
6790,33,admin.,married,university.degree,no,yes,no,telephone,may,thu,239.0,2,999,0,nonexistent,no
6791,56,technician,married,university.degree,no,no,yes,telephone,jun,mon,69.0,1,999,0,nonexistent,no
6792,41,housemaid,married,university.degree,no,yes,no,cellular,aug,thu,46.0,1,999,0,nonexistent,no
6793,47,services,divorced,basic.4y,unknown,no,no,cellular,jul,wed,67.0,6,999,0,nonexistent,no
6794,33,blue-collar,married,professional.course,no,yes,no,cellular,may,fri,669.0,1,999,1,failure,yes
6795,57,blue-collar,married,basic.9y,unknown,yes,yes,cellular,nov,fri,134.0,2,999,0,nonexistent,no
6796,39,management,married,university.degree,no,yes,no,telephone,jun,fri,23.0,1,999,0,nonexistent,no
6797,40,technician,single,professional.course,no,yes,no,cellular,apr,mon,250.0,1,999,1,failure,no
6798,53,admin.,married,basic.9y,no,no,no,telephone,may,fri,121.0,2,999,0,nonexistent,no
6799,39,unemployed,married,basic.4y,no,no,no,cellular,may,thu,228.0,2,999,0,nonexistent,no
6800,49,technician,divorced,professional.course,no,yes,no,cellular,mar,tue,236.0,4,3,1,success,yes
6801,25,student,single,university.degree,no,no,yes,telephone,jun,thu,280.0,6,999,1,failure,yes
6802,36,management,married,basic.6y,no,yes,yes,cellular,aug,thu,354.0,3,999,0,nonexistent,yes
6803,28,management,single,university.degree,no,no,no,cellular,sep,fri,133.0,4,999,1,failure,no
6804,32,blue-collar,divorced,basic.9y,no,no,no,cellular,jul,thu,624.0,1,999,0,nonexistent,no
6805,33,admin.,single,university.degree,no,yes,no,cellular,may,wed,200.0,1,999,0,nonexistent,yes
6806,35,technician,single,professional.course,no,no,no,cellular,mar,mon,185.0,2,999,0,nonexistent,no
6807,35,blue-collar,married,basic.9y,no,no,no,cellular,jul,fri,222.0,1,999,0,nonexistent,no
6808,42,admin.,divorced,high.school,no,yes,no,cellular,nov,mon,70.0,1,999,0,nonexistent,no
6809,36,admin.,married,university.degree,no,no,no,cellular,nov,fri,569.0,1,999,0,nonexistent,no
6810,40,blue-collar,divorced,unknown,no,yes,no,telephone,may,wed,110.0,2,999,0,nonexistent,no
6811,49,services,married,high.school,no,no,no,telephone,may,mon,86.0,1,999,1,failure,no
6812,38,admin.,divorced,professional.course,no,no,no,cellular,aug,thu,201.0,2,999,0,nonexistent,no
6813,33,admin.,married,high.school,no,no,yes,telephone,may,mon,181.0,1,999,0,nonexistent,no
6814,53,admin.,married,university.degree,no,yes,no,telephone,may,thu,135.0,1,999,0,nonexistent,no
6815,36,technician,married,unknown,no,no,no,telephone,may,tue,105.0,2,999,0,nonexistent,no
6816,31,blue-collar,single,basic.4y,no,no,no,telephone,jun,fri,110.0,3,999,0,nonexistent,no
6817,59,services,married,high.school,unknown,yes,no,telephone,jun,fri,13.0,7,999,0,nonexistent,no
6818,44,blue-collar,married,basic.9y,no,yes,no,cellular,jul,thu,121.0,1,999,0,nonexistent,no
6819,57,blue-collar,married,basic.4y,unknown,yes,no,cellular,jul,fri,153.0,1,999,0,nonexistent,no
6820,49,technician,married,unknown,no,no,no,cellular,apr,fri,378.0,1,999,0,nonexistent,yes
6821,28,blue-collar,married,basic.9y,no,no,yes,cellular,jul,mon,165.0,2,999,0,nonexistent,no
6822,59,retired,married,basic.4y,unknown,no,no,cellular,aug,mon,555.0,1,999,0,nonexistent,yes
6823,30,services,married,high.school,unknown,unknown,unknown,telephone,jun,fri,127.0,1,999,0,nonexistent,no
6824,49,management,married,basic.9y,no,unknown,unknown,cellular,nov,tue,336.0,1,999,0,nonexistent,no
6825,40,self-employed,married,university.degree,no,yes,no,cellular,aug,thu,155.0,1,999,0,nonexistent,no
6826,52,services,married,high.school,no,yes,no,cellular,aug,tue,607.0,5,999,0,nonexistent,no
6827,29,blue-collar,single,basic.9y,no,yes,no,cellular,may,tue,396.0,1,999,1,failure,no
6828,47,entrepreneur,married,professional.course,unknown,no,yes,telephone,jun,wed,140.0,3,999,0,nonexistent,no
6829,41,technician,married,professional.course,no,yes,yes,telephone,may,thu,87.0,2,999,0,nonexistent,no
6830,36,technician,married,basic.6y,no,yes,no,telephone,may,mon,82.0,3,999,0,nonexistent,no
6831,26,unemployed,married,high.school,no,unknown,unknown,cellular,jul,tue,263.0,2,999,0,nonexistent,no
6832,30,admin.,divorced,university.degree,no,no,yes,telephone,may,fri,164.0,3,999,0,nonexistent,no
6833,28,admin.,single,university.degree,no,no,no,telephone,may,tue,75.0,2,999,0,nonexistent,no
6834,31,admin.,single,university.degree,no,yes,no,cellular,may,mon,274.0,2,999,0,nonexistent,yes
6835,32,blue-collar,married,university.degree,no,no,yes,cellular,may,thu,159.0,1,999,0,nonexistent,no
6836,38,technician,married,professional.course,no,no,no,cellular,may,tue,37.0,1,999,0,nonexistent,no
6837,39,unemployed,married,university.degree,no,yes,no,telephone,jun,thu,72.0,1,999,0,nonexistent,no
6838,33,management,married,university.degree,no,yes,yes,cellular,may,wed,74.0,3,999,1,failure,no
6839,52,admin.,married,university.degree,unknown,yes,no,cellular,aug,tue,175.0,3,999,0,nonexistent,no
6840,40,admin.,married,university.degree,no,no,no,telephone,jun,thu,202.0,2,999,0,nonexistent,no
6841,46,unemployed,married,university.degree,no,yes,yes,cellular,sep,mon,161.0,1,999,0,nonexistent,no
6842,32,entrepreneur,married,high.school,no,yes,no,cellular,jul,mon,240.0,1,999,0,nonexistent,no
6843,49,housemaid,married,basic.4y,no,yes,no,cellular,aug,mon,211.0,4,999,0,nonexistent,no
6844,55,unknown,unknown,unknown,unknown,yes,no,cellular,jul,mon,230.0,1,999,0,nonexistent,no
6845,51,services,married,unknown,no,no,no,cellular,aug,fri,547.0,3,999,0,nonexistent,no
6846,66,retired,married,high.school,no,no,no,cellular,jul,tue,475.0,1,999,0,nonexistent,yes
6847,30,services,single,high.school,unknown,yes,no,cellular,jul,tue,40.0,5,999,0,nonexistent,no
6848,32,technician,single,high.school,no,no,no,cellular,may,mon,236.0,2,999,0,nonexistent,no
6849,43,admin.,married,high.school,no,yes,no,cellular,may,wed,129.0,1,999,0,nonexistent,no
6850,28,technician,single,high.school,no,yes,no,cellular,jul,tue,124.0,2,999,0,nonexistent,no
6851,35,blue-collar,married,basic.4y,no,no,no,cellular,jul,wed,103.0,8,999,0,nonexistent,no
6852,37,admin.,married,university.degree,no,yes,no,cellular,jun,fri,135.0,1,999,2,failure,no
6853,91,retired,married,university.degree,no,yes,yes,cellular,sep,wed,837.0,1,999,2,failure,no
6854,34,unemployed,single,high.school,no,yes,no,telephone,may,mon,21.0,5,999,0,nonexistent,no
6855,39,admin.,single,high.school,no,no,no,cellular,mar,tue,119.0,5,999,0,nonexistent,no
6856,35,blue-collar,married,basic.6y,no,yes,yes,telephone,jun,mon,64.0,1,999,0,nonexistent,no
6857,24,self-employed,single,professional.course,no,yes,no,cellular,jul,mon,201.0,3,999,0,nonexistent,no
6858,51,unemployed,married,basic.6y,no,no,no,cellular,jun,thu,280.0,2,999,1,failure,yes
6859,30,blue-collar,single,basic.9y,no,yes,no,cellular,nov,thu,145.0,1,999,0,nonexistent,no
6860,35,management,married,university.degree,no,no,no,cellular,jul,wed,191.0,3,999,0,nonexistent,no
6861,45,blue-collar,married,basic.9y,unknown,yes,no,telephone,may,wed,246.0,2,999,0,nonexistent,no
6862,25,student,single,high.school,no,no,no,cellular,aug,mon,159.0,2,10,4,failure,no
6863,33,admin.,married,professional.course,no,yes,yes,telephone,may,thu,140.0,1,999,0,nonexistent,no
6864,31,technician,married,university.degree,no,no,no,telephone,jun,thu,983.0,2,999,0,nonexistent,yes
6865,25,blue-collar,single,basic.6y,unknown,no,no,cellular,may,wed,793.0,5,999,0,nonexistent,no
6866,50,housemaid,divorced,basic.4y,unknown,yes,yes,telephone,jun,tue,273.0,27,999,0,nonexistent,no
6867,58,retired,married,basic.4y,no,yes,no,cellular,aug,fri,239.0,1,999,0,nonexistent,no
6868,42,technician,divorced,professional.course,no,yes,yes,cellular,apr,thu,144.0,1,999,0,nonexistent,no
6869,19,student,single,basic.9y,no,no,no,cellular,aug,mon,120.0,1,3,1,success,no
6870,35,admin.,single,high.school,no,yes,no,cellular,jul,fri,147.0,2,14,2,failure,no
6871,26,services,single,high.school,no,no,yes,cellular,jul,tue,125.0,12,999,0,nonexistent,no
6872,54,services,divorced,high.school,no,no,no,cellular,oct,wed,268.0,1,999,1,failure,no
6873,23,student,single,high.school,no,no,no,telephone,mar,fri,290.0,1,3,1,success,yes
6874,30,admin.,divorced,high.school,no,yes,no,cellular,nov,thu,34.0,2,999,0,nonexistent,no
6875,44,admin.,married,university.degree,no,no,no,cellular,aug,thu,84.0,10,999,0,nonexistent,no
6876,30,services,single,high.school,unknown,no,no,cellular,may,fri,422.0,2,999,0,nonexistent,no
6877,58,blue-collar,married,basic.4y,unknown,yes,no,cellular,jul,fri,198.0,4,999,0,nonexistent,no
6878,35,blue-collar,married,basic.9y,unknown,yes,yes,cellular,may,thu,235.0,2,999,0,nonexistent,no
6879,33,entrepreneur,married,high.school,no,yes,no,cellular,nov,wed,902.0,2,999,0,nonexistent,no
6880,49,self-employed,married,basic.9y,unknown,yes,no,cellular,jul,thu,82.0,1,999,0,nonexistent,no
6881,22,blue-collar,married,basic.9y,no,yes,no,cellular,jul,thu,448.0,1,999,0,nonexistent,no
6882,29,admin.,single,university.degree,no,no,no,cellular,aug,mon,162.0,2,999,0,nonexistent,no
6883,24,technician,single,professional.course,no,yes,no,cellular,sep,fri,1042.0,5,999,3,failure,yes
6884,51,admin.,divorced,university.degree,unknown,no,no,telephone,aug,fri,86.0,1,999,0,nonexistent,no
6885,37,management,married,university.degree,no,no,no,cellular,apr,mon,666.0,1,999,0,nonexistent,no
6886,33,admin.,married,high.school,no,no,no,telephone,jun,wed,916.0,1,999,0,nonexistent,no
6887,47,services,married,basic.6y,no,no,no,telephone,jun,fri,108.0,1,999,0,nonexistent,no
6888,50,admin.,divorced,high.school,unknown,no,yes,cellular,aug,wed,359.0,1,999,0,nonexistent,no
6889,32,admin.,single,university.degree,no,no,no,cellular,nov,tue,36.0,1,999,0,nonexistent,no
6890,43,admin.,married,high.school,no,no,no,telephone,jul,tue,647.0,1,999,0,nonexistent,no
6891,71,retired,married,basic.4y,no,yes,yes,cellular,oct,tue,120.0,1,6,1,success,no
6892,30,admin.,married,university.degree,unknown,yes,no,cellular,aug,mon,109.0,2,999,0,nonexistent,no
6893,29,services,married,basic.6y,no,no,no,cellular,nov,wed,314.0,2,999,1,failure,no
6894,39,blue-collar,married,professional.course,no,no,no,telephone,may,mon,87.0,5,999,0,nonexistent,no
6895,30,admin.,married,university.degree,no,no,no,cellular,aug,thu,190.0,1,999,0,nonexistent,no
6896,30,blue-collar,single,university.degree,no,no,yes,cellular,nov,thu,52.0,3,999,0,nonexistent,no
6897,30,admin.,single,university.degree,no,yes,no,cellular,aug,fri,353.0,10,999,0,nonexistent,no
6898,28,admin.,married,university.degree,no,yes,no,telephone,may,tue,210.0,1,999,0,nonexistent,no
6899,29,technician,married,professional.course,no,no,no,cellular,jul,wed,263.0,2,999,0,nonexistent,no
6900,51,blue-collar,married,basic.9y,unknown,yes,no,cellular,nov,fri,312.0,1,999,0,nonexistent,no
6901,49,technician,married,professional.course,no,no,no,cellular,nov,tue,267.0,1,999,0,nonexistent,no
6902,31,admin.,single,university.degree,no,no,no,cellular,mar,thu,275.0,2,999,0,nonexistent,no
6903,57,blue-collar,divorced,unknown,unknown,unknown,unknown,telephone,jun,wed,41.0,8,999,0,nonexistent,no
6904,37,admin.,divorced,basic.9y,no,no,no,telephone,jun,tue,1363.0,7,999,0,nonexistent,yes
6905,49,services,married,high.school,unknown,no,no,cellular,nov,fri,66.0,2,999,0,nonexistent,no
6906,28,blue-collar,single,university.degree,no,no,no,cellular,may,tue,585.0,1,999,0,nonexistent,no
6907,33,entrepreneur,married,university.degree,no,yes,yes,cellular,nov,thu,141.0,2,999,0,nonexistent,no
6908,53,blue-collar,married,basic.6y,no,yes,no,cellular,aug,mon,64.0,5,999,0,nonexistent,no
6909,43,blue-collar,married,basic.6y,unknown,no,no,cellular,apr,fri,335.0,2,999,0,nonexistent,no
6910,35,blue-collar,married,unknown,no,no,no,cellular,apr,fri,172.0,1,999,0,nonexistent,no
6911,24,admin.,single,high.school,no,no,no,telephone,may,tue,172.0,4,999,0,nonexistent,no
6912,32,services,married,high.school,no,no,no,cellular,jul,tue,135.0,1,999,0,nonexistent,no
6913,45,blue-collar,married,basic.4y,unknown,no,no,telephone,may,tue,97.0,8,999,0,nonexistent,no
6914,56,retired,divorced,basic.4y,no,yes,yes,telephone,may,fri,188.0,6,999,0,nonexistent,no
6915,31,admin.,single,high.school,no,yes,no,cellular,aug,tue,243.0,2,999,0,nonexistent,no
6916,54,technician,married,professional.course,no,no,no,cellular,aug,tue,99.0,1,999,0,nonexistent,no
6917,29,admin.,single,university.degree,no,yes,no,cellular,nov,fri,118.0,2,999,1,failure,no
6918,30,admin.,single,university.degree,no,no,no,cellular,aug,fri,177.0,6,6,3,success,yes
6919,35,admin.,single,university.degree,no,yes,no,cellular,nov,fri,530.0,1,999,0,nonexistent,yes
6920,50,admin.,married,high.school,no,no,no,cellular,apr,mon,177.0,2,999,1,failure,no
6921,44,technician,divorced,professional.course,no,no,no,cellular,may,thu,569.0,1,999,1,failure,no
6922,36,blue-collar,single,basic.9y,no,yes,no,telephone,jun,thu,21.0,10,999,0,nonexistent,no
6923,50,services,single,high.school,no,yes,no,cellular,jul,tue,110.0,2,999,0,nonexistent,no
6924,45,self-employed,divorced,university.degree,no,yes,yes,telephone,jun,mon,173.0,1,999,0,nonexistent,no
6925,29,services,married,high.school,no,yes,no,cellular,jul,mon,407.0,2,999,0,nonexistent,no
6926,36,admin.,divorced,high.school,no,yes,yes,telephone,may,tue,124.0,1,999,0,nonexistent,no
6927,30,blue-collar,single,unknown,no,no,no,telephone,jun,thu,65.0,2,999,0,nonexistent,no
6928,39,blue-collar,single,basic.4y,unknown,no,no,telephone,jul,fri,470.0,24,999,0,nonexistent,no
6929,43,management,married,university.degree,no,yes,no,telephone,may,fri,339.0,4,999,0,nonexistent,no
6930,45,services,divorced,basic.9y,no,yes,no,cellular,apr,mon,325.0,1,999,0,nonexistent,no
6931,43,management,divorced,university.degree,no,yes,no,cellular,aug,mon,269.0,1,999,0,nonexistent,no
6932,33,services,married,basic.6y,no,yes,no,cellular,may,mon,72.0,4,999,0,nonexistent,no
6933,42,technician,married,university.degree,no,yes,no,cellular,aug,fri,103.0,5,999,0,nonexistent,no
6934,48,blue-collar,married,basic.4y,no,no,no,telephone,jun,mon,984.0,4,999,0,nonexistent,no
6935,46,technician,married,professional.course,no,unknown,unknown,cellular,jul,fri,1368.0,2,999,0,nonexistent,no
6936,23,admin.,married,basic.9y,no,yes,no,cellular,jul,mon,686.0,2,999,0,nonexistent,yes
6937,27,blue-collar,single,basic.4y,no,no,yes,cellular,jul,thu,83.0,1,999,0,nonexistent,no
6938,52,services,married,high.school,unknown,yes,yes,cellular,aug,mon,115.0,2,999,0,nonexistent,no
6939,57,technician,married,basic.4y,unknown,no,yes,telephone,may,tue,50.0,1,999,0,nonexistent,no
6940,30,technician,married,high.school,no,no,no,telephone,jun,fri,154.0,6,999,0,nonexistent,no
6941,52,entrepreneur,married,basic.4y,unknown,yes,no,telephone,jun,mon,535.0,2,999,0,nonexistent,no
6942,28,services,married,high.school,no,no,no,cellular,jul,tue,214.0,1,999,0,nonexistent,no
6943,37,unemployed,married,professional.course,no,yes,no,cellular,nov,thu,318.0,2,999,0,nonexistent,no
6944,34,technician,divorced,professional.course,no,no,no,cellular,apr,fri,185.0,1,999,0,nonexistent,no
6945,32,technician,married,professional.course,no,yes,no,cellular,aug,wed,641.0,1,999,0,nonexistent,yes
6946,42,blue-collar,single,basic.6y,unknown,no,yes,telephone,jun,fri,198.0,2,999,0,nonexistent,no
6947,42,technician,married,professional.course,unknown,yes,no,cellular,nov,mon,94.0,1,4,1,success,no
6948,53,blue-collar,divorced,basic.4y,unknown,no,no,telephone,jun,mon,193.0,1,999,0,nonexistent,no
6949,29,admin.,married,basic.9y,no,no,no,telephone,jun,tue,263.0,1,999,0,nonexistent,no
6950,48,blue-collar,married,basic.4y,unknown,yes,no,cellular,aug,mon,69.0,2,999,0,nonexistent,no
6951,54,admin.,divorced,university.degree,no,yes,no,cellular,aug,thu,415.0,2,999,0,nonexistent,no
6952,29,admin.,single,university.degree,no,yes,no,cellular,aug,thu,13.0,11,999,0,nonexistent,no
6953,28,services,married,basic.9y,unknown,yes,yes,cellular,may,thu,65.0,3,999,1,failure,no
6954,49,blue-collar,married,basic.4y,unknown,no,no,cellular,aug,thu,503.0,1,999,0,nonexistent,no
6955,34,management,single,university.degree,no,yes,no,cellular,may,fri,175.0,2,999,0,nonexistent,no
6956,27,admin.,married,university.degree,no,no,no,cellular,aug,tue,97.0,4,999,0,nonexistent,no
6957,46,management,married,high.school,no,no,no,cellular,nov,fri,79.0,3,999,0,nonexistent,no
6958,27,admin.,single,high.school,unknown,yes,no,cellular,jul,thu,606.0,3,999,0,nonexistent,no
6959,46,technician,married,professional.course,no,yes,no,telephone,dec,mon,679.0,1,999,0,nonexistent,yes
6960,22,blue-collar,married,basic.9y,no,unknown,unknown,cellular,may,tue,453.0,2,999,0,nonexistent,no
6961,54,admin.,married,university.degree,no,yes,no,cellular,aug,tue,243.0,3,999,0,nonexistent,no
6962,33,services,single,high.school,no,no,yes,telephone,may,mon,109.0,2,999,0,nonexistent,no
6963,30,services,single,high.school,no,no,yes,cellular,jul,wed,237.0,1,999,0,nonexistent,no
6964,27,technician,single,professional.course,no,no,no,cellular,jul,mon,331.0,2,999,0,nonexistent,no
6965,31,services,single,high.school,no,yes,no,cellular,sep,fri,336.0,2,6,1,success,yes
6966,40,blue-collar,married,basic.6y,no,no,no,cellular,nov,mon,128.0,1,999,1,failure,no
6967,36,unemployed,married,basic.9y,no,no,no,cellular,jul,thu,153.0,1,999,0,nonexistent,no
6968,50,blue-collar,married,unknown,unknown,no,no,cellular,jul,thu,84.0,2,999,0,nonexistent,no
6969,47,blue-collar,married,basic.9y,no,no,no,cellular,aug,mon,96.0,2,999,0,nonexistent,no
6970,48,unemployed,married,basic.6y,no,no,no,cellular,jul,thu,1850.0,1,999,0,nonexistent,yes
6971,52,blue-collar,married,basic.9y,unknown,no,no,telephone,jun,thu,283.0,3,999,0,nonexistent,no
6972,36,technician,single,professional.course,no,yes,no,cellular,aug,thu,474.0,1,999,0,nonexistent,yes
6973,32,management,married,university.degree,no,yes,no,telephone,mar,wed,30.0,1,999,0,nonexistent,no
6974,56,blue-collar,married,basic.4y,unknown,no,no,cellular,aug,thu,135.0,1,999,0,nonexistent,no
6975,32,technician,single,professional.course,no,no,no,cellular,aug,wed,103.0,1,999,0,nonexistent,no
6976,25,student,single,high.school,no,yes,yes,telephone,aug,fri,461.0,1,999,0,nonexistent,yes
6977,50,management,married,university.degree,no,no,no,cellular,jul,thu,144.0,1,999,0,nonexistent,no
6978,41,blue-collar,married,basic.4y,unknown,no,no,telephone,jun,wed,38.0,1,999,0,nonexistent,no
6979,23,admin.,single,professional.course,no,no,no,cellular,jul,wed,141.0,1,999,0,nonexistent,no
6980,36,services,married,high.school,unknown,no,no,telephone,may,tue,318.0,3,999,0,nonexistent,no
6981,49,management,married,basic.9y,unknown,no,yes,cellular,jul,thu,8.0,16,999,0,nonexistent,no
6982,29,blue-collar,single,basic.6y,no,no,no,telephone,may,fri,213.0,1,999,0,nonexistent,no
6983,41,blue-collar,single,basic.6y,no,yes,no,cellular,jul,wed,142.0,1,999,0,nonexistent,no
6984,55,management,married,professional.course,unknown,yes,yes,telephone,jun,thu,368.0,2,999,0,nonexistent,no
6985,31,blue-collar,married,university.degree,no,yes,no,cellular,jun,mon,382.0,2,999,0,nonexistent,yes
6986,34,blue-collar,married,basic.9y,no,no,no,cellular,apr,thu,340.0,1,999,1,failure,no
6987,32,technician,married,professional.course,no,yes,no,cellular,may,tue,579.0,1,999,0,nonexistent,yes
6988,58,management,single,university.degree,no,yes,no,cellular,may,fri,685.0,2,999,0,nonexistent,yes
6989,36,admin.,married,high.school,unknown,yes,no,cellular,may,mon,284.0,2,999,1,failure,no
6990,34,admin.,single,university.degree,no,yes,no,cellular,apr,mon,81.0,4,999,0,nonexistent,no
6991,48,technician,single,high.school,no,yes,yes,telephone,may,fri,115.0,2,999,0,nonexistent,no
6992,33,admin.,married,university.degree,no,no,yes,cellular,aug,thu,196.0,1,999,0,nonexistent,no
6993,57,self-employed,married,basic.9y,no,no,no,cellular,aug,wed,139.0,1,999,0,nonexistent,no
6994,45,technician,married,professional.course,no,no,no,telephone,may,thu,455.0,2,999,0,nonexistent,no
6995,43,technician,married,professional.course,no,no,yes,cellular,aug,mon,108.0,4,999,0,nonexistent,no
6996,26,technician,single,professional.course,no,yes,no,cellular,may,fri,11.0,7,999,0,nonexistent,no
6997,35,admin.,single,university.degree,no,yes,no,cellular,nov,thu,218.0,2,999,0,nonexistent,no
6998,33,unemployed,married,basic.9y,no,no,no,telephone,jun,fri,11.0,6,999,0,nonexistent,no
6999,39,services,married,basic.9y,no,yes,no,telephone,jul,mon,543.0,2,999,0,nonexistent,no
7000,32,admin.,single,university.degree,no,yes,no,cellular,aug,mon,86.0,1,999,0,nonexistent,no
7001,40,blue-collar,married,basic.9y,no,yes,no,cellular,nov,mon,70.0,1,999,0,nonexistent,no
7002,28,services,married,unknown,no,no,no,telephone,may,wed,98.0,2,999,0,nonexistent,no
7003,36,services,divorced,university.degree,no,no,no,telephone,jun,tue,198.0,1,999,0,nonexistent,no
7004,39,housemaid,married,university.degree,no,no,no,telephone,may,wed,174.0,1,999,0,nonexistent,no
7005,45,blue-collar,married,basic.4y,no,no,no,telephone,jul,fri,407.0,1,999,0,nonexistent,no
7006,54,management,married,university.degree,no,yes,no,telephone,jun,tue,89.0,1,999,0,nonexistent,no
7007,53,entrepreneur,single,basic.9y,no,no,no,telephone,may,tue,144.0,7,999,0,nonexistent,no
7008,29,admin.,single,university.degree,no,no,no,cellular,may,mon,146.0,2,999,0,nonexistent,no
7009,53,self-employed,married,basic.4y,no,yes,yes,cellular,nov,tue,464.0,2,999,1,failure,no
7010,25,admin.,married,high.school,no,no,no,cellular,jul,mon,68.0,1,999,0,nonexistent,no
7011,29,technician,married,professional.course,no,yes,yes,cellular,jul,tue,82.0,1,999,0,nonexistent,no
7012,55,blue-collar,married,basic.9y,no,yes,no,cellular,may,wed,249.0,1,999,0,nonexistent,no
7013,48,admin.,married,university.degree,no,yes,no,cellular,nov,thu,111.0,2,999,1,failure,no
7014,32,technician,single,university.degree,no,yes,no,cellular,aug,wed,168.0,1,999,0,nonexistent,no
7015,45,entrepreneur,married,university.degree,no,no,no,cellular,may,wed,139.0,6,999,0,nonexistent,no
7016,22,blue-collar,married,basic.9y,no,yes,no,cellular,may,thu,23.0,1,999,0,nonexistent,no
7017,30,technician,single,professional.course,no,no,no,cellular,jul,tue,156.0,1,999,0,nonexistent,no
7018,30,admin.,divorced,high.school,no,no,no,cellular,nov,wed,131.0,2,999,0,nonexistent,no
7019,20,student,single,unknown,no,yes,yes,cellular,apr,tue,47.0,2,999,0,nonexistent,no
7020,29,admin.,single,university.degree,no,no,yes,cellular,apr,wed,117.0,1,999,0,nonexistent,no
7021,32,admin.,married,university.degree,no,yes,no,cellular,apr,thu,394.0,1,999,0,nonexistent,yes
7022,51,admin.,single,high.school,no,yes,no,telephone,jul,wed,372.0,1,999,0,nonexistent,yes
7023,25,blue-collar,single,basic.4y,no,yes,no,telephone,may,wed,1681.0,1,999,0,nonexistent,yes
7024,30,admin.,single,university.degree,no,yes,no,telephone,oct,thu,1002.0,4,999,0,nonexistent,yes
7025,39,blue-collar,single,unknown,unknown,no,no,telephone,may,tue,181.0,3,999,0,nonexistent,no
7026,40,admin.,married,university.degree,no,no,no,telephone,may,fri,214.0,1,999,0,nonexistent,no
7027,39,blue-collar,married,high.school,no,yes,no,telephone,may,fri,480.0,2,999,0,nonexistent,no
7028,40,admin.,married,university.degree,no,no,no,telephone,jun,wed,248.0,29,999,0,nonexistent,no
7029,48,services,married,basic.4y,unknown,yes,no,cellular,aug,tue,1000.0,3,999,0,nonexistent,yes
7030,28,admin.,single,high.school,no,no,no,telephone,oct,wed,958.0,1,999,0,nonexistent,yes
7031,39,blue-collar,married,basic.6y,unknown,no,no,cellular,jul,tue,634.0,1,999,0,nonexistent,yes
7032,59,technician,married,university.degree,no,yes,no,cellular,oct,mon,511.0,3,999,1,failure,yes
7033,24,services,married,high.school,no,yes,no,telephone,may,wed,66.0,2,999,0,nonexistent,no
7034,54,admin.,married,university.degree,no,yes,no,cellular,aug,tue,120.0,3,999,0,nonexistent,no
7035,27,technician,single,professional.course,no,yes,no,cellular,jul,tue,131.0,2,999,0,nonexistent,no
7036,31,admin.,single,university.degree,no,yes,no,telephone,jun,wed,357.0,2,999,0,nonexistent,no
7037,37,technician,single,professional.course,no,yes,yes,cellular,aug,mon,331.0,1,999,0,nonexistent,no
7038,40,unemployed,divorced,university.degree,no,no,no,cellular,jul,wed,161.0,5,999,0,nonexistent,no
7039,43,blue-collar,married,basic.4y,unknown,no,yes,telephone,jun,fri,35.0,1,999,0,nonexistent,no
7040,53,blue-collar,divorced,basic.4y,unknown,no,no,telephone,may,fri,317.0,1,999,0,nonexistent,no
7041,31,admin.,single,high.school,no,yes,no,cellular,jul,thu,304.0,2,999,0,nonexistent,no
7042,27,services,single,high.school,no,no,no,telephone,jul,thu,101.0,14,999,0,nonexistent,no
7043,34,blue-collar,married,basic.9y,unknown,no,no,telephone,jun,wed,74.0,1,999,0,nonexistent,no
7044,48,technician,married,university.degree,no,no,no,cellular,aug,fri,239.0,1,999,0,nonexistent,no
7045,33,services,married,high.school,no,yes,no,cellular,apr,thu,236.0,1,999,1,failure,no
7046,35,technician,married,high.school,no,yes,no,telephone,aug,fri,129.0,1,999,0,nonexistent,no
7047,29,blue-collar,single,basic.9y,no,yes,no,cellular,nov,wed,128.0,1,999,0,nonexistent,no
7048,36,self-employed,single,basic.4y,no,no,no,cellular,jul,thu,148.0,1,999,0,nonexistent,no
7049,33,admin.,married,high.school,no,yes,no,cellular,sep,tue,212.0,1,999,0,nonexistent,yes
7050,25,student,single,university.degree,no,yes,no,telephone,mar,fri,252.0,3,999,1,failure,no
7051,31,services,married,high.school,unknown,unknown,unknown,telephone,may,tue,374.0,1,999,0,nonexistent,no
7052,39,technician,married,unknown,no,no,no,telephone,jun,fri,237.0,3,999,0,nonexistent,no
7053,31,technician,married,professional.course,no,yes,yes,cellular,aug,mon,98.0,1,999,0,nonexistent,no
7054,30,admin.,single,university.degree,no,no,no,cellular,aug,tue,126.0,1,999,0,nonexistent,no
7055,33,blue-collar,married,basic.9y,no,yes,no,cellular,may,tue,112.0,4,999,0,nonexistent,no
7056,41,management,married,unknown,no,yes,no,telephone,jun,fri,30.0,1,999,0,nonexistent,no
7057,35,admin.,married,high.school,no,no,no,cellular,oct,thu,302.0,1,4,2,success,no
7058,30,admin.,single,university.degree,no,no,no,cellular,aug,tue,1110.0,2,999,0,nonexistent,no
7059,24,admin.,single,high.school,no,yes,no,cellular,oct,fri,133.0,2,999,1,failure,no
7060,71,retired,married,university.degree,no,no,no,cellular,apr,mon,349.0,1,999,0,nonexistent,yes
7061,59,technician,married,high.school,unknown,no,no,telephone,jul,thu,130.0,8,999,0,nonexistent,no
7062,59,retired,married,basic.9y,no,yes,yes,cellular,aug,wed,339.0,1,999,0,nonexistent,no
7063,81,retired,married,basic.4y,no,yes,no,cellular,sep,fri,210.0,1,999,0,nonexistent,yes
7064,27,technician,single,high.school,no,no,no,cellular,jul,fri,198.0,1,999,0,nonexistent,no
7065,31,blue-collar,divorced,basic.9y,no,yes,no,telephone,may,fri,209.0,3,999,0,nonexistent,no
7066,28,admin.,single,university.degree,no,yes,yes,cellular,may,fri,63.0,4,999,0,nonexistent,no
7067,34,admin.,single,basic.9y,no,no,no,telephone,may,fri,1178.0,4,999,0,nonexistent,no
7068,36,technician,married,professional.course,no,no,no,cellular,aug,wed,252.0,1,999,0,nonexistent,no
7069,55,blue-collar,married,basic.4y,unknown,no,no,telephone,jul,thu,385.0,6,999,0,nonexistent,no
7070,59,retired,married,university.degree,unknown,no,no,telephone,jul,mon,95.0,2,999,0,nonexistent,no
7071,49,blue-collar,married,basic.6y,unknown,no,no,cellular,nov,tue,157.0,2,999,0,nonexistent,no
7072,44,blue-collar,married,high.school,no,no,no,cellular,apr,mon,271.0,2,999,1,failure,no
7073,46,housemaid,married,basic.4y,no,no,no,telephone,may,wed,336.0,1,999,0,nonexistent,no
7074,45,technician,married,university.degree,no,no,no,telephone,jun,wed,142.0,2,999,0,nonexistent,no
7075,37,admin.,single,university.degree,no,no,no,cellular,may,wed,51.0,4,999,0,nonexistent,no
7076,31,entrepreneur,single,university.degree,no,no,no,cellular,may,thu,50.0,2,999,1,failure,no
7077,57,technician,married,university.degree,no,no,no,cellular,apr,mon,72.0,2,999,0,nonexistent,no
7078,27,technician,single,professional.course,no,no,no,telephone,jun,fri,112.0,5,999,0,nonexistent,no
7079,28,admin.,married,high.school,no,no,yes,cellular,may,thu,386.0,4,999,0,nonexistent,no
7080,39,admin.,divorced,high.school,no,no,no,cellular,jul,tue,858.0,6,999,0,nonexistent,no
7081,45,blue-collar,married,basic.4y,no,no,no,telephone,jun,wed,157.0,9,999,0,nonexistent,no
7082,32,blue-collar,divorced,basic.4y,no,no,no,cellular,may,mon,827.0,2,999,0,nonexistent,yes
7083,29,blue-collar,single,basic.9y,no,yes,no,telephone,may,fri,107.0,2,999,0,nonexistent,no
7084,25,admin.,single,university.degree,no,yes,no,cellular,aug,fri,255.0,1,999,0,nonexistent,yes
7085,43,housemaid,married,basic.6y,unknown,yes,no,cellular,jul,wed,61.0,3,999,0,nonexistent,no
7086,28,services,married,high.school,no,no,no,cellular,jul,wed,240.0,2,999,0,nonexistent,no
7087,31,blue-collar,single,high.school,no,no,no,cellular,may,wed,465.0,1,999,1,failure,no
7088,36,admin.,married,high.school,unknown,yes,no,telephone,may,fri,147.0,14,999,0,nonexistent,no
7089,33,technician,married,professional.course,no,no,yes,cellular,may,fri,40.0,6,999,1,failure,no
7090,45,technician,married,professional.course,no,yes,no,telephone,may,wed,164.0,5,999,0,nonexistent,no
7091,26,student,single,basic.9y,no,yes,no,telephone,mar,mon,169.0,4,999,0,nonexistent,no
7092,55,blue-collar,married,basic.9y,no,no,no,cellular,jun,mon,271.0,2,999,0,nonexistent,no
7093,41,entrepreneur,married,high.school,no,yes,no,cellular,nov,tue,120.0,2,999,0,nonexistent,no
7094,31,technician,married,professional.course,no,no,no,telephone,may,fri,114.0,1,999,0,nonexistent,no
7095,25,housemaid,single,basic.9y,no,yes,no,cellular,jul,mon,898.0,5,999,0,nonexistent,no
7096,49,services,divorced,basic.6y,unknown,yes,yes,cellular,jul,fri,112.0,3,999,0,nonexistent,no
7097,44,technician,divorced,university.degree,no,yes,no,cellular,aug,thu,136.0,5,999,0,nonexistent,no
7098,46,admin.,single,high.school,no,unknown,unknown,cellular,jul,thu,37.0,3,999,0,nonexistent,no
7099,41,technician,single,university.degree,no,yes,yes,cellular,jul,wed,184.0,1,999,0,nonexistent,no
7100,43,services,married,high.school,no,no,no,telephone,may,wed,124.0,1,999,0,nonexistent,no
7101,46,technician,single,university.degree,no,no,no,cellular,aug,thu,185.0,2,999,0,nonexistent,no
7102,29,blue-collar,single,high.school,no,yes,no,cellular,may,mon,62.0,3,999,1,failure,no
7103,32,admin.,married,high.school,no,yes,no,cellular,jun,wed,342.0,1,10,1,success,no
7104,45,admin.,married,basic.6y,unknown,yes,no,telephone,may,thu,124.0,1,999,0,nonexistent,no
7105,57,self-employed,married,university.degree,unknown,no,no,telephone,jun,tue,187.0,7,999,0,nonexistent,no
7106,37,blue-collar,single,basic.9y,no,no,no,telephone,may,wed,211.0,2,999,0,nonexistent,no
7107,32,technician,married,basic.9y,no,yes,no,cellular,may,tue,500.0,2,999,0,nonexistent,yes
7108,43,management,married,unknown,no,no,no,telephone,may,fri,38.0,2,999,0,nonexistent,no
7109,30,admin.,single,university.degree,no,no,no,cellular,aug,mon,123.0,4,999,0,nonexistent,no
7110,25,blue-collar,married,basic.9y,unknown,no,no,telephone,jun,tue,71.0,1,999,0,nonexistent,no
7111,28,technician,married,basic.9y,no,yes,no,telephone,jun,thu,225.0,1,999,0,nonexistent,no
7112,31,student,single,unknown,no,unknown,unknown,cellular,sep,wed,708.0,2,6,2,success,yes
7113,51,technician,married,professional.course,no,yes,no,cellular,nov,thu,123.0,1,999,0,nonexistent,no
7114,34,self-employed,married,university.degree,no,unknown,unknown,cellular,jul,fri,156.0,3,999,2,failure,no
7115,32,management,married,high.school,no,yes,yes,cellular,jun,thu,119.0,2,999,0,nonexistent,no
7116,49,housemaid,married,university.degree,no,yes,no,cellular,aug,wed,210.0,2,999,0,nonexistent,no
7117,41,housemaid,married,basic.4y,no,no,no,cellular,may,tue,66.0,1,999,0,nonexistent,no
7118,39,housemaid,married,high.school,no,yes,no,telephone,may,fri,61.0,2,999,0,nonexistent,no
7119,37,entrepreneur,married,basic.9y,unknown,no,no,telephone,nov,mon,210.0,1,999,0,nonexistent,no
7120,46,technician,married,professional.course,no,no,no,cellular,apr,tue,279.0,1,999,0,nonexistent,yes
7121,51,technician,married,professional.course,no,yes,yes,cellular,aug,thu,246.0,3,999,0,nonexistent,no
7122,32,technician,married,university.degree,no,no,no,telephone,sep,wed,994.0,3,999,0,nonexistent,no
7123,31,blue-collar,married,basic.6y,no,yes,no,cellular,jul,fri,119.0,2,999,0,nonexistent,no
7124,32,technician,single,university.degree,no,no,yes,cellular,may,tue,542.0,3,999,1,failure,no
7125,66,unknown,married,basic.4y,no,yes,yes,cellular,may,thu,110.0,2,999,0,nonexistent,no
7126,29,admin.,single,university.degree,no,yes,no,cellular,aug,mon,728.0,2,999,0,nonexistent,no
7127,51,retired,married,university.degree,no,no,no,cellular,aug,wed,142.0,1,999,0,nonexistent,no
7128,57,admin.,married,high.school,no,yes,no,cellular,nov,fri,41.0,2,999,0,nonexistent,no
7129,35,blue-collar,married,basic.9y,no,yes,no,telephone,may,mon,118.0,2,999,0,nonexistent,no
7130,32,blue-collar,married,basic.6y,no,yes,yes,telephone,jun,wed,440.0,1,999,0,nonexistent,no
7131,26,services,single,university.degree,no,yes,no,cellular,jul,wed,70.0,1,999,0,nonexistent,no
7132,33,management,single,university.degree,no,yes,no,cellular,apr,wed,212.0,1,999,0,nonexistent,no
7133,40,services,divorced,high.school,no,yes,no,cellular,may,mon,262.0,2,999,0,nonexistent,no
7134,32,blue-collar,married,basic.9y,unknown,yes,no,cellular,jul,mon,91.0,9,999,0,nonexistent,no
7135,29,entrepreneur,married,basic.4y,unknown,no,no,cellular,may,mon,332.0,2,999,0,nonexistent,no
7136,21,blue-collar,single,basic.9y,no,no,no,cellular,jul,wed,219.0,1,999,0,nonexistent,no
7137,44,admin.,divorced,high.school,no,no,no,cellular,may,tue,214.0,1,999,0,nonexistent,no
7138,60,admin.,married,high.school,unknown,yes,no,cellular,jul,tue,143.0,1,999,0,nonexistent,no
7139,29,unemployed,married,basic.4y,no,no,no,telephone,dec,thu,805.0,1,999,0,nonexistent,yes
7140,26,technician,single,university.degree,no,no,no,cellular,may,fri,199.0,1,999,1,failure,yes
7141,33,student,married,high.school,no,no,yes,cellular,jul,wed,73.0,3,999,0,nonexistent,no
7142,39,technician,married,high.school,no,yes,no,cellular,jul,thu,404.0,1,999,0,nonexistent,no
7143,46,blue-collar,divorced,basic.4y,no,no,no,telephone,may,mon,235.0,7,999,0,nonexistent,no
7144,45,services,single,unknown,no,no,no,cellular,apr,fri,345.0,1,6,1,success,yes
7145,36,entrepreneur,married,high.school,no,no,yes,telephone,jun,thu,91.0,1,999,0,nonexistent,no
7146,48,housemaid,married,basic.9y,no,yes,no,cellular,aug,tue,159.0,2,999,0,nonexistent,no
7147,25,blue-collar,married,basic.9y,no,no,no,cellular,jul,wed,108.0,1,999,0,nonexistent,no
7148,71,retired,married,basic.4y,no,no,no,cellular,sep,tue,76.0,1,999,0,nonexistent,no
7149,41,blue-collar,divorced,basic.6y,no,no,no,telephone,jun,mon,66.0,1,999,0,nonexistent,no
7150,31,technician,single,high.school,no,yes,no,cellular,aug,wed,113.0,2,999,0,nonexistent,no
7151,42,blue-collar,married,basic.4y,no,yes,no,cellular,may,tue,439.0,1,999,0,nonexistent,no
7152,39,technician,married,professional.course,no,unknown,unknown,telephone,may,wed,50.0,2,999,0,nonexistent,no
7153,35,admin.,married,university.degree,no,yes,no,cellular,apr,thu,330.0,1,10,1,success,yes
7154,52,admin.,divorced,high.school,no,yes,yes,cellular,may,mon,110.0,1,999,1,failure,no
7155,39,technician,divorced,professional.course,no,yes,no,cellular,aug,fri,445.0,3,999,0,nonexistent,no
7156,34,blue-collar,married,basic.9y,no,no,no,telephone,jun,tue,963.0,2,999,0,nonexistent,yes
7157,35,unemployed,married,high.school,no,yes,no,telephone,may,fri,43.0,1,999,2,failure,no
7158,52,housemaid,married,basic.4y,unknown,no,no,telephone,jun,thu,92.0,2,999,0,nonexistent,no
7159,31,admin.,divorced,high.school,no,no,yes,cellular,jul,fri,186.0,2,999,0,nonexistent,no
7160,48,services,married,high.school,unknown,no,no,cellular,aug,thu,135.0,1,999,0,nonexistent,no
7161,41,entrepreneur,single,professional.course,no,yes,no,cellular,apr,wed,103.0,2,999,0,nonexistent,no
7162,33,admin.,divorced,high.school,no,yes,no,cellular,jul,fri,191.0,1,999,0,nonexistent,no
7163,38,services,married,high.school,no,no,no,telephone,may,fri,510.0,3,999,0,nonexistent,no
7164,36,admin.,married,university.degree,unknown,no,no,cellular,jul,thu,674.0,3,999,0,nonexistent,no
7165,55,retired,married,high.school,no,yes,yes,cellular,jul,tue,394.0,3,999,0,nonexistent,no
7166,43,admin.,married,university.degree,no,no,yes,cellular,aug,thu,250.0,2,999,0,nonexistent,no
7167,57,admin.,married,high.school,unknown,yes,yes,cellular,aug,mon,127.0,4,999,0,nonexistent,no
7168,33,technician,married,professional.course,no,yes,no,cellular,jul,wed,144.0,6,999,0,nonexistent,no
7169,29,admin.,single,university.degree,no,yes,no,telephone,may,wed,248.0,3,999,0,nonexistent,no
7170,32,admin.,single,university.degree,no,unknown,unknown,cellular,jul,mon,209.0,2,999,0,nonexistent,no
7171,46,blue-collar,married,high.school,no,yes,no,cellular,may,tue,675.0,1,999,0,nonexistent,no
7172,33,management,married,university.degree,no,yes,no,telephone,may,tue,316.0,1,999,0,nonexistent,no
7173,37,services,married,high.school,no,yes,yes,cellular,oct,fri,608.0,2,12,2,failure,yes
7174,49,blue-collar,divorced,high.school,no,no,no,telephone,nov,mon,192.0,1,999,0,nonexistent,no
7175,55,housemaid,divorced,unknown,unknown,no,no,cellular,jul,thu,139.0,5,999,0,nonexistent,no
7176,42,entrepreneur,married,professional.course,no,no,no,telephone,jun,wed,108.0,2,999,0,nonexistent,no
7177,37,self-employed,single,basic.4y,no,yes,no,cellular,may,mon,180.0,3,999,1,failure,no
7178,44,admin.,married,university.degree,unknown,yes,yes,telephone,jun,fri,545.0,2,999,0,nonexistent,no
7179,30,student,single,university.degree,no,yes,no,cellular,may,mon,90.0,1,999,0,nonexistent,no
7180,57,technician,single,professional.course,no,yes,no,telephone,jun,thu,451.0,2,999,0,nonexistent,no
7181,35,unknown,married,basic.9y,no,no,yes,telephone,may,wed,129.0,2,999,0,nonexistent,no
7182,47,services,married,high.school,no,yes,no,cellular,apr,wed,636.0,2,999,0,nonexistent,yes
7183,42,technician,married,university.degree,unknown,no,no,telephone,may,thu,48.0,1,999,0,nonexistent,no
7184,38,services,married,high.school,unknown,no,no,telephone,may,fri,50.0,3,999,0,nonexistent,no
7185,41,management,married,university.degree,no,no,no,telephone,jun,thu,21.0,1,999,0,nonexistent,no
7186,27,student,single,university.degree,no,no,yes,cellular,jun,mon,237.0,2,3,4,success,no
7187,33,management,married,university.degree,no,no,no,cellular,nov,wed,143.0,1,999,1,failure,no
7188,47,admin.,single,university.degree,no,no,no,cellular,aug,wed,267.0,2,999,0,nonexistent,no
7189,33,admin.,single,university.degree,no,yes,no,telephone,jun,fri,136.0,1,999,0,nonexistent,no
7190,60,retired,divorced,professional.course,no,yes,no,cellular,apr,thu,968.0,1,5,2,failure,yes
7191,43,blue-collar,married,basic.9y,no,no,no,cellular,nov,thu,72.0,2,999,0,nonexistent,no
7192,30,blue-collar,single,high.school,no,yes,no,cellular,nov,thu,293.0,1,999,0,nonexistent,no
7193,37,blue-collar,married,basic.9y,no,yes,yes,cellular,aug,thu,161.0,1,999,0,nonexistent,no
7194,56,management,married,basic.9y,no,yes,yes,cellular,nov,fri,62.0,2,999,1,failure,no
7195,34,admin.,married,university.degree,no,no,no,telephone,may,wed,162.0,1,999,0,nonexistent,no
7196,45,services,divorced,high.school,no,no,no,cellular,nov,thu,71.0,2,999,1,failure,no
7197,33,services,married,high.school,no,no,no,cellular,nov,wed,581.0,2,999,0,nonexistent,no
7198,25,admin.,married,high.school,no,yes,no,telephone,jun,fri,534.0,3,999,0,nonexistent,no
7199,41,self-employed,married,basic.9y,unknown,no,no,cellular,jul,fri,788.0,6,999,0,nonexistent,no
7200,33,technician,single,professional.course,no,yes,no,telephone,jun,tue,66.0,4,999,0,nonexistent,no
7201,85,housemaid,married,basic.4y,unknown,yes,no,cellular,apr,tue,462.0,1,999,1,failure,yes
7202,47,management,married,university.degree,no,yes,no,cellular,aug,tue,133.0,8,999,0,nonexistent,no
7203,30,unknown,married,university.degree,no,yes,no,cellular,aug,mon,190.0,1,999,0,nonexistent,no
7204,40,entrepreneur,married,basic.9y,unknown,yes,yes,telephone,may,tue,246.0,3,999,0,nonexistent,no
7205,44,admin.,married,university.degree,no,yes,no,cellular,jul,wed,89.0,1,999,0,nonexistent,no
7206,29,admin.,single,high.school,no,yes,yes,cellular,apr,thu,123.0,3,9,1,success,no
7207,35,admin.,single,university.degree,no,yes,no,cellular,nov,thu,20.0,8,6,1,success,no
7208,27,technician,single,unknown,no,yes,no,telephone,jun,thu,174.0,8,999,0,nonexistent,no
7209,37,housemaid,married,university.degree,unknown,no,yes,cellular,aug,mon,103.0,2,999,0,nonexistent,no
7210,58,blue-collar,married,high.school,no,yes,no,telephone,aug,fri,4.0,1,999,0,nonexistent,no
7211,54,technician,married,professional.course,unknown,yes,no,cellular,aug,tue,687.0,2,999,0,nonexistent,yes
7212,33,services,single,high.school,no,no,no,telephone,may,mon,178.0,5,999,0,nonexistent,no
7213,43,blue-collar,married,basic.6y,no,yes,no,cellular,jul,tue,220.0,2,999,0,nonexistent,no
7214,35,admin.,single,university.degree,unknown,no,no,cellular,jul,thu,863.0,1,999,0,nonexistent,yes
7215,36,blue-collar,married,high.school,no,yes,no,cellular,may,tue,20.0,8,999,1,failure,no
7216,39,blue-collar,married,basic.4y,no,no,no,cellular,may,mon,158.0,2,999,0,nonexistent,no
7217,45,admin.,single,basic.9y,unknown,yes,no,telephone,jun,fri,172.0,2,999,0,nonexistent,no
7218,38,technician,single,high.school,unknown,yes,yes,cellular,may,thu,754.0,1,999,0,nonexistent,no
7219,45,admin.,married,university.degree,no,no,no,cellular,aug,wed,363.0,1,4,2,success,no
7220,47,blue-collar,married,basic.4y,no,yes,no,telephone,may,fri,352.0,1,999,0,nonexistent,no
7221,50,admin.,married,basic.9y,no,unknown,unknown,cellular,may,thu,446.0,6,999,1,failure,no
7222,41,technician,single,university.degree,unknown,no,no,telephone,jun,mon,47.0,2,999,0,nonexistent,no
7223,40,entrepreneur,married,basic.6y,unknown,no,no,telephone,jun,thu,85.0,2,999,0,nonexistent,no
7224,36,admin.,single,university.degree,no,no,no,telephone,jun,wed,305.0,6,999,0,nonexistent,no
7225,33,technician,single,high.school,no,yes,no,cellular,aug,mon,566.0,1,999,0,nonexistent,no
7226,43,admin.,divorced,university.degree,no,yes,no,cellular,jun,tue,418.0,1,999,0,nonexistent,no
7227,54,housemaid,divorced,basic.4y,unknown,yes,no,telephone,jun,fri,238.0,3,999,0,nonexistent,no
7228,59,retired,married,university.degree,no,no,yes,cellular,aug,wed,295.0,1,999,0,nonexistent,no
7229,31,management,married,university.degree,no,no,no,cellular,aug,tue,551.0,2,999,0,nonexistent,no
7230,53,management,married,university.degree,no,no,no,cellular,aug,mon,313.0,4,999,0,nonexistent,no
7231,61,retired,married,university.degree,no,no,no,telephone,sep,mon,147.0,1,999,0,nonexistent,no
7232,33,admin.,married,high.school,no,no,yes,telephone,may,fri,84.0,3,999,0,nonexistent,no
7233,22,student,single,high.school,unknown,yes,yes,telephone,may,thu,214.0,2,1,1,success,yes
7234,54,blue-collar,married,basic.6y,unknown,no,no,telephone,may,tue,36.0,5,999,0,nonexistent,no
7235,63,retired,married,university.degree,no,no,no,telephone,aug,tue,280.0,3,999,0,nonexistent,no
7236,31,admin.,single,high.school,no,yes,yes,cellular,nov,fri,112.0,1,999,0,nonexistent,no
7237,45,blue-collar,married,basic.4y,no,yes,yes,cellular,may,thu,8.0,5,999,0,nonexistent,no
7238,49,services,single,high.school,no,yes,yes,cellular,jul,thu,205.0,1,999,0,nonexistent,no
7239,66,retired,married,basic.4y,no,yes,no,cellular,nov,mon,175.0,1,7,1,success,yes
7240,45,technician,divorced,basic.9y,no,no,no,cellular,nov,fri,179.0,4,999,0,nonexistent,no
7241,35,blue-collar,married,basic.9y,no,yes,no,telephone,may,fri,405.0,5,999,0,nonexistent,no
7242,38,admin.,married,high.school,no,yes,no,cellular,apr,thu,118.0,2,999,1,failure,no
7243,31,housemaid,married,basic.4y,no,no,no,telephone,jun,wed,91.0,2,999,0,nonexistent,no
7244,33,admin.,married,university.degree,no,no,no,cellular,jun,mon,335.0,2,999,0,nonexistent,yes
7245,59,services,married,high.school,unknown,yes,no,cellular,jul,wed,476.0,3,999,0,nonexistent,no
7246,38,management,married,university.degree,no,yes,no,cellular,nov,wed,64.0,1,999,1,failure,no
7247,43,blue-collar,married,basic.9y,unknown,unknown,unknown,cellular,may,tue,46.0,1,999,0,nonexistent,no
7248,33,blue-collar,married,basic.9y,unknown,yes,no,cellular,may,fri,8.0,4,999,0,nonexistent,no
7249,49,admin.,married,high.school,no,yes,no,cellular,aug,wed,668.0,2,15,1,success,yes
7250,33,services,single,high.school,no,no,no,cellular,may,mon,503.0,3,999,1,failure,no
7251,31,admin.,single,high.school,no,yes,no,cellular,nov,fri,63.0,1,999,0,nonexistent,no
7252,42,admin.,divorced,university.degree,no,yes,no,cellular,aug,fri,40.0,1,999,0,nonexistent,no
7253,31,services,single,high.school,no,yes,no,cellular,nov,thu,452.0,2,999,0,nonexistent,no
7254,35,technician,single,university.degree,no,yes,no,cellular,aug,thu,154.0,5,999,0,nonexistent,no
7255,45,blue-collar,divorced,basic.9y,unknown,yes,no,cellular,nov,mon,188.0,1,999,0,nonexistent,no
7256,39,blue-collar,married,basic.9y,unknown,yes,no,cellular,may,wed,56.0,1,999,0,nonexistent,no
7257,35,services,single,professional.course,unknown,yes,no,cellular,nov,tue,114.0,2,999,0,nonexistent,no
7258,76,retired,divorced,basic.4y,no,no,no,cellular,aug,tue,185.0,1,999,1,failure,yes
7259,33,admin.,married,university.degree,no,yes,no,cellular,mar,thu,117.0,1,3,1,success,no
7260,25,technician,single,university.degree,no,unknown,unknown,telephone,may,tue,230.0,3,999,0,nonexistent,no
7261,56,services,married,basic.4y,unknown,yes,yes,telephone,may,fri,166.0,1,999,0,nonexistent,no
7262,34,admin.,married,university.degree,no,yes,no,cellular,may,fri,407.0,3,8,3,failure,yes
7263,29,admin.,single,university.degree,no,yes,no,cellular,mar,mon,361.0,1,3,3,success,yes
7264,54,blue-collar,married,high.school,no,no,no,telephone,jun,mon,53.0,1,999,0,nonexistent,no
7265,32,services,single,high.school,no,no,no,cellular,jul,fri,185.0,2,999,0,nonexistent,no
7266,34,admin.,married,university.degree,no,no,no,cellular,may,fri,16.0,7,999,0,nonexistent,no
7267,43,blue-collar,married,basic.6y,no,yes,no,cellular,apr,fri,372.0,1,999,1,failure,no
7268,46,self-employed,single,university.degree,unknown,no,no,cellular,apr,mon,438.0,1,999,0,nonexistent,no
7269,39,admin.,single,unknown,no,yes,no,telephone,may,wed,1521.0,1,999,0,nonexistent,no
7270,32,blue-collar,married,basic.4y,no,yes,no,cellular,jul,thu,96.0,1,999,0,nonexistent,no
7271,28,admin.,single,university.degree,no,no,no,telephone,may,wed,165.0,2,999,0,nonexistent,no
7272,30,admin.,single,university.degree,no,no,no,cellular,aug,fri,235.0,1,999,0,nonexistent,no
7273,33,management,single,university.degree,no,yes,yes,cellular,apr,wed,1176.0,1,999,0,nonexistent,yes
7274,57,management,married,university.degree,unknown,no,no,cellular,aug,wed,73.0,1,999,0,nonexistent,no
7275,26,student,single,basic.9y,no,yes,no,cellular,aug,wed,582.0,1,999,0,nonexistent,yes
7276,44,blue-collar,single,unknown,unknown,yes,no,telephone,jun,tue,828.0,1,999,0,nonexistent,no
7277,48,self-employed,divorced,university.degree,no,no,no,cellular,may,wed,661.0,3,999,0,nonexistent,yes
7278,43,services,married,basic.6y,unknown,unknown,unknown,cellular,jul,mon,939.0,2,999,0,nonexistent,yes
7279,36,services,single,basic.6y,unknown,yes,yes,telephone,may,wed,501.0,2,999,0,nonexistent,no
7280,55,unemployed,married,professional.course,unknown,yes,yes,telephone,may,mon,145.0,1,999,0,nonexistent,no
7281,26,blue-collar,married,basic.9y,no,yes,yes,cellular,apr,thu,251.0,2,999,0,nonexistent,yes
7282,40,management,married,university.degree,no,no,no,cellular,aug,tue,17.0,11,999,0,nonexistent,no
7283,59,technician,married,basic.4y,unknown,yes,yes,cellular,jul,thu,709.0,1,999,0,nonexistent,yes
7284,58,admin.,married,university.degree,no,no,no,cellular,nov,fri,850.0,1,999,0,nonexistent,yes
7285,47,services,divorced,basic.9y,unknown,no,no,cellular,jul,mon,678.0,1,999,0,nonexistent,no
7286,31,services,divorced,high.school,unknown,no,no,cellular,may,thu,45.0,1,999,1,failure,no
7287,40,admin.,married,university.degree,unknown,yes,no,telephone,may,mon,142.0,1,999,0,nonexistent,no
7288,34,blue-collar,married,basic.9y,unknown,no,no,cellular,may,thu,728.0,2,999,0,nonexistent,no
7289,37,technician,married,professional.course,no,no,no,cellular,aug,thu,140.0,8,999,0,nonexistent,no
7290,50,blue-collar,married,unknown,unknown,yes,no,cellular,jul,thu,224.0,1,999,0,nonexistent,no
7291,32,blue-collar,married,basic.9y,no,yes,no,telephone,may,fri,59.0,3,999,0,nonexistent,no
7292,33,technician,single,professional.course,no,yes,no,cellular,aug,tue,396.0,2,999,0,nonexistent,yes
7293,46,entrepreneur,married,university.degree,no,yes,no,telephone,may,tue,125.0,1,999,0,nonexistent,no
7294,24,student,single,unknown,no,yes,yes,telephone,sep,wed,663.0,1,10,1,success,no
7295,57,blue-collar,married,basic.4y,unknown,yes,no,telephone,may,tue,208.0,1,999,0,nonexistent,no
7296,36,admin.,divorced,university.degree,unknown,yes,yes,cellular,jul,wed,103.0,1,999,0,nonexistent,no
7297,28,admin.,single,university.degree,no,no,no,cellular,oct,mon,225.0,1,3,3,success,yes
7298,46,entrepreneur,married,university.degree,no,yes,yes,cellular,nov,mon,78.0,2,999,1,failure,no
7299,30,technician,married,professional.course,no,no,no,cellular,jul,tue,333.0,19,999,0,nonexistent,no
7300,57,management,married,university.degree,no,no,no,cellular,sep,fri,277.0,2,6,2,success,yes
7301,32,admin.,married,university.degree,no,yes,no,cellular,oct,wed,467.0,2,6,1,success,yes
7302,48,blue-collar,married,basic.4y,no,no,no,telephone,jun,fri,29.0,2,999,0,nonexistent,no
7303,59,housemaid,divorced,unknown,no,unknown,unknown,cellular,jul,tue,246.0,4,999,0,nonexistent,no
7304,37,technician,married,professional.course,no,yes,no,telephone,may,thu,175.0,2,999,0,nonexistent,no
7305,32,technician,married,university.degree,no,no,yes,cellular,aug,mon,331.0,5,999,0,nonexistent,no
7306,33,blue-collar,married,basic.9y,no,no,no,telephone,may,tue,176.0,3,999,0,nonexistent,no
7307,38,blue-collar,married,high.school,unknown,no,no,telephone,jun,thu,113.0,5,999,0,nonexistent,no
7308,31,admin.,single,high.school,no,no,no,cellular,jun,fri,39.0,3,999,0,nonexistent,no
7309,88,retired,divorced,basic.4y,no,no,no,cellular,mar,wed,266.0,2,999,0,nonexistent,yes
7310,35,admin.,married,university.degree,no,no,no,telephone,jun,fri,13.0,4,999,0,nonexistent,no
7311,36,technician,divorced,professional.course,unknown,no,no,telephone,jun,mon,90.0,4,999,0,nonexistent,no
7312,31,admin.,married,university.degree,no,yes,no,cellular,jul,mon,1467.0,1,999,0,nonexistent,no
7313,83,retired,married,unknown,no,yes,no,cellular,sep,fri,369.0,1,999,0,nonexistent,no
7314,36,entrepreneur,married,university.degree,no,yes,no,cellular,may,wed,239.0,2,999,0,nonexistent,no
7315,33,services,married,high.school,unknown,yes,yes,cellular,jul,wed,172.0,1,999,0,nonexistent,no
7316,29,admin.,single,university.degree,no,no,no,cellular,jun,tue,160.0,2,999,0,nonexistent,yes
7317,26,technician,single,professional.course,no,yes,no,cellular,jul,wed,173.0,2,999,0,nonexistent,no
7318,80,retired,divorced,basic.4y,no,no,yes,cellular,jul,thu,169.0,2,6,2,success,yes
7319,34,technician,married,professional.course,no,no,no,cellular,aug,fri,108.0,1,999,0,nonexistent,no
7320,41,blue-collar,married,basic.9y,no,no,yes,cellular,may,wed,161.0,1,999,0,nonexistent,no
7321,52,housemaid,married,basic.4y,unknown,yes,no,telephone,may,mon,84.0,3,999,0,nonexistent,no
7322,42,blue-collar,married,basic.4y,unknown,no,no,telephone,may,tue,114.0,2,999,0,nonexistent,no
7323,34,management,married,university.degree,no,no,no,cellular,aug,thu,233.0,1,999,0,nonexistent,no
7324,37,entrepreneur,single,university.degree,no,no,no,telephone,may,fri,180.0,2,999,0,nonexistent,no
7325,32,services,married,high.school,no,no,no,cellular,may,mon,161.0,2,999,0,nonexistent,no
7326,31,unemployed,married,high.school,no,no,yes,cellular,nov,fri,94.0,2,999,0,nonexistent,no
7327,88,retired,divorced,basic.4y,no,yes,no,cellular,mar,wed,48.0,1,999,0,nonexistent,no
7328,53,admin.,married,basic.9y,no,no,no,telephone,jun,fri,,3,999,0,nonexistent,no
7329,51,blue-collar,married,basic.9y,no,yes,yes,telephone,may,wed,39.0,2,999,0,nonexistent,no
7330,29,admin.,single,university.degree,no,no,no,cellular,apr,wed,479.0,1,999,1,failure,no
7331,49,admin.,married,high.school,no,no,no,cellular,aug,mon,144.0,3,999,0,nonexistent,no
7332,52,self-employed,married,university.degree,no,yes,no,telephone,may,fri,83.0,4,999,0,nonexistent,no
7333,58,retired,married,professional.course,unknown,no,no,telephone,jul,tue,44.0,8,999,0,nonexistent,no
7334,30,blue-collar,married,university.degree,no,no,no,telephone,may,thu,558.0,13,999,0,nonexistent,no
7335,39,admin.,single,high.school,no,yes,no,telephone,jun,mon,358.0,1,999,0,nonexistent,no
7336,37,admin.,married,university.degree,no,no,no,telephone,may,fri,87.0,1,999,0,nonexistent,no
7337,59,admin.,married,basic.4y,unknown,no,no,cellular,jul,thu,142.0,1,999,0,nonexistent,no
7338,49,admin.,divorced,high.school,no,no,no,telephone,jun,thu,370.0,1,999,0,nonexistent,no
7339,30,admin.,married,unknown,no,yes,no,cellular,jun,fri,207.0,2,4,1,success,yes
7340,47,technician,married,basic.9y,no,no,yes,cellular,nov,wed,208.0,1,999,0,nonexistent,no
7341,43,technician,single,professional.course,unknown,no,no,cellular,jul,tue,97.0,6,999,0,nonexistent,no
7342,44,blue-collar,married,basic.9y,unknown,yes,no,telephone,may,mon,136.0,4,999,0,nonexistent,no
7343,33,services,married,basic.4y,no,no,no,telephone,may,tue,202.0,4,999,0,nonexistent,no
7344,23,admin.,single,professional.course,no,no,no,cellular,jul,wed,187.0,1,999,0,nonexistent,no
7345,36,blue-collar,married,basic.6y,no,yes,no,cellular,jul,tue,109.0,1,999,0,nonexistent,no
7346,29,blue-collar,single,basic.6y,no,no,no,cellular,jul,thu,173.0,1,999,0,nonexistent,no
7347,37,technician,divorced,high.school,no,no,yes,telephone,apr,fri,318.0,2,999,0,nonexistent,no
7348,56,admin.,married,basic.9y,no,no,no,cellular,apr,thu,94.0,1,999,0,nonexistent,no
7349,29,technician,married,university.degree,no,no,no,cellular,jul,thu,5.0,23,999,0,nonexistent,no
7350,57,blue-collar,married,basic.4y,unknown,no,yes,cellular,jul,fri,77.0,1,999,0,nonexistent,no
7351,48,technician,married,university.degree,no,yes,no,cellular,aug,tue,189.0,2,999,0,nonexistent,no
7352,41,technician,married,basic.9y,no,no,no,telephone,may,wed,102.0,2,999,0,nonexistent,no
7353,42,entrepreneur,single,university.degree,no,yes,no,telephone,may,thu,204.0,1,999,0,nonexistent,no
7354,60,entrepreneur,married,basic.4y,no,no,no,telephone,may,fri,261.0,1,999,0,nonexistent,no
7355,40,admin.,divorced,high.school,no,no,yes,cellular,jul,tue,270.0,5,999,0,nonexistent,no
7356,51,blue-collar,married,basic.4y,no,no,yes,telephone,may,fri,1187.0,4,999,0,nonexistent,no
7357,30,services,married,basic.9y,no,no,yes,telephone,jul,thu,172.0,2,999,0,nonexistent,no
7358,54,management,married,high.school,unknown,yes,no,telephone,may,wed,74.0,1,999,0,nonexistent,no
7359,30,admin.,married,university.degree,no,no,no,cellular,aug,mon,514.0,7,999,0,nonexistent,no
7360,35,management,single,university.degree,no,yes,no,cellular,aug,mon,151.0,2,999,0,nonexistent,no
7361,58,retired,married,university.degree,no,unknown,unknown,cellular,apr,wed,624.0,1,999,0,nonexistent,yes
7362,36,admin.,married,professional.course,no,no,no,cellular,aug,fri,75.0,1,999,0,nonexistent,no
7363,34,blue-collar,married,basic.9y,no,no,no,cellular,may,fri,451.0,3,999,0,nonexistent,no
7364,28,technician,single,professional.course,no,yes,no,cellular,nov,wed,238.0,2,6,1,success,yes
7365,29,management,single,university.degree,no,no,no,telephone,jun,tue,342.0,2,999,0,nonexistent,no
7366,41,services,married,basic.9y,no,yes,no,telephone,jun,thu,385.0,1,999,0,nonexistent,no
7367,47,blue-collar,married,unknown,unknown,yes,no,telephone,may,wed,191.0,6,999,0,nonexistent,no
7368,46,management,married,university.degree,no,yes,no,cellular,may,thu,458.0,2,999,0,nonexistent,no
7369,48,admin.,divorced,university.degree,unknown,yes,no,cellular,aug,wed,67.0,2,999,0,nonexistent,no
7370,50,entrepreneur,married,basic.4y,unknown,yes,no,cellular,nov,thu,217.0,1,999,0,nonexistent,no
7371,52,admin.,married,university.degree,no,no,no,cellular,may,tue,131.0,1,3,2,success,no
7372,39,blue-collar,married,basic.9y,no,yes,no,cellular,may,tue,136.0,1,999,0,nonexistent,no
7373,51,blue-collar,married,university.degree,no,no,no,cellular,may,fri,153.0,4,999,2,failure,no
7374,60,retired,divorced,basic.4y,unknown,no,yes,telephone,may,fri,237.0,1,999,0,nonexistent,no
7375,56,blue-collar,married,basic.9y,unknown,no,no,cellular,jul,fri,282.0,2,999,0,nonexistent,no
7376,46,admin.,married,university.degree,no,yes,no,cellular,apr,mon,75.0,1,999,0,nonexistent,no
7377,33,blue-collar,married,basic.4y,unknown,no,no,telephone,jun,fri,420.0,2,999,0,nonexistent,no
7378,44,admin.,married,high.school,no,yes,no,telephone,may,tue,221.0,2,999,0,nonexistent,no
7379,31,admin.,single,university.degree,no,yes,no,cellular,aug,wed,127.0,1,999,0,nonexistent,no
7380,34,blue-collar,married,basic.6y,unknown,yes,no,telephone,may,tue,195.0,10,999,0,nonexistent,no
7381,55,admin.,single,university.degree,no,yes,no,cellular,sep,fri,93.0,2,999,0,nonexistent,no
7382,30,blue-collar,married,basic.9y,no,yes,no,cellular,nov,wed,175.0,1,999,1,failure,no
7383,32,admin.,single,university.degree,no,yes,no,cellular,jun,fri,58.0,2,999,0,nonexistent,no
7384,36,admin.,married,university.degree,unknown,yes,no,cellular,aug,tue,120.0,3,999,0,nonexistent,no
7385,36,admin.,single,high.school,no,no,no,cellular,nov,thu,40.0,5,999,0,nonexistent,no
7386,53,technician,married,professional.course,no,no,no,cellular,may,mon,421.0,1,999,0,nonexistent,yes
7387,49,blue-collar,married,basic.9y,no,no,no,cellular,may,fri,172.0,2,9,2,failure,no
7388,57,retired,married,basic.9y,no,no,no,cellular,aug,tue,22.0,27,999,0,nonexistent,no
7389,41,technician,married,university.degree,no,yes,yes,cellular,jun,mon,244.0,2,999,0,nonexistent,no
7390,37,blue-collar,married,high.school,no,yes,no,cellular,may,fri,475.0,3,999,0,nonexistent,no
7391,64,retired,married,basic.4y,no,yes,no,cellular,aug,wed,145.0,1,3,2,success,yes
7392,31,blue-collar,single,high.school,no,no,no,cellular,may,fri,325.0,1,999,0,nonexistent,no
7393,34,blue-collar,married,basic.9y,no,no,yes,telephone,may,mon,92.0,3,999,0,nonexistent,no
7394,32,admin.,single,university.degree,no,yes,no,cellular,jul,thu,96.0,1,999,0,nonexistent,no
7395,30,blue-collar,single,unknown,no,no,no,telephone,may,tue,184.0,2,999,0,nonexistent,no
7396,38,technician,married,professional.course,no,yes,no,cellular,jul,mon,239.0,2,999,0,nonexistent,no
7397,55,blue-collar,married,basic.9y,no,no,no,telephone,aug,tue,361.0,10,999,0,nonexistent,no
7398,29,blue-collar,single,basic.9y,no,no,no,cellular,jul,fri,269.0,1,999,0,nonexistent,no
7399,43,blue-collar,married,basic.4y,unknown,yes,no,telephone,may,fri,345.0,3,999,0,nonexistent,no
7400,49,services,divorced,basic.6y,unknown,yes,no,telephone,may,thu,173.0,1,999,0,nonexistent,no
7401,30,technician,single,professional.course,no,yes,no,cellular,may,fri,26.0,6,999,0,nonexistent,no
7402,31,blue-collar,married,basic.6y,no,yes,no,telephone,jun,fri,55.0,12,999,0,nonexistent,no
7403,50,entrepreneur,married,basic.9y,no,yes,no,telephone,may,mon,215.0,2,999,0,nonexistent,no
7404,28,entrepreneur,single,high.school,no,yes,no,telephone,jun,mon,419.0,2,999,0,nonexistent,no
7405,29,blue-collar,divorced,basic.4y,no,yes,no,cellular,may,fri,1223.0,3,999,1,failure,no
7406,25,admin.,single,university.degree,no,no,no,telephone,aug,tue,103.0,3,999,0,nonexistent,no
7407,75,retired,divorced,high.school,no,no,no,telephone,apr,tue,162.0,1,6,2,success,yes
7408,56,admin.,divorced,unknown,unknown,no,no,telephone,jun,thu,91.0,2,999,0,nonexistent,no
7409,31,admin.,married,university.degree,unknown,yes,no,cellular,aug,mon,155.0,1,999,0,nonexistent,no
7410,41,blue-collar,married,high.school,unknown,yes,no,cellular,nov,mon,121.0,1,999,1,failure,no
7411,40,blue-collar,married,basic.9y,unknown,yes,yes,cellular,may,wed,777.0,2,999,0,nonexistent,no
7412,37,admin.,married,university.degree,no,yes,yes,cellular,mar,tue,159.0,3,999,0,nonexistent,yes
7413,33,unemployed,married,basic.9y,unknown,yes,no,cellular,nov,mon,150.0,1,999,0,nonexistent,no
7414,27,blue-collar,single,basic.9y,no,yes,no,cellular,jul,thu,818.0,1,999,0,nonexistent,no
7415,46,blue-collar,married,basic.4y,no,no,no,cellular,aug,fri,492.0,3,999,0,nonexistent,no
7416,59,retired,married,basic.9y,no,yes,no,telephone,may,tue,87.0,9,999,0,nonexistent,no
7417,26,blue-collar,married,basic.9y,unknown,yes,no,cellular,may,thu,49.0,1,999,0,nonexistent,no
7418,34,technician,married,high.school,no,yes,no,cellular,aug,wed,135.0,3,999,0,nonexistent,no
7419,34,admin.,married,university.degree,no,yes,no,cellular,nov,wed,157.0,1,999,0,nonexistent,no
7420,27,admin.,single,unknown,no,no,no,cellular,mar,tue,128.0,1,3,1,success,yes
7421,32,technician,single,university.degree,no,yes,no,cellular,may,wed,75.0,4,999,0,nonexistent,no
7422,32,admin.,married,university.degree,no,no,no,cellular,jul,thu,189.0,2,999,0,nonexistent,no
7423,31,admin.,married,university.degree,no,yes,no,cellular,aug,thu,95.0,1,999,0,nonexistent,no
7424,43,unemployed,married,basic.4y,no,no,no,telephone,may,thu,92.0,1,999,0,nonexistent,no
7425,44,management,married,university.degree,no,no,yes,telephone,may,fri,93.0,8,999,0,nonexistent,no
7426,33,admin.,divorced,high.school,no,no,no,telephone,may,tue,277.0,1,999,0,nonexistent,no
7427,31,services,married,high.school,no,no,yes,cellular,may,wed,109.0,1,999,0,nonexistent,no
7428,27,student,divorced,unknown,no,no,no,telephone,sep,wed,9.0,1,999,0,nonexistent,no
7429,39,unemployed,single,university.degree,no,no,yes,telephone,may,wed,243.0,1,999,0,nonexistent,no
7430,37,admin.,married,university.degree,no,yes,no,cellular,aug,tue,356.0,1,999,0,nonexistent,no
7431,35,admin.,single,university.degree,no,yes,no,cellular,jul,fri,963.0,2,999,0,nonexistent,yes
7432,32,management,married,high.school,no,yes,no,telephone,may,fri,119.0,2,999,0,nonexistent,no
7433,35,blue-collar,married,basic.6y,no,yes,no,cellular,may,fri,832.0,1,999,1,failure,yes
7434,39,services,married,high.school,no,no,no,telephone,jun,thu,227.0,1,999,0,nonexistent,no
7435,30,self-employed,married,university.degree,no,yes,no,cellular,jun,fri,138.0,2,999,0,nonexistent,no
7436,32,technician,single,university.degree,no,no,no,telephone,may,mon,251.0,3,999,0,nonexistent,no
7437,32,blue-collar,married,basic.4y,unknown,no,no,cellular,jul,wed,285.0,1,999,0,nonexistent,no
7438,37,entrepreneur,divorced,high.school,no,no,no,cellular,nov,wed,90.0,2,999,2,failure,no
7439,55,retired,married,basic.4y,no,yes,no,cellular,oct,thu,139.0,1,999,0,nonexistent,yes
7440,41,blue-collar,divorced,basic.6y,no,no,no,telephone,may,fri,253.0,2,999,0,nonexistent,no
7441,56,management,married,university.degree,no,no,no,telephone,jun,wed,154.0,4,999,0,nonexistent,no
7442,47,admin.,married,university.degree,no,yes,no,cellular,aug,thu,61.0,2,999,0,nonexistent,no
7443,38,blue-collar,divorced,basic.9y,no,yes,no,cellular,may,wed,122.0,3,999,0,nonexistent,no
7444,24,student,single,high.school,no,no,no,cellular,aug,fri,292.0,1,999,0,nonexistent,no
7445,61,retired,married,high.school,no,unknown,unknown,telephone,jun,wed,99.0,4,999,0,nonexistent,no
7446,40,technician,married,professional.course,no,yes,no,cellular,nov,tue,130.0,1,999,0,nonexistent,no
7447,41,admin.,married,basic.9y,unknown,yes,no,telephone,may,thu,161.0,1,999,0,nonexistent,no
7448,58,retired,married,high.school,no,yes,no,cellular,aug,fri,35.0,10,999,0,nonexistent,no
7449,45,services,divorced,high.school,unknown,yes,no,telephone,may,wed,101.0,2,999,0,nonexistent,no
7450,37,services,single,basic.9y,no,no,no,cellular,may,tue,247.0,1,999,0,nonexistent,no
7451,26,admin.,single,high.school,no,no,no,cellular,nov,mon,371.0,2,999,2,failure,no
7452,32,blue-collar,single,high.school,no,no,no,cellular,jun,mon,247.0,1,2,2,success,yes
7453,33,technician,married,professional.course,no,no,yes,cellular,aug,tue,587.0,1,999,0,nonexistent,yes
7454,48,blue-collar,single,basic.4y,unknown,yes,yes,cellular,may,tue,233.0,1,999,0,nonexistent,no
7455,30,management,married,university.degree,no,yes,no,telephone,jul,wed,90.0,2,999,0,nonexistent,no
7456,35,blue-collar,married,high.school,no,yes,no,telephone,jul,tue,7.0,1,999,0,nonexistent,no
7457,46,technician,married,professional.course,no,yes,no,cellular,nov,tue,135.0,2,999,0,nonexistent,no
7458,55,retired,married,professional.course,no,yes,yes,cellular,nov,mon,120.0,1,999,0,nonexistent,no
7459,58,management,married,university.degree,no,no,yes,cellular,jul,thu,32.0,20,999,0,nonexistent,no
7460,56,retired,married,high.school,unknown,yes,no,cellular,aug,thu,252.0,2,999,0,nonexistent,no
7461,50,blue-collar,married,basic.4y,unknown,yes,no,cellular,aug,mon,91.0,2,999,0,nonexistent,no
7462,48,entrepreneur,married,university.degree,no,no,no,cellular,apr,thu,27.0,1,999,2,failure,no
7463,36,blue-collar,single,basic.9y,no,no,yes,cellular,may,thu,1516.0,2,999,0,nonexistent,yes
7464,45,blue-collar,married,basic.4y,unknown,yes,no,cellular,aug,fri,994.0,1,999,0,nonexistent,yes
7465,46,blue-collar,married,high.school,unknown,no,no,telephone,jun,fri,116.0,3,999,0,nonexistent,no
7466,29,technician,single,university.degree,no,no,no,cellular,aug,wed,797.0,2,999,0,nonexistent,no
7467,25,blue-collar,married,professional.course,unknown,yes,no,telephone,jun,mon,77.0,2,999,0,nonexistent,no
7468,42,blue-collar,single,basic.4y,no,no,no,cellular,may,thu,128.0,1,999,0,nonexistent,no
7469,31,admin.,married,high.school,no,yes,no,telephone,jun,wed,105.0,1,999,0,nonexistent,no
7470,42,admin.,married,high.school,no,no,no,cellular,apr,fri,697.0,2,999,0,nonexistent,no
7471,41,blue-collar,married,basic.4y,no,yes,no,cellular,may,fri,302.0,1,999,0,nonexistent,no
7472,27,admin.,single,basic.9y,no,yes,no,telephone,may,wed,105.0,2,999,0,nonexistent,no
7473,37,admin.,single,university.degree,no,yes,no,cellular,oct,fri,183.0,2,999,0,nonexistent,no
7474,50,blue-collar,married,basic.4y,unknown,yes,no,cellular,aug,tue,164.0,1,999,0,nonexistent,no
7475,47,services,married,high.school,no,yes,no,cellular,nov,tue,103.0,1,999,1,failure,no
7476,31,services,married,high.school,no,yes,no,telephone,jun,wed,417.0,3,999,0,nonexistent,no
7477,28,technician,married,university.degree,no,yes,no,cellular,jul,wed,126.0,1,999,0,nonexistent,no
7478,50,services,married,high.school,no,yes,no,telephone,may,tue,347.0,1,999,0,nonexistent,no
7479,39,management,married,basic.6y,unknown,yes,no,telephone,jun,fri,38.0,3,999,0,nonexistent,no
7480,35,admin.,single,university.degree,no,yes,no,cellular,jul,mon,167.0,2,999,0,nonexistent,no
7481,49,entrepreneur,married,basic.9y,no,yes,no,telephone,may,wed,439.0,1,999,0,nonexistent,no
7482,39,management,married,university.degree,no,no,no,cellular,aug,fri,224.0,1,999,0,nonexistent,no
7483,53,admin.,married,university.degree,no,yes,no,cellular,aug,thu,238.0,1,999,0,nonexistent,no
7484,43,blue-collar,divorced,basic.4y,unknown,no,no,telephone,may,thu,154.0,2,999,0,nonexistent,no
7485,39,admin.,divorced,university.degree,unknown,no,no,telephone,jun,fri,333.0,15,999,0,nonexistent,no
7486,33,admin.,married,university.degree,no,no,no,telephone,may,thu,463.0,1,999,0,nonexistent,no
7487,38,technician,single,professional.course,no,no,no,cellular,sep,thu,430.0,4,999,0,nonexistent,yes
7488,32,management,single,university.degree,no,no,no,cellular,nov,wed,163.0,2,999,0,nonexistent,no
7489,31,technician,married,professional.course,no,yes,no,cellular,jun,tue,250.0,4,3,2,success,no
7490,27,admin.,single,university.degree,no,yes,no,cellular,nov,fri,264.0,1,999,0,nonexistent,no
7491,33,services,married,university.degree,no,yes,no,telephone,may,tue,119.0,1,999,0,nonexistent,no
7492,30,technician,married,professional.course,unknown,yes,no,cellular,aug,thu,159.0,1,999,0,nonexistent,no
7493,44,admin.,single,high.school,no,no,no,telephone,jun,mon,164.0,1,999,0,nonexistent,no
7494,46,technician,married,professional.course,no,no,no,cellular,nov,thu,108.0,2,999,0,nonexistent,no
7495,30,blue-collar,married,basic.4y,no,no,no,telephone,may,fri,371.0,1,999,0,nonexistent,no
7496,43,technician,married,professional.course,no,no,no,cellular,jul,fri,161.0,7,999,0,nonexistent,no
7497,50,management,married,university.degree,unknown,no,no,cellular,jul,thu,717.0,1,999,0,nonexistent,no
7498,37,admin.,single,university.degree,no,no,no,cellular,jul,fri,188.0,2,999,0,nonexistent,no
7499,57,admin.,married,university.degree,no,no,yes,cellular,nov,tue,192.0,2,999,0,nonexistent,no
7500,37,blue-collar,married,basic.6y,no,no,no,cellular,oct,thu,128.0,2,6,3,failure,yes
7501,31,blue-collar,married,basic.9y,no,yes,no,telephone,jun,mon,198.0,2,999,0,nonexistent,no
7502,58,retired,married,university.degree,no,unknown,unknown,cellular,nov,thu,279.0,2,999,0,nonexistent,no
7503,56,blue-collar,divorced,basic.4y,unknown,yes,no,cellular,may,tue,59.0,1,999,0,nonexistent,no
7504,55,technician,single,professional.course,no,no,no,cellular,nov,fri,142.0,2,999,0,nonexistent,no
7505,43,admin.,single,university.degree,no,no,no,cellular,nov,wed,97.0,1,999,0,nonexistent,no
7506,38,management,married,basic.9y,no,yes,no,telephone,may,tue,1000.0,1,999,0,nonexistent,yes
7507,28,services,married,high.school,no,unknown,unknown,cellular,jul,thu,81.0,4,999,0,nonexistent,no
7508,47,blue-collar,married,basic.4y,no,yes,no,telephone,may,tue,133.0,12,999,0,nonexistent,no
7509,37,admin.,divorced,high.school,no,no,no,cellular,apr,fri,156.0,1,999,1,failure,no
7510,60,housemaid,divorced,professional.course,no,yes,no,cellular,aug,tue,186.0,3,999,1,failure,no
7511,34,technician,married,university.degree,no,no,no,cellular,aug,mon,473.0,1,999,0,nonexistent,no
7512,34,blue-collar,married,basic.4y,unknown,no,no,cellular,jul,wed,285.0,5,999,0,nonexistent,no
7513,41,admin.,single,university.degree,no,no,no,cellular,jul,tue,253.0,1,999,0,nonexistent,no
7514,56,technician,married,professional.course,unknown,no,yes,telephone,may,mon,24.0,1,999,0,nonexistent,no
7515,63,retired,married,professional.course,no,no,no,cellular,dec,mon,137.0,1,999,1,failure,no
7516,53,technician,married,unknown,no,yes,no,cellular,jul,thu,38.0,1,999,0,nonexistent,no
7517,27,blue-collar,married,basic.9y,no,no,yes,telephone,may,wed,217.0,1,999,0,nonexistent,no
7518,46,services,married,high.school,unknown,no,no,cellular,aug,tue,205.0,5,999,0,nonexistent,no
7519,33,technician,married,university.degree,unknown,yes,no,cellular,aug,tue,153.0,1,999,0,nonexistent,no
7520,48,technician,married,basic.9y,no,no,no,cellular,may,thu,553.0,3,999,0,nonexistent,yes
7521,32,admin.,divorced,high.school,no,yes,no,cellular,nov,mon,134.0,1,999,0,nonexistent,no
7522,57,retired,married,unknown,unknown,yes,no,telephone,may,fri,529.0,4,999,0,nonexistent,no
7523,30,self-employed,married,professional.course,no,yes,no,cellular,may,tue,98.0,5,999,0,nonexistent,no
7524,34,admin.,single,high.school,no,yes,yes,telephone,may,wed,230.0,1,999,0,nonexistent,no
7525,53,entrepreneur,married,basic.9y,unknown,yes,no,cellular,aug,tue,1282.0,5,999,0,nonexistent,yes
7526,28,self-employed,single,university.degree,no,yes,yes,cellular,jun,mon,187.0,2,999,0,nonexistent,no
7527,51,admin.,married,basic.9y,unknown,yes,no,telephone,jun,fri,114.0,7,999,0,nonexistent,no
7528,32,admin.,single,university.degree,no,no,no,cellular,oct,fri,147.0,2,6,1,success,no
7529,52,admin.,single,basic.9y,no,no,no,telephone,may,wed,264.0,2,999,0,nonexistent,no
7530,31,technician,single,unknown,no,yes,no,cellular,aug,mon,428.0,2,9,3,success,yes
7531,33,management,single,university.degree,no,no,no,telephone,jun,wed,257.0,1,999,0,nonexistent,no
7532,30,blue-collar,married,basic.9y,unknown,no,no,cellular,may,mon,259.0,1,999,0,nonexistent,no
7533,41,services,single,university.degree,no,no,no,cellular,apr,thu,290.0,2,999,0,nonexistent,no
7534,43,blue-collar,married,basic.9y,no,yes,yes,cellular,may,mon,99.0,4,999,0,nonexistent,no
7535,36,blue-collar,married,high.school,unknown,no,no,telephone,may,wed,713.0,4,999,0,nonexistent,no
7536,42,admin.,single,university.degree,no,no,no,cellular,jul,wed,268.0,2,999,0,nonexistent,yes
7537,50,technician,married,basic.9y,no,no,no,cellular,nov,fri,705.0,1,999,0,nonexistent,yes
7538,31,technician,married,university.degree,unknown,no,no,cellular,aug,wed,93.0,3,999,0,nonexistent,no
7539,34,admin.,divorced,high.school,no,yes,yes,cellular,aug,fri,63.0,2,999,0,nonexistent,no
7540,40,housemaid,divorced,high.school,no,no,no,telephone,jun,wed,1449.0,6,999,0,nonexistent,yes
7541,31,admin.,single,university.degree,no,no,no,cellular,aug,thu,116.0,3,999,0,nonexistent,no
7542,37,blue-collar,married,basic.4y,no,no,no,telephone,may,wed,45.0,13,999,0,nonexistent,no
7543,27,student,single,unknown,unknown,yes,no,cellular,apr,thu,35.0,1,999,0,nonexistent,no
7544,36,blue-collar,married,basic.9y,no,yes,no,cellular,jul,mon,57.0,5,999,0,nonexistent,no
7545,53,management,married,unknown,no,no,no,cellular,jul,mon,123.0,2,999,0,nonexistent,no
7546,30,admin.,single,university.degree,no,no,no,cellular,aug,tue,343.0,1,999,0,nonexistent,yes
7547,37,services,married,high.school,no,yes,no,cellular,apr,fri,317.0,1,999,0,nonexistent,no
7548,32,management,single,university.degree,no,yes,yes,cellular,nov,mon,66.0,2,999,0,nonexistent,no
7549,31,admin.,divorced,university.degree,no,no,no,telephone,may,mon,53.0,5,999,0,nonexistent,no
7550,47,technician,married,professional.course,no,yes,no,cellular,aug,tue,256.0,1,999,0,nonexistent,no
7551,55,blue-collar,married,basic.4y,unknown,no,no,cellular,aug,mon,350.0,4,999,0,nonexistent,no
7552,44,admin.,married,high.school,no,yes,no,cellular,aug,fri,111.0,1,999,0,nonexistent,no
7553,31,blue-collar,married,basic.6y,unknown,yes,no,cellular,may,wed,290.0,2,999,0,nonexistent,no
7554,37,blue-collar,married,basic.6y,no,no,no,cellular,may,thu,253.0,2,999,1,failure,no
7555,31,admin.,single,high.school,no,no,no,cellular,may,thu,325.0,1,999,1,failure,no
7556,47,technician,married,professional.course,no,yes,no,cellular,aug,thu,117.0,1,999,0,nonexistent,no
7557,42,housemaid,married,university.degree,no,no,no,cellular,nov,mon,176.0,1,999,0,nonexistent,no
7558,42,admin.,married,high.school,unknown,yes,no,cellular,jul,mon,288.0,3,999,0,nonexistent,no
7559,38,entrepreneur,married,high.school,no,yes,no,cellular,nov,mon,63.0,2,999,0,nonexistent,no
7560,32,services,single,basic.6y,no,yes,no,telephone,jun,fri,307.0,3,999,0,nonexistent,no
7561,47,admin.,married,high.school,unknown,no,yes,cellular,apr,fri,517.0,1,999,0,nonexistent,no
7562,33,entrepreneur,married,university.degree,no,yes,no,cellular,jul,tue,303.0,1,999,0,nonexistent,no
7563,53,technician,married,unknown,no,no,no,cellular,mar,thu,93.0,1,999,1,failure,no
7564,41,admin.,married,university.degree,no,no,no,cellular,nov,fri,182.0,3,999,0,nonexistent,no
7565,39,blue-collar,married,basic.9y,unknown,yes,no,cellular,nov,thu,124.0,1,999,0,nonexistent,no
7566,32,admin.,single,university.degree,no,yes,no,cellular,aug,thu,206.0,1,999,0,nonexistent,no
7567,62,management,married,university.degree,no,yes,yes,cellular,aug,wed,345.0,2,999,0,nonexistent,no
7568,32,technician,married,university.degree,no,yes,no,cellular,jul,thu,80.0,2,999,0,nonexistent,no
7569,31,housemaid,married,high.school,no,no,no,telephone,jun,tue,680.0,2,999,0,nonexistent,no
7570,41,blue-collar,divorced,basic.9y,no,no,no,cellular,aug,tue,102.0,1,999,0,nonexistent,no
7571,33,self-employed,married,basic.9y,unknown,yes,no,cellular,jul,thu,209.0,1,999,0,nonexistent,no
7572,35,admin.,divorced,high.school,unknown,no,no,cellular,jul,tue,175.0,4,999,0,nonexistent,no
7573,48,blue-collar,married,basic.9y,no,yes,no,telephone,aug,fri,67.0,2,999,0,nonexistent,no
7574,54,blue-collar,married,basic.4y,unknown,yes,no,cellular,aug,wed,403.0,1,999,0,nonexistent,no
7575,28,admin.,married,university.degree,no,no,no,telephone,jun,wed,191.0,1,999,0,nonexistent,no
7576,29,admin.,married,university.degree,unknown,yes,no,telephone,jul,thu,123.0,1,999,0,nonexistent,no
7577,35,unknown,married,basic.9y,no,no,no,telephone,may,wed,89.0,1,999,0,nonexistent,no
7578,43,blue-collar,married,basic.9y,unknown,no,no,telephone,jun,fri,23.0,23,999,0,nonexistent,no
7579,41,management,married,university.degree,unknown,no,no,telephone,may,mon,213.0,2,999,0,nonexistent,no
7580,29,admin.,single,high.school,no,no,no,telephone,oct,thu,330.0,2,6,1,success,yes
7581,39,entrepreneur,married,basic.9y,no,yes,no,cellular,may,wed,419.0,2,999,0,nonexistent,no
7582,34,entrepreneur,single,professional.course,no,yes,no,telephone,jun,mon,136.0,8,999,0,nonexistent,no
7583,33,unemployed,divorced,professional.course,no,yes,no,cellular,aug,mon,150.0,2,999,0,nonexistent,no
7584,30,blue-collar,married,basic.9y,no,no,no,telephone,jun,thu,348.0,3,999,0,nonexistent,no
7585,32,technician,single,professional.course,no,yes,no,cellular,may,fri,212.0,3,999,0,nonexistent,no
7586,35,blue-collar,married,basic.6y,no,no,no,telephone,may,thu,102.0,1,999,0,nonexistent,no
7587,49,services,married,high.school,no,yes,no,cellular,aug,mon,234.0,8,999,0,nonexistent,no
7588,44,blue-collar,single,basic.9y,no,no,no,cellular,may,mon,267.0,4,999,1,failure,no
7589,35,blue-collar,married,basic.6y,unknown,yes,yes,cellular,may,thu,263.0,1,999,1,failure,no
7590,32,blue-collar,divorced,basic.6y,unknown,yes,no,telephone,jul,wed,104.0,1,999,0,nonexistent,no
7591,47,entrepreneur,married,university.degree,no,no,no,cellular,aug,tue,487.0,3,999,0,nonexistent,yes
7592,56,blue-collar,married,basic.9y,no,yes,no,cellular,jul,wed,114.0,1,999,0,nonexistent,no
7593,31,technician,married,high.school,no,yes,no,telephone,may,wed,69.0,4,999,0,nonexistent,no
7594,44,technician,married,professional.course,no,yes,no,cellular,aug,thu,236.0,7,999,0,nonexistent,no
7595,35,self-employed,married,basic.9y,no,no,yes,telephone,jun,tue,227.0,1,999,0,nonexistent,no
7596,41,blue-collar,married,basic.9y,no,yes,no,cellular,may,thu,118.0,2,999,0,nonexistent,no
7597,51,technician,married,professional.course,no,yes,no,cellular,aug,wed,118.0,2,999,0,nonexistent,no
7598,45,admin.,divorced,university.degree,no,yes,no,cellular,may,mon,197.0,2,999,0,nonexistent,no
7599,29,admin.,single,high.school,no,yes,no,cellular,jun,mon,415.0,1,3,1,success,yes
7600,37,housemaid,married,university.degree,no,yes,no,telephone,jun,fri,262.0,2,999,0,nonexistent,no
7601,32,admin.,married,university.degree,no,yes,no,cellular,apr,thu,361.0,1,999,1,failure,no
7602,55,retired,married,high.school,no,yes,no,cellular,jun,fri,136.0,3,3,1,success,no
7603,35,unemployed,single,basic.9y,no,yes,yes,cellular,jul,fri,50.0,3,999,0,nonexistent,no
7604,34,self-employed,married,illiterate,no,yes,no,cellular,nov,thu,488.0,1,999,0,nonexistent,yes
7605,33,admin.,married,university.degree,no,unknown,unknown,telephone,jun,thu,49.0,1,999,0,nonexistent,no
7606,36,services,divorced,high.school,no,no,yes,telephone,may,wed,992.0,5,999,0,nonexistent,no
7607,22,admin.,married,high.school,no,yes,yes,cellular,apr,fri,156.0,2,999,0,nonexistent,no
7608,38,housemaid,married,basic.9y,no,no,no,telephone,may,fri,378.0,1,999,0,nonexistent,no
7609,26,blue-collar,married,high.school,no,yes,no,telephone,jun,wed,126.0,12,999,0,nonexistent,no
7610,52,blue-collar,married,basic.4y,unknown,yes,yes,cellular,aug,wed,1250.0,4,999,0,nonexistent,yes
7611,40,admin.,married,university.degree,no,no,yes,cellular,apr,thu,499.0,1,999,0,nonexistent,yes
7612,58,unknown,married,basic.4y,no,yes,no,cellular,aug,tue,645.0,10,999,0,nonexistent,yes
7613,36,services,married,high.school,no,yes,no,telephone,may,mon,195.0,4,999,0,nonexistent,no
7614,44,blue-collar,married,basic.4y,no,yes,no,cellular,aug,tue,720.0,2,999,0,nonexistent,yes
7615,26,student,single,basic.9y,no,yes,no,cellular,aug,wed,182.0,1,4,1,success,yes
7616,30,self-employed,single,university.degree,no,yes,no,cellular,jul,tue,185.0,1,999,0,nonexistent,no
7617,60,retired,divorced,high.school,no,yes,no,telephone,may,thu,223.0,2,999,0,nonexistent,no
7618,27,services,single,professional.course,no,no,no,telephone,jun,fri,106.0,5,999,0,nonexistent,no
7619,50,management,single,university.degree,no,no,no,cellular,nov,tue,175.0,2,999,0,nonexistent,no
7620,50,admin.,married,basic.6y,no,yes,no,cellular,jul,wed,137.0,1,999,0,nonexistent,no
7621,40,unemployed,married,basic.9y,unknown,yes,no,cellular,jul,mon,68.0,2,999,0,nonexistent,no
7622,30,admin.,married,university.degree,no,yes,no,cellular,may,tue,358.0,1,999,0,nonexistent,no
7623,37,admin.,married,university.degree,unknown,no,no,cellular,aug,thu,535.0,1,999,0,nonexistent,yes
7624,32,admin.,divorced,university.degree,no,yes,no,cellular,nov,fri,101.0,3,999,0,nonexistent,no
7625,48,admin.,married,university.degree,no,yes,no,cellular,nov,mon,159.0,1,6,3,success,yes
7626,52,housemaid,married,basic.6y,no,yes,no,cellular,aug,fri,208.0,1,999,0,nonexistent,no
7627,29,management,single,university.degree,no,yes,yes,telephone,may,mon,122.0,2,999,0,nonexistent,no
7628,39,technician,single,professional.course,no,yes,no,cellular,may,mon,87.0,5,999,0,nonexistent,no
7629,48,blue-collar,married,basic.4y,no,no,yes,cellular,may,wed,170.0,1,999,0,nonexistent,no
7630,41,blue-collar,married,basic.6y,no,yes,no,cellular,jul,thu,5.0,3,999,0,nonexistent,no
7631,43,services,divorced,high.school,no,no,no,cellular,jul,mon,122.0,2,999,0,nonexistent,no
7632,32,blue-collar,married,professional.course,no,yes,no,telephone,jun,wed,67.0,2,999,0,nonexistent,no
7633,70,retired,married,basic.4y,no,yes,no,cellular,apr,wed,223.0,2,999,0,nonexistent,yes
7634,34,blue-collar,single,basic.9y,no,no,no,telephone,may,wed,159.0,3,999,0,nonexistent,no
7635,36,admin.,single,university.degree,no,no,no,cellular,nov,wed,186.0,5,999,0,nonexistent,no
7636,39,admin.,married,university.degree,no,yes,no,cellular,aug,thu,86.0,2,999,0,nonexistent,no
7637,35,admin.,single,university.degree,no,no,no,cellular,aug,thu,250.0,1,999,1,failure,no
7638,33,admin.,married,university.degree,no,yes,no,telephone,jun,wed,379.0,5,999,0,nonexistent,no
7639,37,services,divorced,basic.9y,no,no,no,cellular,jul,wed,143.0,1,999,0,nonexistent,no
7640,42,admin.,married,university.degree,no,yes,no,cellular,aug,tue,576.0,1,4,1,success,yes
7641,46,blue-collar,married,basic.4y,unknown,yes,no,telephone,may,thu,101.0,4,999,0,nonexistent,no
7642,38,technician,single,professional.course,no,no,yes,cellular,nov,tue,76.0,1,999,0,nonexistent,no
7643,32,technician,single,professional.course,no,yes,no,cellular,jul,wed,156.0,2,999,0,nonexistent,no
7644,57,services,divorced,high.school,no,no,no,telephone,jun,mon,168.0,1,999,0,nonexistent,no
7645,59,admin.,married,university.degree,no,yes,yes,telephone,may,thu,535.0,2,999,0,nonexistent,no
7646,32,blue-collar,married,basic.9y,unknown,yes,yes,cellular,may,mon,29.0,3,999,0,nonexistent,no
7647,41,management,married,university.degree,no,no,no,cellular,nov,wed,140.0,1,999,1,failure,no
7648,42,entrepreneur,married,university.degree,unknown,yes,yes,cellular,aug,thu,148.0,2,999,0,nonexistent,no
7649,32,blue-collar,divorced,basic.9y,no,yes,yes,cellular,nov,thu,215.0,6,999,1,failure,no
7650,61,admin.,married,university.degree,no,yes,yes,cellular,apr,thu,266.0,5,999,0,nonexistent,yes
7651,29,admin.,married,university.degree,no,no,yes,telephone,may,tue,232.0,3,999,0,nonexistent,no
7652,81,retired,divorced,basic.4y,no,yes,no,cellular,oct,thu,158.0,1,999,1,failure,no
7653,30,services,married,university.degree,no,yes,no,cellular,may,mon,109.0,2,999,0,nonexistent,no
7654,33,blue-collar,married,basic.6y,no,no,no,cellular,may,thu,467.0,1,999,0,nonexistent,yes
7655,41,services,married,high.school,no,yes,no,cellular,may,wed,314.0,2,999,0,nonexistent,yes
7656,28,services,married,unknown,no,yes,no,telephone,may,wed,260.0,2,999,0,nonexistent,no
7657,31,admin.,married,high.school,unknown,yes,no,cellular,jul,tue,177.0,3,999,0,nonexistent,no
7658,28,self-employed,single,basic.9y,no,yes,no,telephone,may,tue,4.0,4,999,0,nonexistent,no
7659,55,management,divorced,university.degree,no,no,no,cellular,nov,thu,131.0,2,999,1,failure,no
7660,41,blue-collar,married,basic.9y,no,yes,no,cellular,may,mon,7.0,6,999,0,nonexistent,no
7661,34,admin.,married,university.degree,no,yes,no,cellular,may,mon,915.0,2,999,0,nonexistent,yes
7662,54,housemaid,married,basic.4y,unknown,yes,no,cellular,jul,wed,92.0,3,999,0,nonexistent,no
7663,28,services,single,high.school,no,yes,no,cellular,apr,thu,322.0,2,999,0,nonexistent,no
7664,40,admin.,single,university.degree,no,no,no,telephone,jul,fri,241.0,1,999,0,nonexistent,no
7665,34,technician,single,university.degree,unknown,no,no,telephone,may,mon,66.0,3,999,0,nonexistent,no
7666,44,self-employed,single,basic.6y,unknown,yes,no,telephone,may,fri,248.0,2,999,0,nonexistent,no
7667,45,entrepreneur,married,basic.4y,unknown,no,no,cellular,may,mon,211.0,5,999,0,nonexistent,no
7668,50,blue-collar,married,basic.9y,unknown,yes,no,cellular,aug,tue,60.0,4,999,0,nonexistent,no
7669,45,housemaid,married,professional.course,unknown,no,no,telephone,may,mon,166.0,2,999,0,nonexistent,no
7670,31,admin.,single,high.school,no,no,no,cellular,may,wed,439.0,1,3,1,success,yes
7671,29,services,single,university.degree,no,yes,no,telephone,aug,fri,6.0,1,999,0,nonexistent,no
7672,53,management,single,professional.course,unknown,no,no,cellular,jul,wed,76.0,5,999,0,nonexistent,no
7673,46,blue-collar,married,basic.4y,unknown,no,no,telephone,may,mon,338.0,2,999,0,nonexistent,no
7674,36,admin.,single,high.school,no,no,no,cellular,may,thu,42.0,2,999,1,failure,no
7675,53,technician,married,professional.course,no,no,no,cellular,aug,fri,136.0,1,999,0,nonexistent,no
7676,41,technician,married,professional.course,no,yes,no,telephone,jun,wed,47.0,3,999,0,nonexistent,no
7677,41,technician,married,professional.course,no,yes,no,cellular,jul,thu,410.0,3,999,0,nonexistent,no
7678,32,self-employed,single,university.degree,no,yes,no,cellular,jun,mon,64.0,1,999,0,nonexistent,no
7679,39,technician,single,professional.course,no,no,no,cellular,aug,mon,71.0,1,999,0,nonexistent,no
7680,43,blue-collar,married,basic.4y,unknown,yes,no,telephone,may,fri,168.0,2,999,0,nonexistent,no
7681,46,admin.,divorced,university.degree,no,yes,no,telephone,may,tue,304.0,2,999,0,nonexistent,no
7682,24,technician,single,professional.course,unknown,yes,yes,telephone,may,fri,447.0,1,999,0,nonexistent,no
7683,20,entrepreneur,single,high.school,no,no,no,telephone,may,thu,598.0,3,999,0,nonexistent,no
7684,29,technician,single,university.degree,no,yes,no,cellular,apr,mon,210.0,2,999,0,nonexistent,no
7685,53,blue-collar,married,basic.9y,unknown,yes,no,telephone,may,fri,267.0,1,999,0,nonexistent,no
7686,42,housemaid,divorced,basic.4y,unknown,yes,no,telephone,jun,thu,150.0,2,999,0,nonexistent,no
7687,31,blue-collar,single,high.school,no,yes,no,cellular,nov,wed,154.0,2,999,0,nonexistent,no
7688,50,blue-collar,married,basic.4y,unknown,no,no,telephone,jun,thu,182.0,1,999,0,nonexistent,no
7689,43,management,married,university.degree,no,no,yes,telephone,jul,thu,203.0,1,999,0,nonexistent,no
7690,55,technician,married,basic.6y,no,yes,no,telephone,may,tue,452.0,2,999,0,nonexistent,no
7691,39,unemployed,married,high.school,no,yes,no,telephone,may,fri,283.0,1,999,0,nonexistent,no
7692,41,management,married,university.degree,no,no,yes,telephone,may,fri,359.0,4,999,0,nonexistent,no
7693,48,admin.,married,basic.6y,no,yes,no,cellular,oct,tue,115.0,2,5,2,success,no
7694,35,admin.,single,university.degree,unknown,no,no,cellular,may,wed,60.0,1,999,1,failure,no
7695,34,unknown,married,basic.4y,unknown,yes,no,telephone,may,tue,267.0,1,999,0,nonexistent,no
7696,38,unemployed,married,high.school,no,no,no,cellular,jul,mon,273.0,5,999,0,nonexistent,no
7697,32,technician,married,professional.course,no,yes,no,cellular,aug,wed,159.0,1,999,0,nonexistent,no
7698,47,housemaid,married,basic.4y,unknown,no,no,cellular,jul,wed,189.0,3,999,0,nonexistent,no
7699,25,self-employed,divorced,university.degree,no,yes,no,cellular,apr,mon,227.0,5,999,0,nonexistent,yes
7700,58,admin.,married,university.degree,no,no,no,cellular,aug,wed,460.0,1,999,0,nonexistent,no
7701,51,admin.,single,basic.6y,no,no,no,telephone,may,mon,303.0,2,999,0,nonexistent,no
7702,33,admin.,single,university.degree,no,yes,no,cellular,jun,wed,313.0,2,999,0,nonexistent,yes
7703,36,admin.,married,university.degree,no,no,no,cellular,aug,mon,610.0,2,999,0,nonexistent,yes
7704,41,blue-collar,married,basic.4y,no,no,no,telephone,may,thu,404.0,1,999,0,nonexistent,no
7705,29,blue-collar,married,high.school,no,yes,yes,telephone,may,wed,184.0,2,999,0,nonexistent,no
7706,39,admin.,married,university.degree,no,yes,no,cellular,aug,mon,57.0,4,999,0,nonexistent,no
7707,53,self-employed,single,university.degree,no,no,yes,cellular,nov,thu,61.0,2,999,1,failure,no
7708,37,admin.,single,university.degree,no,yes,no,cellular,jul,fri,96.0,2,4,3,success,no
7709,43,admin.,married,university.degree,no,yes,no,cellular,nov,wed,209.0,2,999,0,nonexistent,no
7710,31,admin.,single,university.degree,unknown,yes,no,cellular,aug,wed,87.0,1,999,0,nonexistent,no
7711,41,admin.,single,high.school,unknown,yes,no,telephone,may,mon,519.0,2,999,0,nonexistent,no
7712,36,blue-collar,married,high.school,unknown,no,no,telephone,jun,fri,50.0,5,999,0,nonexistent,no
7713,47,technician,married,university.degree,no,yes,no,cellular,aug,wed,184.0,3,999,0,nonexistent,no
7714,58,retired,married,professional.course,no,yes,no,cellular,nov,tue,191.0,1,999,0,nonexistent,no
7715,31,services,married,high.school,no,no,yes,cellular,jul,fri,1319.0,2,999,0,nonexistent,no
7716,46,self-employed,married,basic.9y,unknown,no,yes,cellular,nov,mon,836.0,1,999,1,failure,no
7717,51,blue-collar,divorced,basic.4y,no,no,no,telephone,may,tue,244.0,1,999,0,nonexistent,no
7718,39,services,married,high.school,no,no,no,telephone,jun,tue,77.0,2,999,0,nonexistent,no
7719,36,housemaid,married,basic.4y,unknown,no,no,telephone,may,mon,501.0,3,999,0,nonexistent,no
7720,30,admin.,single,university.degree,no,yes,no,cellular,may,mon,232.0,2,999,1,failure,no
7721,54,blue-collar,married,basic.4y,no,no,no,cellular,aug,wed,50.0,1,999,0,nonexistent,no
7722,47,blue-collar,married,basic.6y,no,yes,no,cellular,aug,tue,373.0,1,999,0,nonexistent,no
7723,35,management,married,university.degree,no,no,no,cellular,aug,tue,186.0,1,999,0,nonexistent,no
7724,35,blue-collar,married,professional.course,no,no,no,telephone,may,mon,341.0,12,999,0,nonexistent,no
7725,34,blue-collar,married,basic.9y,no,yes,no,telephone,jun,fri,232.0,2,999,0,nonexistent,no
7726,27,technician,single,basic.9y,no,yes,no,cellular,apr,wed,56.0,7,999,0,nonexistent,no
7727,37,technician,divorced,professional.course,unknown,yes,no,cellular,jul,mon,1134.0,5,999,0,nonexistent,yes
7728,40,admin.,divorced,university.degree,no,no,no,telephone,jul,wed,192.0,5,999,0,nonexistent,no
7729,40,services,married,basic.6y,unknown,no,no,telephone,jun,fri,11.0,11,999,0,nonexistent,no
7730,35,blue-collar,single,basic.9y,no,no,no,cellular,aug,wed,305.0,3,999,1,failure,no
7731,55,admin.,married,university.degree,no,yes,no,cellular,may,mon,8.0,2,999,0,nonexistent,no
7732,34,blue-collar,married,basic.9y,no,yes,yes,cellular,nov,tue,133.0,2,999,0,nonexistent,no
7733,28,services,single,university.degree,no,no,no,telephone,jun,mon,215.0,1,999,0,nonexistent,no
7734,44,blue-collar,single,basic.9y,unknown,no,no,telephone,may,thu,122.0,2,999,0,nonexistent,no
7735,49,technician,married,professional.course,no,no,no,telephone,may,fri,146.0,6,999,0,nonexistent,no
7736,39,blue-collar,married,basic.9y,unknown,no,no,cellular,may,fri,143.0,2,999,0,nonexistent,no
7737,35,blue-collar,married,basic.6y,no,yes,no,telephone,may,fri,178.0,2,999,0,nonexistent,no
7738,37,admin.,single,high.school,no,yes,no,cellular,nov,fri,103.0,2,999,0,nonexistent,no
7739,36,blue-collar,single,high.school,no,no,no,cellular,aug,wed,211.0,2,999,0,nonexistent,no
7740,66,retired,married,basic.4y,unknown,yes,no,cellular,aug,tue,142.0,2,999,0,nonexistent,yes
7741,40,admin.,married,high.school,no,no,no,cellular,oct,wed,524.0,3,999,1,failure,yes
7742,64,admin.,married,high.school,no,no,no,cellular,jul,thu,368.0,1,999,0,nonexistent,yes
7743,22,student,single,high.school,no,no,yes,telephone,jun,thu,166.0,2,999,0,nonexistent,yes
7744,56,blue-collar,married,basic.9y,no,yes,no,cellular,aug,wed,58.0,3,999,0,nonexistent,no
7745,28,services,married,high.school,no,no,no,cellular,jul,tue,262.0,1,999,0,nonexistent,no
7746,27,blue-collar,married,basic.9y,unknown,no,no,telephone,may,mon,322.0,1,999,0,nonexistent,no
7747,56,blue-collar,married,high.school,no,yes,no,cellular,aug,thu,69.0,11,999,0,nonexistent,no
7748,25,admin.,married,university.degree,no,no,no,cellular,may,mon,496.0,1,999,0,nonexistent,no
7749,31,services,divorced,high.school,no,yes,no,cellular,jul,mon,522.0,1,999,0,nonexistent,no
7750,38,technician,married,unknown,unknown,unknown,unknown,telephone,may,wed,162.0,2,999,0,nonexistent,no
7751,60,admin.,divorced,high.school,no,yes,no,cellular,jul,fri,144.0,1,999,0,nonexistent,no
7752,32,services,single,professional.course,no,yes,no,cellular,jun,tue,297.0,1,999,2,failure,no
7753,53,retired,married,basic.4y,unknown,yes,no,telephone,may,thu,217.0,2,999,0,nonexistent,no
7754,45,blue-collar,divorced,professional.course,unknown,yes,no,cellular,jul,wed,74.0,1,999,0,nonexistent,no
7755,35,technician,married,university.degree,no,no,no,cellular,apr,mon,124.0,1,999,0,nonexistent,no
7756,40,admin.,divorced,university.degree,no,yes,no,telephone,may,fri,117.0,2,999,0,nonexistent,no
7757,42,management,married,basic.6y,unknown,yes,no,telephone,may,tue,89.0,5,999,0,nonexistent,no
7758,37,blue-collar,married,basic.6y,unknown,no,yes,telephone,may,fri,574.0,5,999,0,nonexistent,no
7759,46,admin.,married,basic.9y,unknown,no,no,cellular,may,fri,175.0,2,999,1,failure,no
7760,29,student,single,professional.course,no,yes,no,cellular,apr,fri,96.0,2,999,1,failure,no
7761,41,self-employed,single,university.degree,no,yes,yes,telephone,may,wed,23.0,17,999,0,nonexistent,no
7762,46,admin.,married,high.school,no,yes,yes,cellular,sep,fri,154.0,3,999,0,nonexistent,no
7763,26,management,single,university.degree,no,yes,no,cellular,jun,fri,230.0,2,999,0,nonexistent,no
7764,32,technician,married,university.degree,no,yes,no,cellular,aug,mon,130.0,1,999,0,nonexistent,no
7765,37,entrepreneur,married,basic.6y,unknown,unknown,unknown,telephone,may,fri,71.0,1,999,0,nonexistent,no
7766,37,blue-collar,married,basic.9y,unknown,no,no,cellular,may,wed,138.0,1,999,0,nonexistent,no
7767,21,student,single,basic.9y,no,yes,yes,telephone,jul,tue,295.0,1,999,0,nonexistent,no
7768,50,admin.,married,university.degree,no,no,no,cellular,jun,mon,269.0,1,3,1,success,yes
7769,45,blue-collar,single,professional.course,no,yes,no,cellular,may,fri,1954.0,2,999,0,nonexistent,no
7770,38,technician,married,professional.course,no,yes,no,cellular,mar,fri,166.0,3,999,0,nonexistent,yes
7771,39,services,single,basic.9y,unknown,yes,no,cellular,apr,mon,54.0,2,999,0,nonexistent,no
7772,34,technician,single,high.school,no,no,no,telephone,jun,fri,236.0,7,999,0,nonexistent,no
7773,28,blue-collar,married,unknown,unknown,no,no,telephone,jun,wed,445.0,3,999,0,nonexistent,no
7774,40,blue-collar,married,basic.9y,no,no,no,cellular,apr,tue,354.0,1,999,0,nonexistent,no
7775,36,technician,single,university.degree,no,yes,no,cellular,aug,tue,486.0,2,999,0,nonexistent,no
7776,49,services,married,basic.6y,no,no,yes,cellular,apr,fri,383.0,1,999,0,nonexistent,no
7777,49,self-employed,divorced,university.degree,no,no,yes,cellular,jul,wed,207.0,2,999,0,nonexistent,no
7778,39,blue-collar,married,basic.9y,unknown,no,no,telephone,jul,wed,87.0,2,999,0,nonexistent,no
7779,42,blue-collar,married,basic.4y,no,no,no,telephone,jun,tue,110.0,4,999,0,nonexistent,no
7780,35,admin.,married,high.school,no,yes,no,cellular,oct,thu,194.0,1,4,1,success,yes
7781,45,admin.,married,university.degree,no,no,no,telephone,jun,mon,281.0,4,999,0,nonexistent,no
7782,37,admin.,married,university.degree,no,yes,no,cellular,jul,tue,125.0,3,999,0,nonexistent,no
7783,40,management,married,university.degree,no,yes,no,cellular,jul,thu,321.0,4,999,0,nonexistent,yes
7784,33,technician,single,professional.course,no,no,no,cellular,may,thu,480.0,2,999,0,nonexistent,no
7785,41,entrepreneur,married,basic.9y,no,no,yes,cellular,may,mon,285.0,2,999,0,nonexistent,no
7786,58,unemployed,married,basic.9y,no,yes,no,cellular,apr,thu,229.0,1,6,1,success,yes
7787,59,self-employed,married,university.degree,no,no,no,cellular,may,tue,94.0,2,999,1,failure,no
7788,30,services,married,university.degree,unknown,yes,no,telephone,jun,tue,200.0,1,999,0,nonexistent,no
7789,38,admin.,single,university.degree,no,yes,no,cellular,aug,fri,116.0,1,999,0,nonexistent,no
7790,51,blue-collar,married,professional.course,no,no,yes,cellular,aug,thu,17.0,5,999,0,nonexistent,no
7791,32,blue-collar,married,basic.9y,no,no,no,telephone,may,tue,85.0,2,999,0,nonexistent,no
7792,29,student,single,high.school,no,no,no,cellular,may,tue,104.0,1,7,1,success,no
7793,59,admin.,married,university.degree,no,no,no,telephone,may,fri,279.0,2,999,0,nonexistent,no
7794,53,self-employed,married,basic.9y,no,yes,no,cellular,may,tue,600.0,4,999,0,nonexistent,no
7795,53,technician,married,university.degree,no,unknown,unknown,cellular,apr,thu,758.0,2,999,2,failure,yes
7796,33,technician,single,university.degree,no,yes,no,cellular,jul,thu,359.0,2,999,0,nonexistent,no
7797,58,technician,divorced,university.degree,unknown,yes,no,cellular,aug,thu,86.0,2,999,0,nonexistent,no
7798,50,blue-collar,married,professional.course,unknown,no,no,cellular,nov,thu,283.0,1,999,0,nonexistent,yes
7799,49,admin.,single,high.school,no,yes,no,telephone,oct,fri,434.0,1,999,1,failure,yes
7800,39,blue-collar,divorced,high.school,no,no,yes,cellular,nov,mon,190.0,2,999,0,nonexistent,no
7801,58,services,married,high.school,no,no,no,cellular,mar,mon,92.0,2,3,1,success,yes
7802,42,technician,married,basic.9y,no,no,no,telephone,may,tue,209.0,1,999,0,nonexistent,no
7803,40,admin.,divorced,professional.course,no,no,no,telephone,may,mon,102.0,1,999,0,nonexistent,no
7804,43,management,married,university.degree,no,no,no,cellular,aug,wed,204.0,2,999,0,nonexistent,no
7805,37,unemployed,single,professional.course,no,no,no,cellular,oct,fri,142.0,4,6,1,success,no
7806,31,services,divorced,high.school,no,no,no,telephone,nov,mon,107.0,2,999,0,nonexistent,no
7807,28,blue-collar,married,high.school,no,yes,no,cellular,jul,mon,210.0,2,999,0,nonexistent,no
7808,24,technician,single,professional.course,no,no,no,cellular,jun,tue,227.0,1,4,1,success,yes
7809,47,services,married,basic.4y,no,yes,yes,cellular,aug,tue,220.0,2,999,0,nonexistent,no
7810,45,entrepreneur,single,university.degree,no,no,no,telephone,jun,mon,162.0,6,999,0,nonexistent,no
7811,31,self-employed,divorced,basic.9y,no,yes,no,cellular,may,fri,12.0,10,999,1,failure,no
7812,25,admin.,married,high.school,no,yes,no,telephone,may,fri,231.0,2,999,0,nonexistent,no
7813,54,technician,married,professional.course,unknown,no,no,cellular,aug,tue,87.0,1,999,0,nonexistent,no
7814,36,admin.,single,high.school,no,yes,no,cellular,nov,fri,90.0,2,999,0,nonexistent,no
7815,39,technician,married,professional.course,no,no,no,telephone,oct,thu,171.0,1,999,0,nonexistent,yes
7816,40,admin.,married,university.degree,unknown,yes,no,telephone,jun,mon,417.0,1,999,0,nonexistent,no
7817,38,blue-collar,married,basic.6y,no,yes,no,cellular,may,mon,135.0,2,999,0,nonexistent,no
7818,52,entrepreneur,married,basic.9y,unknown,yes,no,cellular,jul,mon,163.0,2,999,0,nonexistent,no
7819,30,admin.,single,university.degree,no,yes,yes,cellular,may,mon,22.0,3,999,0,nonexistent,no
7820,32,management,single,university.degree,no,yes,no,cellular,mar,tue,59.0,1,999,0,nonexistent,no
7821,37,technician,single,university.degree,unknown,no,yes,cellular,aug,mon,1559.0,5,999,0,nonexistent,no
7822,24,technician,single,professional.course,no,no,no,cellular,jul,wed,98.0,2,999,0,nonexistent,no
7823,46,blue-collar,married,basic.6y,no,yes,no,cellular,aug,fri,119.0,1,999,0,nonexistent,no
7824,38,blue-collar,married,basic.9y,no,yes,yes,telephone,may,fri,57.0,1,999,0,nonexistent,no
7825,32,blue-collar,single,professional.course,no,no,no,cellular,may,tue,343.0,6,999,1,failure,no
7826,43,blue-collar,married,basic.9y,no,no,yes,telephone,may,wed,335.0,1,999,0,nonexistent,no
7827,32,admin.,single,university.degree,no,unknown,unknown,cellular,aug,fri,107.0,1,999,0,nonexistent,no
7828,35,blue-collar,married,basic.9y,no,yes,no,cellular,may,tue,74.0,3,999,0,nonexistent,no
7829,71,retired,married,basic.4y,unknown,unknown,unknown,cellular,aug,tue,216.0,1,999,0,nonexistent,yes
7830,29,technician,single,university.degree,no,yes,yes,cellular,aug,wed,225.0,1,999,0,nonexistent,no
7831,33,admin.,single,university.degree,no,no,no,telephone,may,thu,342.0,1,999,0,nonexistent,no
7832,31,services,married,high.school,unknown,no,yes,cellular,jul,thu,205.0,1,999,0,nonexistent,no
7833,53,blue-collar,married,basic.4y,no,yes,no,telephone,jul,fri,134.0,1,999,0,nonexistent,no
7834,58,retired,married,unknown,unknown,no,yes,cellular,aug,tue,92.0,2,999,0,nonexistent,no
7835,33,services,single,professional.course,no,no,no,telephone,may,thu,182.0,1,999,0,nonexistent,no
7836,51,technician,married,professional.course,no,yes,no,cellular,aug,thu,291.0,1,999,0,nonexistent,no
7837,58,retired,married,basic.4y,unknown,no,no,cellular,jul,mon,22.0,18,999,0,nonexistent,no
7838,24,technician,single,professional.course,no,no,no,telephone,may,tue,240.0,4,999,0,nonexistent,no
7839,45,blue-collar,married,basic.9y,no,no,no,telephone,may,wed,135.0,1,999,0,nonexistent,no
7840,36,technician,single,professional.course,no,no,no,cellular,aug,wed,275.0,1,999,0,nonexistent,no
7841,63,retired,married,professional.course,no,no,no,telephone,sep,wed,134.0,3,999,1,failure,no
7842,33,unemployed,married,high.school,no,yes,no,cellular,may,mon,74.0,1,999,1,failure,no
7843,25,technician,single,professional.course,no,yes,yes,telephone,may,fri,156.0,2,999,0,nonexistent,no
7844,26,blue-collar,single,high.school,no,yes,no,telephone,jun,tue,167.0,1,999,0,nonexistent,no
7845,59,technician,married,unknown,no,yes,no,telephone,may,thu,30.0,1,999,0,nonexistent,no
7846,38,blue-collar,married,basic.9y,no,no,no,telephone,may,fri,84.0,9,999,0,nonexistent,no
7847,24,technician,single,basic.9y,no,yes,no,cellular,jul,wed,74.0,1,999,0,nonexistent,no
7848,24,admin.,single,university.degree,no,no,no,cellular,may,mon,174.0,1,999,1,failure,no
7849,55,technician,divorced,professional.course,no,no,no,cellular,jul,tue,71.0,1,999,0,nonexistent,no
7850,35,student,married,basic.9y,no,no,no,cellular,jul,wed,156.0,6,999,0,nonexistent,no
7851,32,entrepreneur,single,university.degree,no,no,yes,cellular,nov,thu,126.0,1,999,0,nonexistent,no
7852,41,services,divorced,high.school,no,no,no,cellular,may,wed,52.0,2,999,0,nonexistent,no
7853,32,entrepreneur,married,university.degree,no,yes,yes,cellular,nov,wed,434.0,1,999,0,nonexistent,no
7854,46,housemaid,married,basic.4y,unknown,yes,no,cellular,aug,thu,75.0,1,999,0,nonexistent,no
7855,50,admin.,married,university.degree,no,no,no,telephone,jul,mon,1076.0,17,999,0,nonexistent,yes
7856,50,entrepreneur,married,basic.9y,no,yes,no,telephone,jun,fri,82.0,2,999,0,nonexistent,no
7857,32,housemaid,single,high.school,no,unknown,unknown,telephone,may,mon,180.0,1,999,0,nonexistent,no
7858,38,blue-collar,married,basic.9y,no,no,no,cellular,nov,wed,559.0,1,999,1,failure,no
7859,30,blue-collar,single,basic.9y,no,yes,no,cellular,jul,mon,89.0,4,999,0,nonexistent,no
7860,34,admin.,married,university.degree,no,yes,no,cellular,sep,wed,691.0,2,999,0,nonexistent,no
7861,55,blue-collar,married,basic.9y,unknown,yes,no,telephone,may,mon,212.0,2,999,0,nonexistent,no
7862,53,technician,married,unknown,unknown,yes,no,cellular,jul,thu,988.0,5,999,0,nonexistent,no
7863,29,blue-collar,divorced,high.school,no,yes,no,telephone,jul,thu,178.0,1,999,0,nonexistent,no
7864,35,blue-collar,married,basic.6y,unknown,no,no,cellular,may,fri,43.0,1,999,0,nonexistent,no
7865,45,self-employed,married,high.school,no,no,no,cellular,may,fri,374.0,1,999,1,failure,yes
7866,35,student,single,university.degree,no,yes,no,cellular,oct,tue,79.0,2,999,0,nonexistent,yes
7867,34,technician,single,professional.course,unknown,yes,no,telephone,jul,fri,225.0,2,999,0,nonexistent,no
7868,48,housemaid,married,basic.9y,no,yes,no,cellular,aug,tue,137.0,3,999,0,nonexistent,no
7869,50,entrepreneur,married,university.degree,no,no,no,cellular,nov,mon,134.0,1,999,1,failure,no
7870,39,services,married,high.school,unknown,yes,no,telephone,jul,mon,173.0,3,999,0,nonexistent,no
7871,50,housemaid,single,unknown,no,no,no,telephone,jun,mon,741.0,4,999,0,nonexistent,yes
7872,46,blue-collar,married,basic.9y,no,yes,yes,cellular,nov,wed,814.0,1,999,0,nonexistent,yes
7873,30,technician,single,university.degree,no,no,no,cellular,may,mon,195.0,1,999,0,nonexistent,no
7874,34,technician,married,university.degree,no,no,no,telephone,aug,thu,122.0,1,999,0,nonexistent,no
7875,48,entrepreneur,married,basic.9y,unknown,no,no,cellular,may,wed,487.0,2,999,0,nonexistent,no
7876,38,blue-collar,married,professional.course,no,yes,yes,cellular,nov,wed,87.0,2,999,0,nonexistent,no
7877,41,housemaid,married,basic.6y,no,no,no,cellular,aug,tue,56.0,2,999,0,nonexistent,no
7878,32,student,single,university.degree,no,yes,no,telephone,jun,mon,295.0,2,999,0,nonexistent,no
7879,35,admin.,single,university.degree,no,no,no,cellular,nov,wed,187.0,5,999,0,nonexistent,no
7880,29,admin.,single,high.school,no,yes,no,cellular,apr,thu,733.0,1,999,0,nonexistent,yes
7881,41,admin.,single,university.degree,no,yes,yes,telephone,jul,thu,180.0,5,999,0,nonexistent,no
7882,38,technician,married,university.degree,unknown,yes,no,telephone,may,fri,1023.0,4,999,0,nonexistent,no
7883,35,blue-collar,married,basic.6y,no,no,yes,cellular,apr,fri,229.0,3,999,0,nonexistent,no
7884,24,student,single,high.school,no,yes,no,cellular,aug,fri,456.0,1,999,0,nonexistent,yes
7885,40,management,single,university.degree,no,no,no,cellular,jul,thu,309.0,2,999,0,nonexistent,no
7886,31,admin.,divorced,high.school,no,no,no,telephone,may,tue,47.0,1,999,0,nonexistent,no
7887,27,admin.,single,university.degree,no,no,no,cellular,apr,thu,523.0,1,999,0,nonexistent,yes
7888,40,management,divorced,university.degree,unknown,yes,no,telephone,may,fri,157.0,1,999,0,nonexistent,no
7889,30,blue-collar,married,basic.4y,no,yes,no,telephone,jul,thu,553.0,6,999,0,nonexistent,no
7890,37,blue-collar,married,unknown,no,yes,no,cellular,may,tue,696.0,1,999,1,failure,no
7891,38,admin.,married,basic.6y,no,yes,no,telephone,jul,thu,214.0,3,999,0,nonexistent,no
7892,47,technician,married,professional.course,unknown,no,no,cellular,apr,fri,92.0,1,999,0,nonexistent,no
7893,25,student,single,unknown,no,no,no,cellular,jul,tue,170.0,1,999,0,nonexistent,no
7894,39,technician,divorced,high.school,no,yes,no,telephone,may,fri,15.0,11,999,0,nonexistent,no
7895,27,unknown,single,high.school,unknown,yes,yes,cellular,may,mon,154.0,1,999,1,failure,no
7896,51,self-employed,divorced,university.degree,no,yes,no,cellular,nov,wed,670.0,1,999,0,nonexistent,yes
7897,42,blue-collar,married,high.school,no,yes,no,cellular,may,wed,597.0,1,999,0,nonexistent,no
7898,44,self-employed,married,university.degree,no,yes,no,cellular,may,fri,151.0,1,999,1,failure,no
7899,52,technician,married,basic.9y,no,no,no,telephone,may,fri,97.0,1,999,0,nonexistent,no
7900,29,management,single,university.degree,no,yes,no,cellular,may,tue,112.0,1,999,0,nonexistent,no
7901,33,management,married,university.degree,no,yes,no,telephone,may,thu,144.0,2,999,0,nonexistent,no
7902,32,admin.,married,university.degree,no,no,no,cellular,sep,thu,444.0,1,999,1,failure,yes
7903,26,blue-collar,single,basic.9y,no,no,no,cellular,jul,wed,1139.0,1,999,0,nonexistent,yes
7904,40,services,married,unknown,unknown,no,no,cellular,apr,mon,294.0,1,999,1,failure,no
7905,56,entrepreneur,married,university.degree,no,yes,no,telephone,may,fri,428.0,2,999,0,nonexistent,no
7906,52,blue-collar,single,basic.9y,no,no,no,cellular,nov,thu,771.0,2,999,0,nonexistent,no
7907,32,admin.,married,university.degree,no,no,no,telephone,may,thu,88.0,3,999,0,nonexistent,no
7908,46,admin.,married,university.degree,unknown,yes,no,cellular,jul,tue,55.0,2,999,0,nonexistent,no
7909,26,admin.,single,high.school,no,no,no,cellular,jun,fri,76.0,2,999,1,failure,no
7910,58,admin.,married,high.school,no,yes,no,cellular,nov,fri,441.0,1,999,0,nonexistent,no
7911,32,entrepreneur,married,basic.4y,no,yes,no,cellular,nov,wed,111.0,1,999,0,nonexistent,no
7912,29,technician,married,university.degree,no,no,no,cellular,aug,tue,391.0,3,999,0,nonexistent,no
7913,31,technician,single,professional.course,no,no,no,cellular,aug,wed,81.0,2,999,0,nonexistent,no
7914,42,admin.,married,university.degree,no,yes,no,cellular,aug,tue,172.0,3,999,0,nonexistent,no
7915,49,services,single,high.school,no,yes,no,cellular,jul,thu,72.0,6,999,0,nonexistent,no
7916,55,blue-collar,married,basic.4y,no,no,yes,telephone,may,fri,119.0,1,999,0,nonexistent,no
7917,38,admin.,single,high.school,no,no,no,cellular,aug,wed,181.0,1,999,0,nonexistent,no
7918,41,technician,married,professional.course,no,no,no,telephone,may,tue,92.0,1,999,0,nonexistent,no
7919,45,blue-collar,single,basic.9y,no,yes,no,cellular,aug,wed,249.0,1,4,1,success,no
7920,39,blue-collar,married,basic.9y,no,yes,no,telephone,oct,fri,112.0,1,999,0,nonexistent,yes
7921,31,admin.,married,high.school,no,unknown,unknown,telephone,jun,wed,360.0,2,999,0,nonexistent,no
7922,45,unemployed,married,basic.6y,unknown,no,no,cellular,jul,wed,91.0,3,999,0,nonexistent,no
7923,36,technician,married,university.degree,no,unknown,unknown,cellular,aug,fri,248.0,1,999,0,nonexistent,no
7924,32,admin.,married,university.degree,no,yes,no,cellular,may,mon,188.0,2,999,0,nonexistent,no
7925,30,blue-collar,married,basic.4y,no,yes,no,cellular,may,thu,219.0,2,999,0,nonexistent,no
7926,51,housemaid,married,basic.4y,unknown,yes,no,cellular,jul,fri,135.0,2,999,0,nonexistent,no
7927,37,technician,married,professional.course,no,no,no,cellular,nov,tue,91.0,1,999,0,nonexistent,no
7928,42,housemaid,married,high.school,no,no,no,telephone,may,tue,205.0,2,999,0,nonexistent,no
7929,20,student,single,high.school,no,yes,no,cellular,jul,mon,100.0,4,999,0,nonexistent,no
7930,49,technician,married,basic.9y,unknown,yes,no,cellular,jul,wed,117.0,17,999,0,nonexistent,no
7931,27,blue-collar,married,basic.9y,unknown,yes,no,cellular,apr,mon,294.0,2,999,0,nonexistent,no
7932,31,blue-collar,married,basic.6y,no,yes,no,telephone,may,fri,364.0,2,999,0,nonexistent,no
7933,39,blue-collar,married,basic.9y,unknown,no,yes,telephone,may,fri,97.0,3,999,0,nonexistent,no
7934,51,blue-collar,married,basic.9y,no,yes,no,cellular,apr,mon,104.0,4,999,0,nonexistent,no
7935,57,retired,divorced,basic.9y,no,yes,no,cellular,may,tue,69.0,3,999,1,failure,no
7936,33,admin.,married,university.degree,no,unknown,unknown,cellular,aug,fri,227.0,1,999,0,nonexistent,no
7937,26,blue-collar,single,basic.4y,no,yes,yes,telephone,jun,mon,41.0,1,999,0,nonexistent,no
7938,31,admin.,married,university.degree,no,yes,yes,cellular,may,thu,148.0,2,999,1,failure,no
7939,38,admin.,single,university.degree,no,yes,no,cellular,may,fri,132.0,1,999,0,nonexistent,no
7940,49,technician,single,university.degree,unknown,yes,no,telephone,may,wed,56.0,1,999,0,nonexistent,no
7941,36,blue-collar,married,basic.6y,no,yes,no,cellular,jul,tue,864.0,4,999,0,nonexistent,yes
7942,38,self-employed,married,basic.9y,no,no,yes,telephone,may,wed,355.0,4,999,0,nonexistent,no
7943,27,admin.,single,university.degree,no,no,no,cellular,aug,fri,562.0,2,3,3,success,yes
7944,33,blue-collar,married,basic.9y,no,yes,no,cellular,apr,fri,135.0,1,999,1,failure,no
7945,38,blue-collar,married,basic.4y,no,no,no,cellular,nov,thu,190.0,5,999,1,failure,no
7946,32,services,married,high.school,unknown,yes,no,telephone,jun,wed,833.0,2,999,0,nonexistent,no
7947,35,blue-collar,married,high.school,no,yes,no,cellular,may,tue,25.0,1,999,1,failure,no
7948,48,blue-collar,divorced,basic.4y,no,yes,no,cellular,nov,fri,456.0,1,999,1,failure,no
7949,30,admin.,married,high.school,no,yes,no,telephone,jun,tue,266.0,10,999,0,nonexistent,no
7950,42,management,divorced,unknown,no,no,no,cellular,aug,wed,251.0,2,15,2,failure,no
7951,60,admin.,married,high.school,no,no,yes,telephone,may,mon,87.0,2,999,0,nonexistent,no
7952,28,admin.,single,high.school,no,no,no,cellular,jun,mon,491.0,2,999,0,nonexistent,yes
7953,26,admin.,single,university.degree,no,no,no,cellular,jul,wed,203.0,4,999,0,nonexistent,no
7954,31,blue-collar,married,basic.9y,no,unknown,unknown,telephone,may,mon,163.0,2,999,0,nonexistent,no
7955,38,technician,married,basic.9y,no,no,no,telephone,jun,thu,129.0,2,999,0,nonexistent,no
7956,49,management,married,university.degree,no,yes,no,cellular,apr,thu,210.0,3,999,0,nonexistent,no
7957,29,self-employed,married,university.degree,unknown,yes,no,telephone,may,tue,121.0,1,999,0,nonexistent,no
7958,49,admin.,single,high.school,no,no,no,telephone,may,tue,363.0,5,999,0,nonexistent,no
7959,40,services,married,high.school,no,yes,no,telephone,oct,tue,144.0,1,999,1,failure,yes
7960,33,technician,single,professional.course,no,no,yes,cellular,aug,fri,100.0,5,999,0,nonexistent,no
7961,31,admin.,married,university.degree,no,no,no,cellular,aug,thu,23.0,8,999,0,nonexistent,no
7962,47,services,married,high.school,unknown,yes,yes,telephone,jun,wed,161.0,2,999,0,nonexistent,no
7963,29,admin.,single,university.degree,no,no,no,cellular,sep,tue,600.0,2,3,3,success,yes
7964,45,admin.,single,high.school,no,yes,no,cellular,may,tue,318.0,3,999,0,nonexistent,no
7965,60,management,married,unknown,no,yes,no,cellular,may,thu,336.0,3,3,5,success,yes
7966,46,services,married,high.school,no,yes,no,cellular,jul,mon,170.0,3,999,0,nonexistent,no
7967,49,technician,married,high.school,no,yes,no,cellular,may,mon,143.0,1,999,0,nonexistent,no
7968,51,blue-collar,married,basic.6y,unknown,yes,no,telephone,may,wed,271.0,2,999,0,nonexistent,no
7969,33,blue-collar,married,basic.4y,unknown,no,no,telephone,may,tue,210.0,1,999,0,nonexistent,no
7970,65,unknown,married,unknown,no,yes,no,cellular,jun,thu,301.0,2,4,2,success,yes
7971,33,admin.,married,university.degree,no,yes,no,telephone,may,wed,174.0,2,999,0,nonexistent,no
7972,60,retired,divorced,basic.4y,unknown,yes,no,telephone,may,tue,135.0,5,999,0,nonexistent,no
7973,52,technician,married,professional.course,no,no,no,cellular,jun,mon,130.0,5,999,0,nonexistent,no
7974,56,admin.,married,basic.9y,no,no,yes,cellular,may,thu,225.0,2,999,1,failure,no
7975,39,housemaid,married,basic.4y,no,yes,yes,cellular,aug,fri,215.0,1,999,0,nonexistent,no
7976,29,technician,single,university.degree,unknown,no,yes,cellular,aug,tue,137.0,2,999,0,nonexistent,no
7977,47,blue-collar,divorced,basic.4y,unknown,no,no,cellular,may,tue,178.0,3,999,1,failure,no
7978,39,blue-collar,married,basic.6y,no,yes,no,telephone,may,mon,297.0,1,999,0,nonexistent,no
7979,38,blue-collar,married,basic.6y,no,yes,no,telephone,may,thu,176.0,2,999,0,nonexistent,no
7980,45,admin.,married,basic.9y,unknown,yes,no,telephone,jun,thu,60.0,1,999,0,nonexistent,no
7981,35,technician,single,professional.course,no,yes,yes,cellular,aug,wed,63.0,4,999,0,nonexistent,no
7982,42,admin.,single,high.school,no,yes,no,cellular,nov,mon,86.0,1,999,1,failure,no
7983,40,admin.,married,unknown,no,no,no,telephone,may,thu,387.0,4,999,0,nonexistent,no
7984,40,admin.,married,professional.course,unknown,no,no,telephone,jun,thu,168.0,1,999,0,nonexistent,no
7985,44,self-employed,single,professional.course,no,no,no,cellular,may,mon,230.0,6,12,1,success,no
7986,52,entrepreneur,married,basic.6y,no,yes,no,cellular,may,mon,69.0,1,999,0,nonexistent,no
7987,48,admin.,divorced,high.school,no,yes,no,cellular,may,thu,265.0,1,999,0,nonexistent,no
7988,39,blue-collar,married,basic.6y,unknown,no,no,telephone,may,thu,286.0,3,999,0,nonexistent,no
7989,45,blue-collar,married,basic.9y,unknown,yes,no,cellular,apr,tue,269.0,3,999,1,failure,no
7990,35,blue-collar,married,unknown,no,no,no,telephone,jun,tue,26.0,7,999,0,nonexistent,no
7991,36,technician,single,high.school,unknown,no,no,cellular,aug,mon,65.0,2,999,0,nonexistent,no
7992,45,blue-collar,single,basic.9y,no,no,no,cellular,oct,tue,845.0,1,999,2,failure,no
7993,29,admin.,single,professional.course,no,yes,no,cellular,apr,thu,130.0,2,999,0,nonexistent,no
7994,38,services,married,high.school,no,no,no,telephone,may,wed,483.0,2,999,0,nonexistent,no
7995,33,blue-collar,single,basic.9y,no,yes,no,telephone,jun,wed,18.0,1,999,0,nonexistent,no
7996,35,admin.,married,university.degree,unknown,no,no,cellular,aug,fri,70.0,1,999,0,nonexistent,no
7997,36,admin.,single,university.degree,no,yes,no,cellular,may,tue,260.0,2,999,0,nonexistent,no
7998,41,technician,divorced,high.school,no,yes,no,cellular,jul,mon,521.0,1,999,0,nonexistent,no
7999,49,housemaid,married,basic.4y,no,no,no,telephone,may,tue,283.0,3,999,0,nonexistent,no
8000,39,blue-collar,married,professional.course,no,no,no,cellular,nov,mon,407.0,1,999,0,nonexistent,no
8001,42,admin.,married,university.degree,no,no,yes,telephone,may,mon,262.0,2,999,0,nonexistent,no
8002,56,management,married,university.degree,no,no,no,cellular,jul,tue,442.0,2,999,0,nonexistent,no
8003,71,retired,married,high.school,no,yes,no,telephone,sep,wed,232.0,1,999,2,failure,no
8004,81,unknown,divorced,unknown,unknown,yes,no,cellular,nov,mon,263.0,1,999,1,failure,yes
8005,43,unemployed,married,basic.4y,no,no,no,telephone,may,wed,275.0,4,999,0,nonexistent,no
8006,45,blue-collar,married,basic.4y,unknown,yes,no,telephone,may,thu,116.0,1,999,0,nonexistent,no
8007,28,unemployed,single,high.school,no,no,no,cellular,apr,mon,97.0,1,999,0,nonexistent,yes
8008,53,admin.,married,high.school,no,no,no,telephone,jun,tue,138.0,2,999,0,nonexistent,no
8009,27,services,single,high.school,unknown,no,no,telephone,may,thu,144.0,2,999,0,nonexistent,no
8010,26,admin.,single,high.school,no,unknown,unknown,cellular,nov,mon,347.0,1,999,0,nonexistent,yes
8011,56,housemaid,married,basic.4y,no,yes,no,telephone,may,fri,81.0,2,999,0,nonexistent,no
8012,46,technician,single,basic.9y,no,no,no,cellular,apr,thu,221.0,2,999,1,failure,no
8013,26,student,single,high.school,no,no,no,cellular,mar,thu,200.0,1,999,0,nonexistent,yes
8014,26,admin.,single,high.school,no,no,no,telephone,may,fri,619.0,2,999,0,nonexistent,yes
8015,31,technician,single,professional.course,no,no,no,cellular,aug,fri,193.0,2,999,0,nonexistent,yes
8016,29,management,single,basic.9y,no,yes,no,telephone,jul,fri,11.0,1,999,0,nonexistent,no
8017,33,management,single,university.degree,no,no,no,cellular,nov,thu,2420.0,3,999,0,nonexistent,yes
8018,45,blue-collar,married,basic.9y,no,no,no,cellular,nov,fri,126.0,2,999,1,failure,no
8019,31,admin.,married,university.degree,no,no,no,cellular,aug,mon,74.0,4,999,0,nonexistent,no
8020,34,admin.,single,university.degree,unknown,no,no,cellular,jul,wed,212.0,2,999,0,nonexistent,no
8021,58,self-employed,divorced,professional.course,no,yes,no,telephone,jun,thu,430.0,1,999,0,nonexistent,no
8022,30,entrepreneur,married,university.degree,no,no,no,telephone,oct,fri,223.0,1,999,0,nonexistent,yes
8023,29,admin.,married,university.degree,no,no,no,cellular,jul,wed,319.0,5,999,0,nonexistent,no
8024,41,admin.,divorced,university.degree,no,yes,no,cellular,aug,thu,339.0,3,999,0,nonexistent,no
8025,41,blue-collar,married,high.school,no,yes,no,cellular,apr,mon,53.0,1,999,1,failure,no
8026,36,admin.,married,university.degree,no,yes,no,cellular,aug,mon,103.0,3,999,0,nonexistent,no
8027,35,admin.,single,university.degree,no,no,yes,cellular,may,fri,174.0,2,999,0,nonexistent,no
8028,43,blue-collar,married,basic.6y,no,yes,no,cellular,may,tue,286.0,1,999,1,failure,no
8029,48,admin.,married,university.degree,unknown,yes,yes,cellular,aug,wed,523.0,1,999,0,nonexistent,no
8030,28,blue-collar,married,basic.4y,no,no,no,cellular,may,mon,87.0,2,999,0,nonexistent,no
8031,42,blue-collar,married,high.school,unknown,yes,no,telephone,jun,tue,94.0,2,999,0,nonexistent,no
8032,32,blue-collar,married,basic.9y,no,no,no,cellular,jul,thu,79.0,3,999,0,nonexistent,no
8033,56,housemaid,married,university.degree,no,yes,no,cellular,apr,mon,148.0,1,999,0,nonexistent,yes
8034,30,admin.,divorced,high.school,no,yes,no,cellular,nov,wed,114.0,1,999,0,nonexistent,no
8035,54,blue-collar,married,basic.4y,unknown,no,no,telephone,may,mon,166.0,3,999,0,nonexistent,no
8036,50,technician,single,university.degree,no,yes,no,cellular,aug,thu,178.0,5,999,0,nonexistent,no
8037,31,management,single,basic.9y,no,yes,no,cellular,jul,tue,123.0,4,999,0,nonexistent,no
8038,51,housemaid,married,basic.4y,no,yes,no,telephone,jul,thu,179.0,4,999,0,nonexistent,no
8039,35,blue-collar,married,unknown,unknown,yes,no,cellular,jul,tue,527.0,1,999,0,nonexistent,no
8040,54,technician,married,high.school,no,yes,no,telephone,jun,fri,47.0,2,999,0,nonexistent,no
8041,48,technician,married,professional.course,unknown,yes,no,cellular,may,wed,274.0,1,999,0,nonexistent,no
8042,35,blue-collar,married,unknown,no,no,no,telephone,may,fri,100.0,2,999,0,nonexistent,no
8043,49,blue-collar,divorced,unknown,unknown,yes,no,cellular,jul,wed,206.0,2,999,0,nonexistent,no
8044,39,technician,single,high.school,unknown,yes,no,cellular,aug,mon,124.0,6,999,0,nonexistent,no
8045,38,technician,single,professional.course,no,yes,no,cellular,aug,tue,114.0,1,999,0,nonexistent,no
8046,34,technician,married,professional.course,unknown,yes,no,cellular,jul,wed,75.0,5,999,0,nonexistent,no
8047,51,technician,married,university.degree,unknown,no,no,cellular,aug,fri,82.0,1,999,0,nonexistent,no
8048,38,blue-collar,single,basic.6y,no,no,no,cellular,nov,wed,520.0,1,999,0,nonexistent,no
8049,48,admin.,married,university.degree,unknown,yes,no,cellular,aug,tue,229.0,2,999,0,nonexistent,no
8050,36,blue-collar,married,basic.9y,no,yes,no,cellular,may,thu,265.0,1,999,0,nonexistent,no
8051,31,services,single,high.school,no,yes,no,cellular,jul,fri,455.0,2,999,0,nonexistent,no
8052,34,unemployed,married,university.degree,unknown,yes,no,cellular,aug,mon,452.0,2,999,0,nonexistent,no
8053,60,admin.,married,unknown,no,no,no,cellular,nov,tue,333.0,2,999,0,nonexistent,no
8054,32,technician,divorced,high.school,no,yes,no,telephone,may,tue,120.0,1,999,0,nonexistent,no
8055,43,management,divorced,university.degree,no,yes,no,cellular,jul,tue,76.0,1,999,0,nonexistent,no
8056,48,admin.,married,university.degree,no,no,no,cellular,nov,fri,66.0,3,999,0,nonexistent,no
8057,30,blue-collar,married,basic.6y,no,yes,yes,telephone,jul,wed,329.0,3,999,0,nonexistent,no
8058,49,management,married,university.degree,no,yes,no,cellular,apr,thu,44.0,1,999,0,nonexistent,no
8059,57,blue-collar,married,basic.4y,unknown,no,no,telephone,jun,tue,332.0,5,999,0,nonexistent,no
8060,28,services,single,professional.course,no,no,no,telephone,may,thu,210.0,2,999,0,nonexistent,no
8061,41,technician,divorced,professional.course,no,yes,yes,cellular,aug,thu,100.0,2,999,0,nonexistent,no
8062,29,admin.,single,university.degree,no,yes,no,cellular,aug,fri,79.0,3,999,0,nonexistent,no
8063,40,admin.,married,university.degree,unknown,no,no,cellular,nov,mon,890.0,1,999,0,nonexistent,yes
8064,31,management,single,university.degree,no,no,no,cellular,aug,mon,413.0,1,999,0,nonexistent,no
8065,54,technician,divorced,university.degree,no,yes,no,cellular,may,wed,57.0,2,999,1,failure,no
8066,46,technician,married,university.degree,no,yes,no,telephone,may,fri,170.0,4,999,0,nonexistent,no
8067,25,student,single,unknown,unknown,yes,no,cellular,aug,fri,81.0,1,999,1,failure,no
8068,27,blue-collar,married,basic.9y,no,yes,no,telephone,may,wed,164.0,2,999,0,nonexistent,no
8069,39,management,married,university.degree,no,yes,no,telephone,jun,mon,157.0,2,999,0,nonexistent,no
8070,30,housemaid,married,high.school,unknown,yes,no,telephone,may,fri,67.0,13,999,0,nonexistent,no
8071,49,services,married,basic.6y,no,yes,no,cellular,nov,wed,772.0,2,999,0,nonexistent,no
8072,35,technician,married,professional.course,no,yes,yes,cellular,may,wed,137.0,1,999,1,failure,no
8073,43,admin.,single,high.school,no,yes,no,cellular,may,thu,304.0,1,999,0,nonexistent,no
8074,45,technician,divorced,professional.course,unknown,unknown,unknown,cellular,aug,wed,170.0,3,999,0,nonexistent,no
8075,41,technician,single,university.degree,unknown,yes,yes,telephone,jun,mon,378.0,1,999,0,nonexistent,no
8076,66,retired,single,university.degree,no,yes,no,cellular,apr,tue,411.0,1,999,0,nonexistent,no
8077,74,retired,divorced,basic.4y,no,no,yes,cellular,apr,mon,184.0,2,14,2,failure,no
8078,32,technician,married,unknown,unknown,no,no,telephone,may,tue,274.0,1,999,0,nonexistent,no
8079,32,blue-collar,single,basic.6y,no,no,no,cellular,apr,mon,87.0,4,999,0,nonexistent,no
8080,54,technician,married,professional.course,unknown,no,yes,cellular,jul,thu,157.0,1,999,0,nonexistent,no
8081,35,entrepreneur,married,basic.9y,no,no,no,telephone,may,fri,399.0,3,999,0,nonexistent,no
8082,38,management,married,high.school,no,yes,no,cellular,jul,mon,54.0,8,999,0,nonexistent,no
8083,33,admin.,married,high.school,no,yes,no,telephone,may,thu,41.0,1,999,0,nonexistent,no
8084,49,blue-collar,married,basic.6y,no,no,no,cellular,aug,mon,383.0,3,999,0,nonexistent,no
8085,46,admin.,married,university.degree,unknown,no,no,cellular,aug,mon,143.0,2,999,0,nonexistent,no
8086,42,services,married,high.school,no,yes,no,cellular,may,fri,120.0,1,999,0,nonexistent,no
8087,32,services,married,high.school,no,no,no,telephone,may,tue,181.0,1,999,0,nonexistent,no
8088,41,technician,married,professional.course,no,no,no,telephone,jun,fri,268.0,3,999,0,nonexistent,no
8089,25,unemployed,single,high.school,no,no,no,cellular,aug,tue,188.0,1,3,3,success,no
8090,22,self-employed,single,professional.course,no,yes,no,cellular,oct,wed,218.0,1,999,0,nonexistent,yes
8091,34,management,married,university.degree,no,no,yes,cellular,nov,thu,116.0,1,999,0,nonexistent,no
8092,44,blue-collar,married,basic.9y,unknown,no,no,cellular,apr,thu,361.0,1,999,0,nonexistent,no
8093,41,admin.,single,unknown,no,yes,yes,telephone,may,mon,1111.0,3,999,0,nonexistent,yes
8094,34,admin.,single,university.degree,no,no,no,telephone,mar,tue,225.0,1,3,1,success,yes
8095,32,blue-collar,married,basic.9y,no,yes,no,cellular,may,thu,83.0,2,999,0,nonexistent,no
8096,25,blue-collar,single,basic.9y,no,yes,yes,telephone,jun,thu,112.0,4,999,0,nonexistent,no
8097,45,blue-collar,divorced,basic.9y,no,no,yes,cellular,jul,mon,194.0,2,999,0,nonexistent,no
8098,36,admin.,married,university.degree,unknown,no,no,cellular,aug,tue,97.0,3,999,0,nonexistent,no
8099,25,technician,single,university.degree,no,no,yes,telephone,jul,wed,355.0,3,999,0,nonexistent,no
8100,38,admin.,married,high.school,no,yes,no,cellular,aug,mon,106.0,1,999,1,failure,no
8101,25,admin.,single,unknown,no,no,no,telephone,may,fri,60.0,1,999,0,nonexistent,no
8102,28,blue-collar,single,professional.course,no,yes,no,cellular,may,mon,113.0,1,999,0,nonexistent,no
8103,33,admin.,single,university.degree,no,no,no,cellular,nov,thu,757.0,2,999,0,nonexistent,no
8104,44,blue-collar,divorced,basic.9y,no,yes,no,cellular,may,tue,494.0,1,999,0,nonexistent,no
8105,49,admin.,married,high.school,no,no,no,telephone,may,tue,157.0,2,999,0,nonexistent,no
8106,44,admin.,married,professional.course,no,yes,no,cellular,aug,fri,122.0,1,999,0,nonexistent,no
8107,31,technician,married,professional.course,no,no,no,telephone,may,tue,179.0,3,999,0,nonexistent,no
8108,45,services,single,unknown,no,no,no,telephone,apr,fri,541.0,1,999,0,nonexistent,yes
8109,44,blue-collar,married,basic.6y,no,yes,no,cellular,nov,fri,11.0,4,999,0,nonexistent,no
8110,57,blue-collar,divorced,professional.course,no,no,no,telephone,may,wed,106.0,1,999,0,nonexistent,no
8111,34,technician,married,professional.course,no,yes,no,cellular,nov,mon,93.0,1,999,1,failure,no
8112,27,admin.,single,university.degree,no,no,no,telephone,may,mon,106.0,2,999,0,nonexistent,no
8113,34,blue-collar,married,basic.9y,no,no,no,telephone,jun,mon,227.0,15,999,0,nonexistent,no
8114,29,technician,single,university.degree,no,no,no,telephone,nov,mon,360.0,1,3,2,success,yes
8115,53,admin.,married,basic.9y,no,yes,yes,cellular,may,wed,674.0,1,999,0,nonexistent,yes
8116,60,retired,married,basic.4y,no,unknown,unknown,cellular,oct,fri,272.0,1,10,3,failure,no
8117,39,entrepreneur,married,basic.6y,no,yes,no,cellular,sep,tue,265.0,2,16,1,success,yes
8118,27,housemaid,single,university.degree,no,yes,no,cellular,may,tue,9.0,9,999,0,nonexistent,no
8119,31,admin.,married,high.school,no,no,no,telephone,jun,thu,952.0,4,999,0,nonexistent,yes
8120,28,blue-collar,married,basic.9y,unknown,yes,no,cellular,may,mon,163.0,2,999,0,nonexistent,no
8121,33,services,single,basic.6y,unknown,no,no,cellular,may,wed,85.0,4,999,0,nonexistent,no
8122,36,admin.,married,high.school,no,yes,no,cellular,nov,mon,88.0,2,999,0,nonexistent,no
8123,59,admin.,divorced,professional.course,no,yes,no,telephone,aug,tue,91.0,1,999,1,failure,no
8124,27,housemaid,single,high.school,no,no,no,cellular,jul,wed,293.0,2,999,0,nonexistent,no
8125,36,entrepreneur,married,university.degree,no,no,no,cellular,jul,wed,638.0,2,999,0,nonexistent,yes
8126,40,admin.,married,university.degree,no,yes,no,cellular,aug,mon,296.0,4,999,0,nonexistent,no
8127,27,blue-collar,married,basic.4y,no,yes,no,telephone,jun,thu,75.0,3,999,0,nonexistent,no
8128,31,admin.,married,university.degree,no,no,no,cellular,aug,wed,209.0,1,999,0,nonexistent,no
8129,49,blue-collar,married,basic.9y,unknown,no,no,cellular,nov,wed,227.0,4,999,0,nonexistent,no
8130,60,admin.,married,university.degree,no,no,no,telephone,jun,wed,1574.0,3,999,0,nonexistent,yes
8131,37,admin.,married,unknown,no,no,no,telephone,may,mon,89.0,3,999,0,nonexistent,no
8132,24,blue-collar,married,basic.9y,no,unknown,unknown,cellular,jul,wed,781.0,1,999,0,nonexistent,yes
8133,37,blue-collar,divorced,basic.9y,no,yes,yes,telephone,jun,mon,332.0,2,999,0,nonexistent,no
8134,41,technician,single,university.degree,unknown,yes,no,telephone,may,thu,90.0,1,999,0,nonexistent,no
8135,31,self-employed,single,professional.course,no,yes,no,cellular,aug,mon,215.0,3,999,0,nonexistent,no
8136,40,management,married,high.school,no,yes,yes,cellular,may,fri,230.0,1,999,0,nonexistent,no
8137,50,blue-collar,married,basic.4y,no,no,no,cellular,aug,mon,123.0,2,15,1,success,no
8138,42,entrepreneur,single,university.degree,no,yes,no,cellular,nov,wed,145.0,2,999,0,nonexistent,no
8139,34,admin.,married,university.degree,no,no,no,cellular,may,fri,377.0,1,999,0,nonexistent,no
8140,75,retired,married,basic.9y,no,no,no,cellular,mar,mon,293.0,2,999,1,failure,yes
8141,38,technician,married,professional.course,no,no,no,cellular,jul,thu,561.0,2,999,0,nonexistent,no
8142,53,self-employed,divorced,basic.4y,no,no,no,cellular,may,mon,82.0,2,999,0,nonexistent,no
8143,43,blue-collar,single,basic.9y,no,yes,no,telephone,may,wed,112.0,7,999,0,nonexistent,no
8144,36,admin.,married,university.degree,no,yes,no,telephone,apr,mon,5.0,3,999,1,failure,no
8145,34,technician,married,university.degree,no,no,no,cellular,jul,thu,76.0,1,999,0,nonexistent,no
8146,47,entrepreneur,married,university.degree,no,no,no,cellular,may,fri,376.0,2,999,0,nonexistent,no
8147,41,services,married,high.school,no,unknown,unknown,telephone,jun,wed,707.0,1,999,0,nonexistent,yes
8148,36,housemaid,married,basic.6y,no,no,no,cellular,aug,mon,104.0,9,999,0,nonexistent,no
8149,46,services,divorced,high.school,no,no,no,cellular,jul,tue,69.0,5,999,0,nonexistent,no
8150,42,blue-collar,married,basic.9y,no,no,no,cellular,may,tue,334.0,1,999,1,failure,no
8151,53,technician,divorced,professional.course,no,no,no,cellular,jul,tue,124.0,1,999,0,nonexistent,no
8152,57,management,married,university.degree,no,yes,no,cellular,aug,thu,203.0,17,999,0,nonexistent,no
8153,47,technician,married,professional.course,unknown,no,no,telephone,may,fri,261.0,6,999,0,nonexistent,no
8154,36,admin.,married,university.degree,no,no,no,telephone,may,tue,215.0,1,999,0,nonexistent,no
8155,28,blue-collar,single,basic.9y,no,no,no,telephone,may,mon,404.0,1,999,0,nonexistent,no
8156,35,technician,married,professional.course,no,no,no,telephone,may,wed,161.0,2,999,0,nonexistent,no
8157,24,admin.,single,university.degree,no,no,no,cellular,aug,thu,147.0,1,999,1,failure,no
8158,30,admin.,single,university.degree,no,yes,no,cellular,jul,tue,101.0,2,999,0,nonexistent,no
8159,40,services,married,high.school,unknown,yes,no,cellular,may,mon,182.0,5,999,0,nonexistent,no
8160,53,technician,married,professional.course,unknown,yes,no,cellular,aug,thu,70.0,4,999,0,nonexistent,no
8161,72,retired,married,professional.course,no,no,no,cellular,sep,wed,1.0,1,999,1,failure,no
8162,37,self-employed,married,basic.9y,no,yes,yes,cellular,jul,thu,171.0,1,999,0,nonexistent,no
8163,42,services,single,unknown,no,yes,no,telephone,jun,thu,626.0,2,999,0,nonexistent,no
8164,25,technician,single,basic.9y,no,no,no,telephone,jun,fri,800.0,2,999,0,nonexistent,no
8165,48,housemaid,divorced,basic.4y,unknown,yes,yes,telephone,may,thu,123.0,4,999,0,nonexistent,no
8166,48,services,married,high.school,unknown,no,no,telephone,jun,thu,136.0,2,999,0,nonexistent,no
8167,30,admin.,married,unknown,no,yes,yes,telephone,jun,mon,76.0,1,999,0,nonexistent,no
8168,43,unemployed,married,basic.9y,no,yes,no,telephone,may,thu,305.0,2,999,0,nonexistent,no
8169,24,student,single,high.school,no,no,yes,cellular,apr,thu,209.0,1,999,0,nonexistent,yes
8170,38,entrepreneur,married,university.degree,no,unknown,unknown,cellular,aug,fri,188.0,5,999,0,nonexistent,no
8171,23,blue-collar,married,basic.4y,no,no,no,cellular,may,thu,720.0,1,999,1,failure,no
8172,43,technician,married,professional.course,no,yes,no,telephone,may,tue,225.0,1,999,0,nonexistent,no
8173,38,management,married,high.school,no,no,no,telephone,may,tue,776.0,1,999,0,nonexistent,no
8174,36,technician,married,professional.course,no,no,no,cellular,aug,tue,205.0,5,999,0,nonexistent,no
8175,43,blue-collar,married,basic.9y,no,unknown,unknown,telephone,jun,fri,37.0,1,999,0,nonexistent,no
8176,37,technician,single,professional.course,no,yes,no,cellular,nov,wed,226.0,1,6,4,success,yes
8177,43,blue-collar,married,basic.9y,no,no,no,telephone,jun,wed,793.0,3,999,0,nonexistent,no
8178,31,entrepreneur,single,basic.9y,no,no,no,telephone,jun,mon,1248.0,3,999,0,nonexistent,yes
8179,70,retired,married,basic.4y,no,no,no,cellular,apr,wed,86.0,1,999,0,nonexistent,no
8180,45,technician,married,professional.course,unknown,yes,yes,cellular,aug,thu,242.0,5,999,0,nonexistent,no
8181,46,technician,divorced,professional.course,no,yes,no,cellular,aug,thu,81.0,6,999,0,nonexistent,no
8182,60,blue-collar,married,basic.9y,no,yes,no,cellular,may,mon,193.0,1,999,1,failure,yes
8183,41,technician,married,professional.course,no,no,no,cellular,aug,mon,341.0,2,999,0,nonexistent,no
8184,45,technician,divorced,professional.course,no,yes,no,cellular,aug,mon,112.0,2,999,0,nonexistent,no
8185,39,technician,married,professional.course,no,yes,yes,cellular,aug,wed,657.0,6,999,0,nonexistent,yes
8186,29,blue-collar,married,basic.9y,unknown,yes,no,telephone,may,wed,337.0,2,999,0,nonexistent,no
8187,46,technician,divorced,professional.course,no,no,no,cellular,jul,wed,187.0,3,999,0,nonexistent,no
8188,39,technician,divorced,university.degree,no,no,yes,telephone,oct,mon,2016.0,1,999,0,nonexistent,yes
8189,35,technician,single,professional.course,no,yes,no,cellular,aug,wed,75.0,6,999,0,nonexistent,no
8190,53,services,married,high.school,no,yes,no,telephone,may,wed,413.0,6,999,0,nonexistent,no
8191,36,self-employed,married,basic.9y,no,yes,yes,cellular,nov,thu,151.0,3,999,0,nonexistent,no
8192,38,admin.,married,university.degree,no,yes,no,telephone,may,tue,802.0,1,999,0,nonexistent,no
8193,52,admin.,divorced,basic.9y,no,no,yes,cellular,may,mon,639.0,2,999,0,nonexistent,yes
8194,57,admin.,married,basic.6y,no,yes,no,cellular,may,fri,100.0,1,999,0,nonexistent,no
8195,34,blue-collar,married,professional.course,no,no,yes,cellular,aug,tue,150.0,4,999,0,nonexistent,no
8196,38,entrepreneur,married,basic.9y,no,no,no,cellular,nov,thu,158.0,5,999,0,nonexistent,no
8197,37,technician,married,high.school,unknown,yes,no,cellular,aug,tue,76.0,2,999,0,nonexistent,no
8198,32,blue-collar,single,basic.9y,no,yes,no,cellular,jul,tue,56.0,4,999,0,nonexistent,no
8199,42,retired,married,basic.4y,no,no,no,telephone,may,tue,145.0,1,999,0,nonexistent,no
8200,33,admin.,divorced,university.degree,no,yes,no,cellular,aug,mon,73.0,1,999,0,nonexistent,no
8201,42,services,married,basic.6y,no,no,no,cellular,jul,tue,376.0,3,999,0,nonexistent,no
8202,50,management,divorced,university.degree,no,no,no,cellular,nov,fri,202.0,1,999,1,failure,no
8203,32,management,married,university.degree,no,yes,no,cellular,aug,tue,377.0,1,999,0,nonexistent,no
8204,32,admin.,married,university.degree,no,no,no,telephone,jul,thu,136.0,1,999,0,nonexistent,no
8205,49,blue-collar,married,basic.4y,unknown,yes,no,telephone,may,wed,487.0,5,999,0,nonexistent,no
8206,32,blue-collar,married,basic.9y,no,no,no,telephone,may,tue,1224.0,8,999,0,nonexistent,no
8207,34,blue-collar,married,basic.9y,no,yes,no,telephone,jun,thu,335.0,2,999,0,nonexistent,no
8208,56,entrepreneur,married,university.degree,no,yes,no,telephone,apr,thu,141.0,1,999,0,nonexistent,no
8209,49,unemployed,married,basic.4y,unknown,yes,no,cellular,may,wed,804.0,1,999,0,nonexistent,no
8210,58,admin.,divorced,university.degree,no,yes,no,telephone,may,fri,628.0,2,999,0,nonexistent,yes
8211,48,services,married,basic.6y,no,no,no,cellular,sep,mon,188.0,2,999,0,nonexistent,yes
8212,63,management,married,basic.4y,unknown,yes,no,cellular,nov,tue,131.0,4,999,2,failure,yes
8213,50,management,married,high.school,no,yes,yes,cellular,nov,tue,174.0,3,999,0,nonexistent,no
8214,53,admin.,married,university.degree,no,yes,no,telephone,may,mon,208.0,2,999,0,nonexistent,no
8215,32,blue-collar,married,basic.9y,no,no,no,telephone,may,fri,559.0,3,999,0,nonexistent,no
8216,35,blue-collar,married,high.school,no,no,no,cellular,may,tue,895.0,1,999,0,nonexistent,yes
8217,34,technician,married,university.degree,no,no,no,cellular,jul,thu,85.0,2,999,0,nonexistent,no
8218,40,technician,single,university.degree,no,no,no,cellular,nov,mon,141.0,3,999,0,nonexistent,no
8219,33,technician,married,professional.course,no,yes,no,cellular,may,fri,700.0,4,3,4,success,yes
8220,47,admin.,married,university.degree,unknown,unknown,unknown,cellular,jul,mon,135.0,3,999,0,nonexistent,no
8221,47,services,married,high.school,no,yes,yes,cellular,may,mon,398.0,1,999,1,failure,no
8222,44,blue-collar,married,professional.course,no,no,no,telephone,jun,mon,63.0,1,999,0,nonexistent,no
8223,41,admin.,single,university.degree,unknown,yes,yes,telephone,may,mon,186.0,6,999,0,nonexistent,no
8224,32,technician,single,professional.course,no,yes,no,cellular,jul,tue,479.0,1,999,0,nonexistent,no
8225,50,blue-collar,divorced,professional.course,no,yes,no,telephone,nov,tue,301.0,2,7,2,success,yes
8226,44,blue-collar,single,basic.4y,no,yes,no,telephone,jun,tue,159.0,1,999,0,nonexistent,no
8227,28,admin.,single,university.degree,no,yes,no,cellular,apr,thu,280.0,1,999,0,nonexistent,no
8228,38,management,single,university.degree,no,yes,no,cellular,nov,thu,262.0,3,999,0,nonexistent,no
8229,36,services,single,high.school,no,yes,yes,telephone,may,tue,188.0,1,999,0,nonexistent,no
8230,29,admin.,single,high.school,no,yes,yes,cellular,jul,wed,160.0,4,999,0,nonexistent,no
8231,50,blue-collar,married,professional.course,no,yes,yes,cellular,aug,tue,14.0,8,999,0,nonexistent,no
8232,31,blue-collar,single,basic.9y,no,yes,no,cellular,jul,tue,342.0,1,999,0,nonexistent,no
8233,36,services,single,high.school,no,no,no,cellular,may,fri,7.0,5,999,0,nonexistent,no
8234,54,blue-collar,married,basic.4y,no,no,no,cellular,jul,mon,54.0,1,999,0,nonexistent,no
8235,42,technician,married,professional.course,unknown,no,no,cellular,jul,mon,75.0,3,999,0,nonexistent,no
8236,45,technician,married,professional.course,unknown,no,no,cellular,aug,wed,128.0,1,999,0,nonexistent,no
8237,31,admin.,married,university.degree,no,yes,no,cellular,nov,thu,395.0,1,999,0,nonexistent,no
